OpenSTA 2.5.0 GITDIR-NOT Copyright (c) 2024, Parallax Software, Inc.
License GPLv3: GNU GPL version 3 <http://gnu.org/licenses/gpl.html>

This is free software, and you are free to change and redistribute it
under certain conditions; type `show_copying' for details. 
This program comes with ABSOLUTELY NO WARRANTY; for details type `show_warranty'.
define_corners Typical
read_liberty -corner Typical /home/briandeniz/.volare/sky130A/libs.ref/sky130_fd_sc_hd/lib/sky130_fd_sc_hd__tt_025C_1v80.lib
Using 1e-12 for capacitance...
Using 1e+03 for resistance...
Using 1e-09 for time...
Using 1e+00 for voltage...
Using 1e-03 for current...
Using 1e-09 for power...
Using 1e-06 for distance...
Reading netlist '/openlane/designs/TopCPU/runs/RUN_2025.06.04_20.13.44/results/synthesis/TopCPU.v'…
Reading design constraints file at '/openlane/designs/TopCPU/src/TopCPU.sdc'…
min_report

===========================================================================
report_checks -path_delay min (Hold)
============================================================================
======================= Typical Corner ===================================

Startpoint: _2718_ (rising edge-triggered flip-flop clocked by core_clock)
Endpoint: _2718_ (rising edge-triggered flip-flop clocked by core_clock)
Path Group: core_clock
Path Type: min

Fanout     Cap    Slew   Delay    Time   Description
-----------------------------------------------------------------------------
                  0.00    0.00    0.00   clock core_clock (rise edge)
                          0.00    0.00   clock network delay (ideal)
                  0.00    0.00    0.00 ^ _2718_/CLK (sky130_fd_sc_hd__dfxtp_2)
     2    0.00    0.04    0.29    0.29 ^ _2718_/Q (sky130_fd_sc_hd__dfxtp_2)
                                         regfile.regfile[7][1] (net)
                  0.04    0.00    0.29 ^ _2458_/A (sky130_fd_sc_hd__buf_1)
     1    0.00    0.04    0.07    0.36 ^ _2458_/X (sky130_fd_sc_hd__buf_1)
                                         _1191_ (net)
                  0.04    0.00    0.36 ^ _2459_/A (sky130_fd_sc_hd__buf_1)
     1    0.00    0.03    0.07    0.43 ^ _2459_/X (sky130_fd_sc_hd__buf_1)
                                         _0072_ (net)
                  0.03    0.00    0.43 ^ _2718_/D (sky130_fd_sc_hd__dfxtp_2)
                                  0.43   data arrival time

                  0.00    0.00    0.00   clock core_clock (rise edge)
                          0.00    0.00   clock network delay (ideal)
                          0.00    0.00   clock reconvergence pessimism
                                  0.00 ^ _2718_/CLK (sky130_fd_sc_hd__dfxtp_2)
                         -0.03   -0.03   library hold time
                                 -0.03   data required time
-----------------------------------------------------------------------------
                                 -0.03   data required time
                                 -0.43   data arrival time
-----------------------------------------------------------------------------
                                  0.47   slack (MET)


Startpoint: _2722_ (rising edge-triggered flip-flop clocked by core_clock)
Endpoint: _2722_ (rising edge-triggered flip-flop clocked by core_clock)
Path Group: core_clock
Path Type: min

Fanout     Cap    Slew   Delay    Time   Description
-----------------------------------------------------------------------------
                  0.00    0.00    0.00   clock core_clock (rise edge)
                          0.00    0.00   clock network delay (ideal)
                  0.00    0.00    0.00 ^ _2722_/CLK (sky130_fd_sc_hd__dfxtp_2)
     2    0.00    0.04    0.29    0.29 ^ _2722_/Q (sky130_fd_sc_hd__dfxtp_2)
                                         regfile.regfile[7][5] (net)
                  0.04    0.00    0.29 ^ _2466_/A (sky130_fd_sc_hd__buf_1)
     1    0.00    0.04    0.07    0.36 ^ _2466_/X (sky130_fd_sc_hd__buf_1)
                                         _1195_ (net)
                  0.04    0.00    0.36 ^ _2467_/A (sky130_fd_sc_hd__buf_1)
     1    0.00    0.03    0.07    0.43 ^ _2467_/X (sky130_fd_sc_hd__buf_1)
                                         _0076_ (net)
                  0.03    0.00    0.43 ^ _2722_/D (sky130_fd_sc_hd__dfxtp_2)
                                  0.43   data arrival time

                  0.00    0.00    0.00   clock core_clock (rise edge)
                          0.00    0.00   clock network delay (ideal)
                          0.00    0.00   clock reconvergence pessimism
                                  0.00 ^ _2722_/CLK (sky130_fd_sc_hd__dfxtp_2)
                         -0.03   -0.03   library hold time
                                 -0.03   data required time
-----------------------------------------------------------------------------
                                 -0.03   data required time
                                 -0.43   data arrival time
-----------------------------------------------------------------------------
                                  0.47   slack (MET)


Startpoint: _2725_ (rising edge-triggered flip-flop clocked by core_clock)
Endpoint: _2725_ (rising edge-triggered flip-flop clocked by core_clock)
Path Group: core_clock
Path Type: min

Fanout     Cap    Slew   Delay    Time   Description
-----------------------------------------------------------------------------
                  0.00    0.00    0.00   clock core_clock (rise edge)
                          0.00    0.00   clock network delay (ideal)
                  0.00    0.00    0.00 ^ _2725_/CLK (sky130_fd_sc_hd__dfxtp_2)
     2    0.00    0.04    0.29    0.29 ^ _2725_/Q (sky130_fd_sc_hd__dfxtp_2)
                                         regfile.regfile[7][8] (net)
                  0.04    0.00    0.29 ^ _2472_/A (sky130_fd_sc_hd__buf_1)
     1    0.00    0.04    0.07    0.36 ^ _2472_/X (sky130_fd_sc_hd__buf_1)
                                         _1198_ (net)
                  0.04    0.00    0.36 ^ _2473_/A (sky130_fd_sc_hd__buf_1)
     1    0.00    0.03    0.07    0.43 ^ _2473_/X (sky130_fd_sc_hd__buf_1)
                                         _0079_ (net)
                  0.03    0.00    0.43 ^ _2725_/D (sky130_fd_sc_hd__dfxtp_2)
                                  0.43   data arrival time

                  0.00    0.00    0.00   clock core_clock (rise edge)
                          0.00    0.00   clock network delay (ideal)
                          0.00    0.00   clock reconvergence pessimism
                                  0.00 ^ _2725_/CLK (sky130_fd_sc_hd__dfxtp_2)
                         -0.03   -0.03   library hold time
                                 -0.03   data required time
-----------------------------------------------------------------------------
                                 -0.03   data required time
                                 -0.43   data arrival time
-----------------------------------------------------------------------------
                                  0.47   slack (MET)


Startpoint: _2726_ (rising edge-triggered flip-flop clocked by core_clock)
Endpoint: _2726_ (rising edge-triggered flip-flop clocked by core_clock)
Path Group: core_clock
Path Type: min

Fanout     Cap    Slew   Delay    Time   Description
-----------------------------------------------------------------------------
                  0.00    0.00    0.00   clock core_clock (rise edge)
                          0.00    0.00   clock network delay (ideal)
                  0.00    0.00    0.00 ^ _2726_/CLK (sky130_fd_sc_hd__dfxtp_2)
     2    0.00    0.04    0.29    0.29 ^ _2726_/Q (sky130_fd_sc_hd__dfxtp_2)
                                         regfile.regfile[7][9] (net)
                  0.04    0.00    0.29 ^ _2474_/A (sky130_fd_sc_hd__buf_1)
     1    0.00    0.04    0.07    0.36 ^ _2474_/X (sky130_fd_sc_hd__buf_1)
                                         _1199_ (net)
                  0.04    0.00    0.36 ^ _2475_/A (sky130_fd_sc_hd__buf_1)
     1    0.00    0.03    0.07    0.43 ^ _2475_/X (sky130_fd_sc_hd__buf_1)
                                         _0080_ (net)
                  0.03    0.00    0.43 ^ _2726_/D (sky130_fd_sc_hd__dfxtp_2)
                                  0.43   data arrival time

                  0.00    0.00    0.00   clock core_clock (rise edge)
                          0.00    0.00   clock network delay (ideal)
                          0.00    0.00   clock reconvergence pessimism
                                  0.00 ^ _2726_/CLK (sky130_fd_sc_hd__dfxtp_2)
                         -0.03   -0.03   library hold time
                                 -0.03   data required time
-----------------------------------------------------------------------------
                                 -0.03   data required time
                                 -0.43   data arrival time
-----------------------------------------------------------------------------
                                  0.47   slack (MET)


Startpoint: _2727_ (rising edge-triggered flip-flop clocked by core_clock)
Endpoint: _2727_ (rising edge-triggered flip-flop clocked by core_clock)
Path Group: core_clock
Path Type: min

Fanout     Cap    Slew   Delay    Time   Description
-----------------------------------------------------------------------------
                  0.00    0.00    0.00   clock core_clock (rise edge)
                          0.00    0.00   clock network delay (ideal)
                  0.00    0.00    0.00 ^ _2727_/CLK (sky130_fd_sc_hd__dfxtp_2)
     2    0.00    0.04    0.29    0.29 ^ _2727_/Q (sky130_fd_sc_hd__dfxtp_2)
                                         regfile.regfile[7][10] (net)
                  0.04    0.00    0.29 ^ _2476_/A (sky130_fd_sc_hd__buf_1)
     1    0.00    0.04    0.07    0.36 ^ _2476_/X (sky130_fd_sc_hd__buf_1)
                                         _1200_ (net)
                  0.04    0.00    0.36 ^ _2477_/A (sky130_fd_sc_hd__buf_1)
     1    0.00    0.03    0.07    0.43 ^ _2477_/X (sky130_fd_sc_hd__buf_1)
                                         _0081_ (net)
                  0.03    0.00    0.43 ^ _2727_/D (sky130_fd_sc_hd__dfxtp_2)
                                  0.43   data arrival time

                  0.00    0.00    0.00   clock core_clock (rise edge)
                          0.00    0.00   clock network delay (ideal)
                          0.00    0.00   clock reconvergence pessimism
                                  0.00 ^ _2727_/CLK (sky130_fd_sc_hd__dfxtp_2)
                         -0.03   -0.03   library hold time
                                 -0.03   data required time
-----------------------------------------------------------------------------
                                 -0.03   data required time
                                 -0.43   data arrival time
-----------------------------------------------------------------------------
                                  0.47   slack (MET)


Startpoint: _2728_ (rising edge-triggered flip-flop clocked by core_clock)
Endpoint: _2728_ (rising edge-triggered flip-flop clocked by core_clock)
Path Group: core_clock
Path Type: min

Fanout     Cap    Slew   Delay    Time   Description
-----------------------------------------------------------------------------
                  0.00    0.00    0.00   clock core_clock (rise edge)
                          0.00    0.00   clock network delay (ideal)
                  0.00    0.00    0.00 ^ _2728_/CLK (sky130_fd_sc_hd__dfxtp_2)
     2    0.00    0.04    0.29    0.29 ^ _2728_/Q (sky130_fd_sc_hd__dfxtp_2)
                                         regfile.regfile[7][11] (net)
                  0.04    0.00    0.29 ^ _2478_/A (sky130_fd_sc_hd__buf_1)
     1    0.00    0.04    0.07    0.36 ^ _2478_/X (sky130_fd_sc_hd__buf_1)
                                         _1201_ (net)
                  0.04    0.00    0.36 ^ _2479_/A (sky130_fd_sc_hd__buf_1)
     1    0.00    0.03    0.07    0.43 ^ _2479_/X (sky130_fd_sc_hd__buf_1)
                                         _0082_ (net)
                  0.03    0.00    0.43 ^ _2728_/D (sky130_fd_sc_hd__dfxtp_2)
                                  0.43   data arrival time

                  0.00    0.00    0.00   clock core_clock (rise edge)
                          0.00    0.00   clock network delay (ideal)
                          0.00    0.00   clock reconvergence pessimism
                                  0.00 ^ _2728_/CLK (sky130_fd_sc_hd__dfxtp_2)
                         -0.03   -0.03   library hold time
                                 -0.03   data required time
-----------------------------------------------------------------------------
                                 -0.03   data required time
                                 -0.43   data arrival time
-----------------------------------------------------------------------------
                                  0.47   slack (MET)


Startpoint: _2729_ (rising edge-triggered flip-flop clocked by core_clock)
Endpoint: _2729_ (rising edge-triggered flip-flop clocked by core_clock)
Path Group: core_clock
Path Type: min

Fanout     Cap    Slew   Delay    Time   Description
-----------------------------------------------------------------------------
                  0.00    0.00    0.00   clock core_clock (rise edge)
                          0.00    0.00   clock network delay (ideal)
                  0.00    0.00    0.00 ^ _2729_/CLK (sky130_fd_sc_hd__dfxtp_2)
     2    0.00    0.04    0.29    0.29 ^ _2729_/Q (sky130_fd_sc_hd__dfxtp_2)
                                         regfile.regfile[7][12] (net)
                  0.04    0.00    0.29 ^ _2480_/A (sky130_fd_sc_hd__buf_1)
     1    0.00    0.04    0.07    0.36 ^ _2480_/X (sky130_fd_sc_hd__buf_1)
                                         _1202_ (net)
                  0.04    0.00    0.36 ^ _2481_/A (sky130_fd_sc_hd__buf_1)
     1    0.00    0.03    0.07    0.43 ^ _2481_/X (sky130_fd_sc_hd__buf_1)
                                         _0083_ (net)
                  0.03    0.00    0.43 ^ _2729_/D (sky130_fd_sc_hd__dfxtp_2)
                                  0.43   data arrival time

                  0.00    0.00    0.00   clock core_clock (rise edge)
                          0.00    0.00   clock network delay (ideal)
                          0.00    0.00   clock reconvergence pessimism
                                  0.00 ^ _2729_/CLK (sky130_fd_sc_hd__dfxtp_2)
                         -0.03   -0.03   library hold time
                                 -0.03   data required time
-----------------------------------------------------------------------------
                                 -0.03   data required time
                                 -0.43   data arrival time
-----------------------------------------------------------------------------
                                  0.47   slack (MET)


Startpoint: _2733_ (rising edge-triggered flip-flop clocked by core_clock)
Endpoint: _2733_ (rising edge-triggered flip-flop clocked by core_clock)
Path Group: core_clock
Path Type: min

Fanout     Cap    Slew   Delay    Time   Description
-----------------------------------------------------------------------------
                  0.00    0.00    0.00   clock core_clock (rise edge)
                          0.00    0.00   clock network delay (ideal)
                  0.00    0.00    0.00 ^ _2733_/CLK (sky130_fd_sc_hd__dfxtp_2)
     2    0.00    0.04    0.29    0.29 ^ _2733_/Q (sky130_fd_sc_hd__dfxtp_2)
                                         regfile.regfile[7][16] (net)
                  0.04    0.00    0.29 ^ _2488_/A (sky130_fd_sc_hd__buf_1)
     1    0.00    0.04    0.07    0.36 ^ _2488_/X (sky130_fd_sc_hd__buf_1)
                                         _1206_ (net)
                  0.04    0.00    0.36 ^ _2489_/A (sky130_fd_sc_hd__buf_1)
     1    0.00    0.03    0.07    0.43 ^ _2489_/X (sky130_fd_sc_hd__buf_1)
                                         _0087_ (net)
                  0.03    0.00    0.43 ^ _2733_/D (sky130_fd_sc_hd__dfxtp_2)
                                  0.43   data arrival time

                  0.00    0.00    0.00   clock core_clock (rise edge)
                          0.00    0.00   clock network delay (ideal)
                          0.00    0.00   clock reconvergence pessimism
                                  0.00 ^ _2733_/CLK (sky130_fd_sc_hd__dfxtp_2)
                         -0.03   -0.03   library hold time
                                 -0.03   data required time
-----------------------------------------------------------------------------
                                 -0.03   data required time
                                 -0.43   data arrival time
-----------------------------------------------------------------------------
                                  0.47   slack (MET)


Startpoint: _2685_ (rising edge-triggered flip-flop clocked by core_clock)
Endpoint: _2685_ (rising edge-triggered flip-flop clocked by core_clock)
Path Group: core_clock
Path Type: min

Fanout     Cap    Slew   Delay    Time   Description
-----------------------------------------------------------------------------
                  0.00    0.00    0.00   clock core_clock (rise edge)
                          0.00    0.00   clock network delay (ideal)
                  0.00    0.00    0.00 ^ _2685_/CLK (sky130_fd_sc_hd__dfxtp_2)
     2    0.00    0.04    0.29    0.29 ^ _2685_/Q (sky130_fd_sc_hd__dfxtp_2)
                                         regfile.regfile[12][0] (net)
                  0.04    0.00    0.29 ^ _2392_/A (sky130_fd_sc_hd__buf_1)
     1    0.00    0.04    0.07    0.37 ^ _2392_/X (sky130_fd_sc_hd__buf_1)
                                         _1158_ (net)
                  0.04    0.00    0.37 ^ _2393_/A (sky130_fd_sc_hd__buf_1)
     1    0.00    0.03    0.07    0.43 ^ _2393_/X (sky130_fd_sc_hd__buf_1)
                                         _0039_ (net)
                  0.03    0.00    0.43 ^ _2685_/D (sky130_fd_sc_hd__dfxtp_2)
                                  0.43   data arrival time

                  0.00    0.00    0.00   clock core_clock (rise edge)
                          0.00    0.00   clock network delay (ideal)
                          0.00    0.00   clock reconvergence pessimism
                                  0.00 ^ _2685_/CLK (sky130_fd_sc_hd__dfxtp_2)
                         -0.03   -0.03   library hold time
                                 -0.03   data required time
-----------------------------------------------------------------------------
                                 -0.03   data required time
                                 -0.43   data arrival time
-----------------------------------------------------------------------------
                                  0.47   slack (MET)


Startpoint: _2686_ (rising edge-triggered flip-flop clocked by core_clock)
Endpoint: _2686_ (rising edge-triggered flip-flop clocked by core_clock)
Path Group: core_clock
Path Type: min

Fanout     Cap    Slew   Delay    Time   Description
-----------------------------------------------------------------------------
                  0.00    0.00    0.00   clock core_clock (rise edge)
                          0.00    0.00   clock network delay (ideal)
                  0.00    0.00    0.00 ^ _2686_/CLK (sky130_fd_sc_hd__dfxtp_2)
     2    0.00    0.04    0.29    0.29 ^ _2686_/Q (sky130_fd_sc_hd__dfxtp_2)
                                         regfile.regfile[12][1] (net)
                  0.04    0.00    0.29 ^ _2394_/A (sky130_fd_sc_hd__buf_1)
     1    0.00    0.04    0.07    0.37 ^ _2394_/X (sky130_fd_sc_hd__buf_1)
                                         _1159_ (net)
                  0.04    0.00    0.37 ^ _2395_/A (sky130_fd_sc_hd__buf_1)
     1    0.00    0.03    0.07    0.43 ^ _2395_/X (sky130_fd_sc_hd__buf_1)
                                         _0040_ (net)
                  0.03    0.00    0.43 ^ _2686_/D (sky130_fd_sc_hd__dfxtp_2)
                                  0.43   data arrival time

                  0.00    0.00    0.00   clock core_clock (rise edge)
                          0.00    0.00   clock network delay (ideal)
                          0.00    0.00   clock reconvergence pessimism
                                  0.00 ^ _2686_/CLK (sky130_fd_sc_hd__dfxtp_2)
                         -0.03   -0.03   library hold time
                                 -0.03   data required time
-----------------------------------------------------------------------------
                                 -0.03   data required time
                                 -0.43   data arrival time
-----------------------------------------------------------------------------
                                  0.47   slack (MET)


Startpoint: _2687_ (rising edge-triggered flip-flop clocked by core_clock)
Endpoint: _2687_ (rising edge-triggered flip-flop clocked by core_clock)
Path Group: core_clock
Path Type: min

Fanout     Cap    Slew   Delay    Time   Description
-----------------------------------------------------------------------------
                  0.00    0.00    0.00   clock core_clock (rise edge)
                          0.00    0.00   clock network delay (ideal)
                  0.00    0.00    0.00 ^ _2687_/CLK (sky130_fd_sc_hd__dfxtp_2)
     2    0.00    0.04    0.29    0.29 ^ _2687_/Q (sky130_fd_sc_hd__dfxtp_2)
                                         regfile.regfile[12][2] (net)
                  0.04    0.00    0.29 ^ _2396_/A (sky130_fd_sc_hd__buf_1)
     1    0.00    0.04    0.07    0.37 ^ _2396_/X (sky130_fd_sc_hd__buf_1)
                                         _1160_ (net)
                  0.04    0.00    0.37 ^ _2397_/A (sky130_fd_sc_hd__buf_1)
     1    0.00    0.03    0.07    0.43 ^ _2397_/X (sky130_fd_sc_hd__buf_1)
                                         _0041_ (net)
                  0.03    0.00    0.43 ^ _2687_/D (sky130_fd_sc_hd__dfxtp_2)
                                  0.43   data arrival time

                  0.00    0.00    0.00   clock core_clock (rise edge)
                          0.00    0.00   clock network delay (ideal)
                          0.00    0.00   clock reconvergence pessimism
                                  0.00 ^ _2687_/CLK (sky130_fd_sc_hd__dfxtp_2)
                         -0.03   -0.03   library hold time
                                 -0.03   data required time
-----------------------------------------------------------------------------
                                 -0.03   data required time
                                 -0.43   data arrival time
-----------------------------------------------------------------------------
                                  0.47   slack (MET)


Startpoint: _2688_ (rising edge-triggered flip-flop clocked by core_clock)
Endpoint: _2688_ (rising edge-triggered flip-flop clocked by core_clock)
Path Group: core_clock
Path Type: min

Fanout     Cap    Slew   Delay    Time   Description
-----------------------------------------------------------------------------
                  0.00    0.00    0.00   clock core_clock (rise edge)
                          0.00    0.00   clock network delay (ideal)
                  0.00    0.00    0.00 ^ _2688_/CLK (sky130_fd_sc_hd__dfxtp_2)
     2    0.00    0.04    0.29    0.29 ^ _2688_/Q (sky130_fd_sc_hd__dfxtp_2)
                                         regfile.regfile[12][3] (net)
                  0.04    0.00    0.29 ^ _2398_/A (sky130_fd_sc_hd__buf_1)
     1    0.00    0.04    0.07    0.37 ^ _2398_/X (sky130_fd_sc_hd__buf_1)
                                         _1161_ (net)
                  0.04    0.00    0.37 ^ _2399_/A (sky130_fd_sc_hd__buf_1)
     1    0.00    0.03    0.07    0.43 ^ _2399_/X (sky130_fd_sc_hd__buf_1)
                                         _0042_ (net)
                  0.03    0.00    0.43 ^ _2688_/D (sky130_fd_sc_hd__dfxtp_2)
                                  0.43   data arrival time

                  0.00    0.00    0.00   clock core_clock (rise edge)
                          0.00    0.00   clock network delay (ideal)
                          0.00    0.00   clock reconvergence pessimism
                                  0.00 ^ _2688_/CLK (sky130_fd_sc_hd__dfxtp_2)
                         -0.03   -0.03   library hold time
                                 -0.03   data required time
-----------------------------------------------------------------------------
                                 -0.03   data required time
                                 -0.43   data arrival time
-----------------------------------------------------------------------------
                                  0.47   slack (MET)


Startpoint: _2689_ (rising edge-triggered flip-flop clocked by core_clock)
Endpoint: _2689_ (rising edge-triggered flip-flop clocked by core_clock)
Path Group: core_clock
Path Type: min

Fanout     Cap    Slew   Delay    Time   Description
-----------------------------------------------------------------------------
                  0.00    0.00    0.00   clock core_clock (rise edge)
                          0.00    0.00   clock network delay (ideal)
                  0.00    0.00    0.00 ^ _2689_/CLK (sky130_fd_sc_hd__dfxtp_2)
     2    0.00    0.04    0.29    0.29 ^ _2689_/Q (sky130_fd_sc_hd__dfxtp_2)
                                         regfile.regfile[12][4] (net)
                  0.04    0.00    0.29 ^ _2400_/A (sky130_fd_sc_hd__buf_1)
     1    0.00    0.04    0.07    0.37 ^ _2400_/X (sky130_fd_sc_hd__buf_1)
                                         _1162_ (net)
                  0.04    0.00    0.37 ^ _2401_/A (sky130_fd_sc_hd__buf_1)
     1    0.00    0.03    0.07    0.43 ^ _2401_/X (sky130_fd_sc_hd__buf_1)
                                         _0043_ (net)
                  0.03    0.00    0.43 ^ _2689_/D (sky130_fd_sc_hd__dfxtp_2)
                                  0.43   data arrival time

                  0.00    0.00    0.00   clock core_clock (rise edge)
                          0.00    0.00   clock network delay (ideal)
                          0.00    0.00   clock reconvergence pessimism
                                  0.00 ^ _2689_/CLK (sky130_fd_sc_hd__dfxtp_2)
                         -0.03   -0.03   library hold time
                                 -0.03   data required time
-----------------------------------------------------------------------------
                                 -0.03   data required time
                                 -0.43   data arrival time
-----------------------------------------------------------------------------
                                  0.47   slack (MET)


Startpoint: _2690_ (rising edge-triggered flip-flop clocked by core_clock)
Endpoint: _2690_ (rising edge-triggered flip-flop clocked by core_clock)
Path Group: core_clock
Path Type: min

Fanout     Cap    Slew   Delay    Time   Description
-----------------------------------------------------------------------------
                  0.00    0.00    0.00   clock core_clock (rise edge)
                          0.00    0.00   clock network delay (ideal)
                  0.00    0.00    0.00 ^ _2690_/CLK (sky130_fd_sc_hd__dfxtp_2)
     2    0.00    0.04    0.29    0.29 ^ _2690_/Q (sky130_fd_sc_hd__dfxtp_2)
                                         regfile.regfile[12][5] (net)
                  0.04    0.00    0.29 ^ _2402_/A (sky130_fd_sc_hd__buf_1)
     1    0.00    0.04    0.07    0.37 ^ _2402_/X (sky130_fd_sc_hd__buf_1)
                                         _1163_ (net)
                  0.04    0.00    0.37 ^ _2403_/A (sky130_fd_sc_hd__buf_1)
     1    0.00    0.03    0.07    0.43 ^ _2403_/X (sky130_fd_sc_hd__buf_1)
                                         _0044_ (net)
                  0.03    0.00    0.43 ^ _2690_/D (sky130_fd_sc_hd__dfxtp_2)
                                  0.43   data arrival time

                  0.00    0.00    0.00   clock core_clock (rise edge)
                          0.00    0.00   clock network delay (ideal)
                          0.00    0.00   clock reconvergence pessimism
                                  0.00 ^ _2690_/CLK (sky130_fd_sc_hd__dfxtp_2)
                         -0.03   -0.03   library hold time
                                 -0.03   data required time
-----------------------------------------------------------------------------
                                 -0.03   data required time
                                 -0.43   data arrival time
-----------------------------------------------------------------------------
                                  0.47   slack (MET)


Startpoint: _2691_ (rising edge-triggered flip-flop clocked by core_clock)
Endpoint: _2691_ (rising edge-triggered flip-flop clocked by core_clock)
Path Group: core_clock
Path Type: min

Fanout     Cap    Slew   Delay    Time   Description
-----------------------------------------------------------------------------
                  0.00    0.00    0.00   clock core_clock (rise edge)
                          0.00    0.00   clock network delay (ideal)
                  0.00    0.00    0.00 ^ _2691_/CLK (sky130_fd_sc_hd__dfxtp_2)
     2    0.00    0.04    0.29    0.29 ^ _2691_/Q (sky130_fd_sc_hd__dfxtp_2)
                                         regfile.regfile[12][6] (net)
                  0.04    0.00    0.29 ^ _2404_/A (sky130_fd_sc_hd__buf_1)
     1    0.00    0.04    0.07    0.37 ^ _2404_/X (sky130_fd_sc_hd__buf_1)
                                         _1164_ (net)
                  0.04    0.00    0.37 ^ _2405_/A (sky130_fd_sc_hd__buf_1)
     1    0.00    0.03    0.07    0.43 ^ _2405_/X (sky130_fd_sc_hd__buf_1)
                                         _0045_ (net)
                  0.03    0.00    0.43 ^ _2691_/D (sky130_fd_sc_hd__dfxtp_2)
                                  0.43   data arrival time

                  0.00    0.00    0.00   clock core_clock (rise edge)
                          0.00    0.00   clock network delay (ideal)
                          0.00    0.00   clock reconvergence pessimism
                                  0.00 ^ _2691_/CLK (sky130_fd_sc_hd__dfxtp_2)
                         -0.03   -0.03   library hold time
                                 -0.03   data required time
-----------------------------------------------------------------------------
                                 -0.03   data required time
                                 -0.43   data arrival time
-----------------------------------------------------------------------------
                                  0.47   slack (MET)


Startpoint: _2692_ (rising edge-triggered flip-flop clocked by core_clock)
Endpoint: _2692_ (rising edge-triggered flip-flop clocked by core_clock)
Path Group: core_clock
Path Type: min

Fanout     Cap    Slew   Delay    Time   Description
-----------------------------------------------------------------------------
                  0.00    0.00    0.00   clock core_clock (rise edge)
                          0.00    0.00   clock network delay (ideal)
                  0.00    0.00    0.00 ^ _2692_/CLK (sky130_fd_sc_hd__dfxtp_2)
     2    0.00    0.04    0.29    0.29 ^ _2692_/Q (sky130_fd_sc_hd__dfxtp_2)
                                         regfile.regfile[12][7] (net)
                  0.04    0.00    0.29 ^ _2406_/A (sky130_fd_sc_hd__buf_1)
     1    0.00    0.04    0.07    0.37 ^ _2406_/X (sky130_fd_sc_hd__buf_1)
                                         _1165_ (net)
                  0.04    0.00    0.37 ^ _2407_/A (sky130_fd_sc_hd__buf_1)
     1    0.00    0.03    0.07    0.43 ^ _2407_/X (sky130_fd_sc_hd__buf_1)
                                         _0046_ (net)
                  0.03    0.00    0.43 ^ _2692_/D (sky130_fd_sc_hd__dfxtp_2)
                                  0.43   data arrival time

                  0.00    0.00    0.00   clock core_clock (rise edge)
                          0.00    0.00   clock network delay (ideal)
                          0.00    0.00   clock reconvergence pessimism
                                  0.00 ^ _2692_/CLK (sky130_fd_sc_hd__dfxtp_2)
                         -0.03   -0.03   library hold time
                                 -0.03   data required time
-----------------------------------------------------------------------------
                                 -0.03   data required time
                                 -0.43   data arrival time
-----------------------------------------------------------------------------
                                  0.47   slack (MET)


Startpoint: _2693_ (rising edge-triggered flip-flop clocked by core_clock)
Endpoint: _2693_ (rising edge-triggered flip-flop clocked by core_clock)
Path Group: core_clock
Path Type: min

Fanout     Cap    Slew   Delay    Time   Description
-----------------------------------------------------------------------------
                  0.00    0.00    0.00   clock core_clock (rise edge)
                          0.00    0.00   clock network delay (ideal)
                  0.00    0.00    0.00 ^ _2693_/CLK (sky130_fd_sc_hd__dfxtp_2)
     2    0.00    0.04    0.29    0.29 ^ _2693_/Q (sky130_fd_sc_hd__dfxtp_2)
                                         regfile.regfile[12][8] (net)
                  0.04    0.00    0.29 ^ _2408_/A (sky130_fd_sc_hd__buf_1)
     1    0.00    0.04    0.07    0.37 ^ _2408_/X (sky130_fd_sc_hd__buf_1)
                                         _1166_ (net)
                  0.04    0.00    0.37 ^ _2409_/A (sky130_fd_sc_hd__buf_1)
     1    0.00    0.03    0.07    0.43 ^ _2409_/X (sky130_fd_sc_hd__buf_1)
                                         _0047_ (net)
                  0.03    0.00    0.43 ^ _2693_/D (sky130_fd_sc_hd__dfxtp_2)
                                  0.43   data arrival time

                  0.00    0.00    0.00   clock core_clock (rise edge)
                          0.00    0.00   clock network delay (ideal)
                          0.00    0.00   clock reconvergence pessimism
                                  0.00 ^ _2693_/CLK (sky130_fd_sc_hd__dfxtp_2)
                         -0.03   -0.03   library hold time
                                 -0.03   data required time
-----------------------------------------------------------------------------
                                 -0.03   data required time
                                 -0.43   data arrival time
-----------------------------------------------------------------------------
                                  0.47   slack (MET)


Startpoint: _2694_ (rising edge-triggered flip-flop clocked by core_clock)
Endpoint: _2694_ (rising edge-triggered flip-flop clocked by core_clock)
Path Group: core_clock
Path Type: min

Fanout     Cap    Slew   Delay    Time   Description
-----------------------------------------------------------------------------
                  0.00    0.00    0.00   clock core_clock (rise edge)
                          0.00    0.00   clock network delay (ideal)
                  0.00    0.00    0.00 ^ _2694_/CLK (sky130_fd_sc_hd__dfxtp_2)
     2    0.00    0.04    0.29    0.29 ^ _2694_/Q (sky130_fd_sc_hd__dfxtp_2)
                                         regfile.regfile[12][9] (net)
                  0.04    0.00    0.29 ^ _2410_/A (sky130_fd_sc_hd__buf_1)
     1    0.00    0.04    0.07    0.37 ^ _2410_/X (sky130_fd_sc_hd__buf_1)
                                         _1167_ (net)
                  0.04    0.00    0.37 ^ _2411_/A (sky130_fd_sc_hd__buf_1)
     1    0.00    0.03    0.07    0.43 ^ _2411_/X (sky130_fd_sc_hd__buf_1)
                                         _0048_ (net)
                  0.03    0.00    0.43 ^ _2694_/D (sky130_fd_sc_hd__dfxtp_2)
                                  0.43   data arrival time

                  0.00    0.00    0.00   clock core_clock (rise edge)
                          0.00    0.00   clock network delay (ideal)
                          0.00    0.00   clock reconvergence pessimism
                                  0.00 ^ _2694_/CLK (sky130_fd_sc_hd__dfxtp_2)
                         -0.03   -0.03   library hold time
                                 -0.03   data required time
-----------------------------------------------------------------------------
                                 -0.03   data required time
                                 -0.43   data arrival time
-----------------------------------------------------------------------------
                                  0.47   slack (MET)


Startpoint: _2695_ (rising edge-triggered flip-flop clocked by core_clock)
Endpoint: _2695_ (rising edge-triggered flip-flop clocked by core_clock)
Path Group: core_clock
Path Type: min

Fanout     Cap    Slew   Delay    Time   Description
-----------------------------------------------------------------------------
                  0.00    0.00    0.00   clock core_clock (rise edge)
                          0.00    0.00   clock network delay (ideal)
                  0.00    0.00    0.00 ^ _2695_/CLK (sky130_fd_sc_hd__dfxtp_2)
     2    0.00    0.04    0.29    0.29 ^ _2695_/Q (sky130_fd_sc_hd__dfxtp_2)
                                         regfile.regfile[12][10] (net)
                  0.04    0.00    0.29 ^ _2412_/A (sky130_fd_sc_hd__buf_1)
     1    0.00    0.04    0.07    0.37 ^ _2412_/X (sky130_fd_sc_hd__buf_1)
                                         _1168_ (net)
                  0.04    0.00    0.37 ^ _2413_/A (sky130_fd_sc_hd__buf_1)
     1    0.00    0.03    0.07    0.43 ^ _2413_/X (sky130_fd_sc_hd__buf_1)
                                         _0049_ (net)
                  0.03    0.00    0.43 ^ _2695_/D (sky130_fd_sc_hd__dfxtp_2)
                                  0.43   data arrival time

                  0.00    0.00    0.00   clock core_clock (rise edge)
                          0.00    0.00   clock network delay (ideal)
                          0.00    0.00   clock reconvergence pessimism
                                  0.00 ^ _2695_/CLK (sky130_fd_sc_hd__dfxtp_2)
                         -0.03   -0.03   library hold time
                                 -0.03   data required time
-----------------------------------------------------------------------------
                                 -0.03   data required time
                                 -0.43   data arrival time
-----------------------------------------------------------------------------
                                  0.47   slack (MET)


Startpoint: _2696_ (rising edge-triggered flip-flop clocked by core_clock)
Endpoint: _2696_ (rising edge-triggered flip-flop clocked by core_clock)
Path Group: core_clock
Path Type: min

Fanout     Cap    Slew   Delay    Time   Description
-----------------------------------------------------------------------------
                  0.00    0.00    0.00   clock core_clock (rise edge)
                          0.00    0.00   clock network delay (ideal)
                  0.00    0.00    0.00 ^ _2696_/CLK (sky130_fd_sc_hd__dfxtp_2)
     2    0.00    0.04    0.29    0.29 ^ _2696_/Q (sky130_fd_sc_hd__dfxtp_2)
                                         regfile.regfile[12][11] (net)
                  0.04    0.00    0.29 ^ _2414_/A (sky130_fd_sc_hd__buf_1)
     1    0.00    0.04    0.07    0.37 ^ _2414_/X (sky130_fd_sc_hd__buf_1)
                                         _1169_ (net)
                  0.04    0.00    0.37 ^ _2415_/A (sky130_fd_sc_hd__buf_1)
     1    0.00    0.03    0.07    0.43 ^ _2415_/X (sky130_fd_sc_hd__buf_1)
                                         _0050_ (net)
                  0.03    0.00    0.43 ^ _2696_/D (sky130_fd_sc_hd__dfxtp_2)
                                  0.43   data arrival time

                  0.00    0.00    0.00   clock core_clock (rise edge)
                          0.00    0.00   clock network delay (ideal)
                          0.00    0.00   clock reconvergence pessimism
                                  0.00 ^ _2696_/CLK (sky130_fd_sc_hd__dfxtp_2)
                         -0.03   -0.03   library hold time
                                 -0.03   data required time
-----------------------------------------------------------------------------
                                 -0.03   data required time
                                 -0.43   data arrival time
-----------------------------------------------------------------------------
                                  0.47   slack (MET)


Startpoint: _2697_ (rising edge-triggered flip-flop clocked by core_clock)
Endpoint: _2697_ (rising edge-triggered flip-flop clocked by core_clock)
Path Group: core_clock
Path Type: min

Fanout     Cap    Slew   Delay    Time   Description
-----------------------------------------------------------------------------
                  0.00    0.00    0.00   clock core_clock (rise edge)
                          0.00    0.00   clock network delay (ideal)
                  0.00    0.00    0.00 ^ _2697_/CLK (sky130_fd_sc_hd__dfxtp_2)
     2    0.00    0.04    0.29    0.29 ^ _2697_/Q (sky130_fd_sc_hd__dfxtp_2)
                                         regfile.regfile[12][12] (net)
                  0.04    0.00    0.29 ^ _2416_/A (sky130_fd_sc_hd__buf_1)
     1    0.00    0.04    0.07    0.37 ^ _2416_/X (sky130_fd_sc_hd__buf_1)
                                         _1170_ (net)
                  0.04    0.00    0.37 ^ _2417_/A (sky130_fd_sc_hd__buf_1)
     1    0.00    0.03    0.07    0.43 ^ _2417_/X (sky130_fd_sc_hd__buf_1)
                                         _0051_ (net)
                  0.03    0.00    0.43 ^ _2697_/D (sky130_fd_sc_hd__dfxtp_2)
                                  0.43   data arrival time

                  0.00    0.00    0.00   clock core_clock (rise edge)
                          0.00    0.00   clock network delay (ideal)
                          0.00    0.00   clock reconvergence pessimism
                                  0.00 ^ _2697_/CLK (sky130_fd_sc_hd__dfxtp_2)
                         -0.03   -0.03   library hold time
                                 -0.03   data required time
-----------------------------------------------------------------------------
                                 -0.03   data required time
                                 -0.43   data arrival time
-----------------------------------------------------------------------------
                                  0.47   slack (MET)


Startpoint: _2698_ (rising edge-triggered flip-flop clocked by core_clock)
Endpoint: _2698_ (rising edge-triggered flip-flop clocked by core_clock)
Path Group: core_clock
Path Type: min

Fanout     Cap    Slew   Delay    Time   Description
-----------------------------------------------------------------------------
                  0.00    0.00    0.00   clock core_clock (rise edge)
                          0.00    0.00   clock network delay (ideal)
                  0.00    0.00    0.00 ^ _2698_/CLK (sky130_fd_sc_hd__dfxtp_2)
     2    0.00    0.04    0.29    0.29 ^ _2698_/Q (sky130_fd_sc_hd__dfxtp_2)
                                         regfile.regfile[12][13] (net)
                  0.04    0.00    0.29 ^ _2418_/A (sky130_fd_sc_hd__buf_1)
     1    0.00    0.04    0.07    0.37 ^ _2418_/X (sky130_fd_sc_hd__buf_1)
                                         _1171_ (net)
                  0.04    0.00    0.37 ^ _2419_/A (sky130_fd_sc_hd__buf_1)
     1    0.00    0.03    0.07    0.43 ^ _2419_/X (sky130_fd_sc_hd__buf_1)
                                         _0052_ (net)
                  0.03    0.00    0.43 ^ _2698_/D (sky130_fd_sc_hd__dfxtp_2)
                                  0.43   data arrival time

                  0.00    0.00    0.00   clock core_clock (rise edge)
                          0.00    0.00   clock network delay (ideal)
                          0.00    0.00   clock reconvergence pessimism
                                  0.00 ^ _2698_/CLK (sky130_fd_sc_hd__dfxtp_2)
                         -0.03   -0.03   library hold time
                                 -0.03   data required time
-----------------------------------------------------------------------------
                                 -0.03   data required time
                                 -0.43   data arrival time
-----------------------------------------------------------------------------
                                  0.47   slack (MET)


Startpoint: _2699_ (rising edge-triggered flip-flop clocked by core_clock)
Endpoint: _2699_ (rising edge-triggered flip-flop clocked by core_clock)
Path Group: core_clock
Path Type: min

Fanout     Cap    Slew   Delay    Time   Description
-----------------------------------------------------------------------------
                  0.00    0.00    0.00   clock core_clock (rise edge)
                          0.00    0.00   clock network delay (ideal)
                  0.00    0.00    0.00 ^ _2699_/CLK (sky130_fd_sc_hd__dfxtp_2)
     2    0.00    0.04    0.29    0.29 ^ _2699_/Q (sky130_fd_sc_hd__dfxtp_2)
                                         regfile.regfile[12][14] (net)
                  0.04    0.00    0.29 ^ _2420_/A (sky130_fd_sc_hd__buf_1)
     1    0.00    0.04    0.07    0.37 ^ _2420_/X (sky130_fd_sc_hd__buf_1)
                                         _1172_ (net)
                  0.04    0.00    0.37 ^ _2421_/A (sky130_fd_sc_hd__buf_1)
     1    0.00    0.03    0.07    0.43 ^ _2421_/X (sky130_fd_sc_hd__buf_1)
                                         _0053_ (net)
                  0.03    0.00    0.43 ^ _2699_/D (sky130_fd_sc_hd__dfxtp_2)
                                  0.43   data arrival time

                  0.00    0.00    0.00   clock core_clock (rise edge)
                          0.00    0.00   clock network delay (ideal)
                          0.00    0.00   clock reconvergence pessimism
                                  0.00 ^ _2699_/CLK (sky130_fd_sc_hd__dfxtp_2)
                         -0.03   -0.03   library hold time
                                 -0.03   data required time
-----------------------------------------------------------------------------
                                 -0.03   data required time
                                 -0.43   data arrival time
-----------------------------------------------------------------------------
                                  0.47   slack (MET)


Startpoint: _2700_ (rising edge-triggered flip-flop clocked by core_clock)
Endpoint: _2700_ (rising edge-triggered flip-flop clocked by core_clock)
Path Group: core_clock
Path Type: min

Fanout     Cap    Slew   Delay    Time   Description
-----------------------------------------------------------------------------
                  0.00    0.00    0.00   clock core_clock (rise edge)
                          0.00    0.00   clock network delay (ideal)
                  0.00    0.00    0.00 ^ _2700_/CLK (sky130_fd_sc_hd__dfxtp_2)
     2    0.00    0.04    0.29    0.29 ^ _2700_/Q (sky130_fd_sc_hd__dfxtp_2)
                                         regfile.regfile[12][15] (net)
                  0.04    0.00    0.29 ^ _2422_/A (sky130_fd_sc_hd__buf_1)
     1    0.00    0.04    0.07    0.37 ^ _2422_/X (sky130_fd_sc_hd__buf_1)
                                         _1173_ (net)
                  0.04    0.00    0.37 ^ _2423_/A (sky130_fd_sc_hd__buf_1)
     1    0.00    0.03    0.07    0.43 ^ _2423_/X (sky130_fd_sc_hd__buf_1)
                                         _0054_ (net)
                  0.03    0.00    0.43 ^ _2700_/D (sky130_fd_sc_hd__dfxtp_2)
                                  0.43   data arrival time

                  0.00    0.00    0.00   clock core_clock (rise edge)
                          0.00    0.00   clock network delay (ideal)
                          0.00    0.00   clock reconvergence pessimism
                                  0.00 ^ _2700_/CLK (sky130_fd_sc_hd__dfxtp_2)
                         -0.03   -0.03   library hold time
                                 -0.03   data required time
-----------------------------------------------------------------------------
                                 -0.03   data required time
                                 -0.43   data arrival time
-----------------------------------------------------------------------------
                                  0.47   slack (MET)


Startpoint: _2701_ (rising edge-triggered flip-flop clocked by core_clock)
Endpoint: _2701_ (rising edge-triggered flip-flop clocked by core_clock)
Path Group: core_clock
Path Type: min

Fanout     Cap    Slew   Delay    Time   Description
-----------------------------------------------------------------------------
                  0.00    0.00    0.00   clock core_clock (rise edge)
                          0.00    0.00   clock network delay (ideal)
                  0.00    0.00    0.00 ^ _2701_/CLK (sky130_fd_sc_hd__dfxtp_2)
     2    0.00    0.04    0.29    0.29 ^ _2701_/Q (sky130_fd_sc_hd__dfxtp_2)
                                         regfile.regfile[12][16] (net)
                  0.04    0.00    0.29 ^ _2424_/A (sky130_fd_sc_hd__buf_1)
     1    0.00    0.04    0.07    0.37 ^ _2424_/X (sky130_fd_sc_hd__buf_1)
                                         _1174_ (net)
                  0.04    0.00    0.37 ^ _2425_/A (sky130_fd_sc_hd__buf_1)
     1    0.00    0.03    0.07    0.43 ^ _2425_/X (sky130_fd_sc_hd__buf_1)
                                         _0055_ (net)
                  0.03    0.00    0.43 ^ _2701_/D (sky130_fd_sc_hd__dfxtp_2)
                                  0.43   data arrival time

                  0.00    0.00    0.00   clock core_clock (rise edge)
                          0.00    0.00   clock network delay (ideal)
                          0.00    0.00   clock reconvergence pessimism
                                  0.00 ^ _2701_/CLK (sky130_fd_sc_hd__dfxtp_2)
                         -0.03   -0.03   library hold time
                                 -0.03   data required time
-----------------------------------------------------------------------------
                                 -0.03   data required time
                                 -0.43   data arrival time
-----------------------------------------------------------------------------
                                  0.47   slack (MET)


Startpoint: _2702_ (rising edge-triggered flip-flop clocked by core_clock)
Endpoint: _2702_ (rising edge-triggered flip-flop clocked by core_clock)
Path Group: core_clock
Path Type: min

Fanout     Cap    Slew   Delay    Time   Description
-----------------------------------------------------------------------------
                  0.00    0.00    0.00   clock core_clock (rise edge)
                          0.00    0.00   clock network delay (ideal)
                  0.00    0.00    0.00 ^ _2702_/CLK (sky130_fd_sc_hd__dfxtp_2)
     2    0.00    0.04    0.29    0.29 ^ _2702_/Q (sky130_fd_sc_hd__dfxtp_2)
                                         regfile.regfile[12][17] (net)
                  0.04    0.00    0.29 ^ _2426_/A (sky130_fd_sc_hd__buf_1)
     1    0.00    0.04    0.07    0.37 ^ _2426_/X (sky130_fd_sc_hd__buf_1)
                                         _1175_ (net)
                  0.04    0.00    0.37 ^ _2427_/A (sky130_fd_sc_hd__buf_1)
     1    0.00    0.03    0.07    0.43 ^ _2427_/X (sky130_fd_sc_hd__buf_1)
                                         _0056_ (net)
                  0.03    0.00    0.43 ^ _2702_/D (sky130_fd_sc_hd__dfxtp_2)
                                  0.43   data arrival time

                  0.00    0.00    0.00   clock core_clock (rise edge)
                          0.00    0.00   clock network delay (ideal)
                          0.00    0.00   clock reconvergence pessimism
                                  0.00 ^ _2702_/CLK (sky130_fd_sc_hd__dfxtp_2)
                         -0.03   -0.03   library hold time
                                 -0.03   data required time
-----------------------------------------------------------------------------
                                 -0.03   data required time
                                 -0.43   data arrival time
-----------------------------------------------------------------------------
                                  0.47   slack (MET)


Startpoint: _2703_ (rising edge-triggered flip-flop clocked by core_clock)
Endpoint: _2703_ (rising edge-triggered flip-flop clocked by core_clock)
Path Group: core_clock
Path Type: min

Fanout     Cap    Slew   Delay    Time   Description
-----------------------------------------------------------------------------
                  0.00    0.00    0.00   clock core_clock (rise edge)
                          0.00    0.00   clock network delay (ideal)
                  0.00    0.00    0.00 ^ _2703_/CLK (sky130_fd_sc_hd__dfxtp_2)
     2    0.00    0.04    0.29    0.29 ^ _2703_/Q (sky130_fd_sc_hd__dfxtp_2)
                                         regfile.regfile[12][18] (net)
                  0.04    0.00    0.29 ^ _2428_/A (sky130_fd_sc_hd__buf_1)
     1    0.00    0.04    0.07    0.37 ^ _2428_/X (sky130_fd_sc_hd__buf_1)
                                         _1176_ (net)
                  0.04    0.00    0.37 ^ _2429_/A (sky130_fd_sc_hd__buf_1)
     1    0.00    0.03    0.07    0.43 ^ _2429_/X (sky130_fd_sc_hd__buf_1)
                                         _0057_ (net)
                  0.03    0.00    0.43 ^ _2703_/D (sky130_fd_sc_hd__dfxtp_2)
                                  0.43   data arrival time

                  0.00    0.00    0.00   clock core_clock (rise edge)
                          0.00    0.00   clock network delay (ideal)
                          0.00    0.00   clock reconvergence pessimism
                                  0.00 ^ _2703_/CLK (sky130_fd_sc_hd__dfxtp_2)
                         -0.03   -0.03   library hold time
                                 -0.03   data required time
-----------------------------------------------------------------------------
                                 -0.03   data required time
                                 -0.43   data arrival time
-----------------------------------------------------------------------------
                                  0.47   slack (MET)


Startpoint: _2704_ (rising edge-triggered flip-flop clocked by core_clock)
Endpoint: _2704_ (rising edge-triggered flip-flop clocked by core_clock)
Path Group: core_clock
Path Type: min

Fanout     Cap    Slew   Delay    Time   Description
-----------------------------------------------------------------------------
                  0.00    0.00    0.00   clock core_clock (rise edge)
                          0.00    0.00   clock network delay (ideal)
                  0.00    0.00    0.00 ^ _2704_/CLK (sky130_fd_sc_hd__dfxtp_2)
     2    0.00    0.04    0.29    0.29 ^ _2704_/Q (sky130_fd_sc_hd__dfxtp_2)
                                         regfile.regfile[12][19] (net)
                  0.04    0.00    0.29 ^ _2430_/A (sky130_fd_sc_hd__buf_1)
     1    0.00    0.04    0.07    0.37 ^ _2430_/X (sky130_fd_sc_hd__buf_1)
                                         _1177_ (net)
                  0.04    0.00    0.37 ^ _2431_/A (sky130_fd_sc_hd__buf_1)
     1    0.00    0.03    0.07    0.43 ^ _2431_/X (sky130_fd_sc_hd__buf_1)
                                         _0058_ (net)
                  0.03    0.00    0.43 ^ _2704_/D (sky130_fd_sc_hd__dfxtp_2)
                                  0.43   data arrival time

                  0.00    0.00    0.00   clock core_clock (rise edge)
                          0.00    0.00   clock network delay (ideal)
                          0.00    0.00   clock reconvergence pessimism
                                  0.00 ^ _2704_/CLK (sky130_fd_sc_hd__dfxtp_2)
                         -0.03   -0.03   library hold time
                                 -0.03   data required time
-----------------------------------------------------------------------------
                                 -0.03   data required time
                                 -0.43   data arrival time
-----------------------------------------------------------------------------
                                  0.47   slack (MET)


Startpoint: _2705_ (rising edge-triggered flip-flop clocked by core_clock)
Endpoint: _2705_ (rising edge-triggered flip-flop clocked by core_clock)
Path Group: core_clock
Path Type: min

Fanout     Cap    Slew   Delay    Time   Description
-----------------------------------------------------------------------------
                  0.00    0.00    0.00   clock core_clock (rise edge)
                          0.00    0.00   clock network delay (ideal)
                  0.00    0.00    0.00 ^ _2705_/CLK (sky130_fd_sc_hd__dfxtp_2)
     2    0.00    0.04    0.29    0.29 ^ _2705_/Q (sky130_fd_sc_hd__dfxtp_2)
                                         regfile.regfile[12][20] (net)
                  0.04    0.00    0.29 ^ _2432_/A (sky130_fd_sc_hd__buf_1)
     1    0.00    0.04    0.07    0.37 ^ _2432_/X (sky130_fd_sc_hd__buf_1)
                                         _1178_ (net)
                  0.04    0.00    0.37 ^ _2433_/A (sky130_fd_sc_hd__buf_1)
     1    0.00    0.03    0.07    0.43 ^ _2433_/X (sky130_fd_sc_hd__buf_1)
                                         _0059_ (net)
                  0.03    0.00    0.43 ^ _2705_/D (sky130_fd_sc_hd__dfxtp_2)
                                  0.43   data arrival time

                  0.00    0.00    0.00   clock core_clock (rise edge)
                          0.00    0.00   clock network delay (ideal)
                          0.00    0.00   clock reconvergence pessimism
                                  0.00 ^ _2705_/CLK (sky130_fd_sc_hd__dfxtp_2)
                         -0.03   -0.03   library hold time
                                 -0.03   data required time
-----------------------------------------------------------------------------
                                 -0.03   data required time
                                 -0.43   data arrival time
-----------------------------------------------------------------------------
                                  0.47   slack (MET)


Startpoint: _2706_ (rising edge-triggered flip-flop clocked by core_clock)
Endpoint: _2706_ (rising edge-triggered flip-flop clocked by core_clock)
Path Group: core_clock
Path Type: min

Fanout     Cap    Slew   Delay    Time   Description
-----------------------------------------------------------------------------
                  0.00    0.00    0.00   clock core_clock (rise edge)
                          0.00    0.00   clock network delay (ideal)
                  0.00    0.00    0.00 ^ _2706_/CLK (sky130_fd_sc_hd__dfxtp_2)
     2    0.00    0.04    0.29    0.29 ^ _2706_/Q (sky130_fd_sc_hd__dfxtp_2)
                                         regfile.regfile[12][21] (net)
                  0.04    0.00    0.29 ^ _2434_/A (sky130_fd_sc_hd__buf_1)
     1    0.00    0.04    0.07    0.37 ^ _2434_/X (sky130_fd_sc_hd__buf_1)
                                         _1179_ (net)
                  0.04    0.00    0.37 ^ _2435_/A (sky130_fd_sc_hd__buf_1)
     1    0.00    0.03    0.07    0.43 ^ _2435_/X (sky130_fd_sc_hd__buf_1)
                                         _0060_ (net)
                  0.03    0.00    0.43 ^ _2706_/D (sky130_fd_sc_hd__dfxtp_2)
                                  0.43   data arrival time

                  0.00    0.00    0.00   clock core_clock (rise edge)
                          0.00    0.00   clock network delay (ideal)
                          0.00    0.00   clock reconvergence pessimism
                                  0.00 ^ _2706_/CLK (sky130_fd_sc_hd__dfxtp_2)
                         -0.03   -0.03   library hold time
                                 -0.03   data required time
-----------------------------------------------------------------------------
                                 -0.03   data required time
                                 -0.43   data arrival time
-----------------------------------------------------------------------------
                                  0.47   slack (MET)


Startpoint: _2707_ (rising edge-triggered flip-flop clocked by core_clock)
Endpoint: _2707_ (rising edge-triggered flip-flop clocked by core_clock)
Path Group: core_clock
Path Type: min

Fanout     Cap    Slew   Delay    Time   Description
-----------------------------------------------------------------------------
                  0.00    0.00    0.00   clock core_clock (rise edge)
                          0.00    0.00   clock network delay (ideal)
                  0.00    0.00    0.00 ^ _2707_/CLK (sky130_fd_sc_hd__dfxtp_2)
     2    0.00    0.04    0.29    0.29 ^ _2707_/Q (sky130_fd_sc_hd__dfxtp_2)
                                         regfile.regfile[12][22] (net)
                  0.04    0.00    0.29 ^ _2436_/A (sky130_fd_sc_hd__buf_1)
     1    0.00    0.04    0.07    0.37 ^ _2436_/X (sky130_fd_sc_hd__buf_1)
                                         _1180_ (net)
                  0.04    0.00    0.37 ^ _2437_/A (sky130_fd_sc_hd__buf_1)
     1    0.00    0.03    0.07    0.43 ^ _2437_/X (sky130_fd_sc_hd__buf_1)
                                         _0061_ (net)
                  0.03    0.00    0.43 ^ _2707_/D (sky130_fd_sc_hd__dfxtp_2)
                                  0.43   data arrival time

                  0.00    0.00    0.00   clock core_clock (rise edge)
                          0.00    0.00   clock network delay (ideal)
                          0.00    0.00   clock reconvergence pessimism
                                  0.00 ^ _2707_/CLK (sky130_fd_sc_hd__dfxtp_2)
                         -0.03   -0.03   library hold time
                                 -0.03   data required time
-----------------------------------------------------------------------------
                                 -0.03   data required time
                                 -0.43   data arrival time
-----------------------------------------------------------------------------
                                  0.47   slack (MET)


Startpoint: _2708_ (rising edge-triggered flip-flop clocked by core_clock)
Endpoint: _2708_ (rising edge-triggered flip-flop clocked by core_clock)
Path Group: core_clock
Path Type: min

Fanout     Cap    Slew   Delay    Time   Description
-----------------------------------------------------------------------------
                  0.00    0.00    0.00   clock core_clock (rise edge)
                          0.00    0.00   clock network delay (ideal)
                  0.00    0.00    0.00 ^ _2708_/CLK (sky130_fd_sc_hd__dfxtp_2)
     2    0.00    0.04    0.29    0.29 ^ _2708_/Q (sky130_fd_sc_hd__dfxtp_2)
                                         regfile.regfile[12][23] (net)
                  0.04    0.00    0.29 ^ _2438_/A (sky130_fd_sc_hd__buf_1)
     1    0.00    0.04    0.07    0.37 ^ _2438_/X (sky130_fd_sc_hd__buf_1)
                                         _1181_ (net)
                  0.04    0.00    0.37 ^ _2439_/A (sky130_fd_sc_hd__buf_1)
     1    0.00    0.03    0.07    0.43 ^ _2439_/X (sky130_fd_sc_hd__buf_1)
                                         _0062_ (net)
                  0.03    0.00    0.43 ^ _2708_/D (sky130_fd_sc_hd__dfxtp_2)
                                  0.43   data arrival time

                  0.00    0.00    0.00   clock core_clock (rise edge)
                          0.00    0.00   clock network delay (ideal)
                          0.00    0.00   clock reconvergence pessimism
                                  0.00 ^ _2708_/CLK (sky130_fd_sc_hd__dfxtp_2)
                         -0.03   -0.03   library hold time
                                 -0.03   data required time
-----------------------------------------------------------------------------
                                 -0.03   data required time
                                 -0.43   data arrival time
-----------------------------------------------------------------------------
                                  0.47   slack (MET)


Startpoint: _2709_ (rising edge-triggered flip-flop clocked by core_clock)
Endpoint: _2709_ (rising edge-triggered flip-flop clocked by core_clock)
Path Group: core_clock
Path Type: min

Fanout     Cap    Slew   Delay    Time   Description
-----------------------------------------------------------------------------
                  0.00    0.00    0.00   clock core_clock (rise edge)
                          0.00    0.00   clock network delay (ideal)
                  0.00    0.00    0.00 ^ _2709_/CLK (sky130_fd_sc_hd__dfxtp_2)
     2    0.00    0.04    0.29    0.29 ^ _2709_/Q (sky130_fd_sc_hd__dfxtp_2)
                                         regfile.regfile[12][24] (net)
                  0.04    0.00    0.29 ^ _2440_/A (sky130_fd_sc_hd__buf_1)
     1    0.00    0.04    0.07    0.37 ^ _2440_/X (sky130_fd_sc_hd__buf_1)
                                         _1182_ (net)
                  0.04    0.00    0.37 ^ _2441_/A (sky130_fd_sc_hd__buf_1)
     1    0.00    0.03    0.07    0.43 ^ _2441_/X (sky130_fd_sc_hd__buf_1)
                                         _0063_ (net)
                  0.03    0.00    0.43 ^ _2709_/D (sky130_fd_sc_hd__dfxtp_2)
                                  0.43   data arrival time

                  0.00    0.00    0.00   clock core_clock (rise edge)
                          0.00    0.00   clock network delay (ideal)
                          0.00    0.00   clock reconvergence pessimism
                                  0.00 ^ _2709_/CLK (sky130_fd_sc_hd__dfxtp_2)
                         -0.03   -0.03   library hold time
                                 -0.03   data required time
-----------------------------------------------------------------------------
                                 -0.03   data required time
                                 -0.43   data arrival time
-----------------------------------------------------------------------------
                                  0.47   slack (MET)


Startpoint: _2710_ (rising edge-triggered flip-flop clocked by core_clock)
Endpoint: _2710_ (rising edge-triggered flip-flop clocked by core_clock)
Path Group: core_clock
Path Type: min

Fanout     Cap    Slew   Delay    Time   Description
-----------------------------------------------------------------------------
                  0.00    0.00    0.00   clock core_clock (rise edge)
                          0.00    0.00   clock network delay (ideal)
                  0.00    0.00    0.00 ^ _2710_/CLK (sky130_fd_sc_hd__dfxtp_2)
     2    0.00    0.04    0.29    0.29 ^ _2710_/Q (sky130_fd_sc_hd__dfxtp_2)
                                         regfile.regfile[12][25] (net)
                  0.04    0.00    0.29 ^ _2442_/A (sky130_fd_sc_hd__buf_1)
     1    0.00    0.04    0.07    0.37 ^ _2442_/X (sky130_fd_sc_hd__buf_1)
                                         _1183_ (net)
                  0.04    0.00    0.37 ^ _2443_/A (sky130_fd_sc_hd__buf_1)
     1    0.00    0.03    0.07    0.43 ^ _2443_/X (sky130_fd_sc_hd__buf_1)
                                         _0064_ (net)
                  0.03    0.00    0.43 ^ _2710_/D (sky130_fd_sc_hd__dfxtp_2)
                                  0.43   data arrival time

                  0.00    0.00    0.00   clock core_clock (rise edge)
                          0.00    0.00   clock network delay (ideal)
                          0.00    0.00   clock reconvergence pessimism
                                  0.00 ^ _2710_/CLK (sky130_fd_sc_hd__dfxtp_2)
                         -0.03   -0.03   library hold time
                                 -0.03   data required time
-----------------------------------------------------------------------------
                                 -0.03   data required time
                                 -0.43   data arrival time
-----------------------------------------------------------------------------
                                  0.47   slack (MET)


Startpoint: _2711_ (rising edge-triggered flip-flop clocked by core_clock)
Endpoint: _2711_ (rising edge-triggered flip-flop clocked by core_clock)
Path Group: core_clock
Path Type: min

Fanout     Cap    Slew   Delay    Time   Description
-----------------------------------------------------------------------------
                  0.00    0.00    0.00   clock core_clock (rise edge)
                          0.00    0.00   clock network delay (ideal)
                  0.00    0.00    0.00 ^ _2711_/CLK (sky130_fd_sc_hd__dfxtp_2)
     2    0.00    0.04    0.29    0.29 ^ _2711_/Q (sky130_fd_sc_hd__dfxtp_2)
                                         regfile.regfile[12][26] (net)
                  0.04    0.00    0.29 ^ _2444_/A (sky130_fd_sc_hd__buf_1)
     1    0.00    0.04    0.07    0.37 ^ _2444_/X (sky130_fd_sc_hd__buf_1)
                                         _1184_ (net)
                  0.04    0.00    0.37 ^ _2445_/A (sky130_fd_sc_hd__buf_1)
     1    0.00    0.03    0.07    0.43 ^ _2445_/X (sky130_fd_sc_hd__buf_1)
                                         _0065_ (net)
                  0.03    0.00    0.43 ^ _2711_/D (sky130_fd_sc_hd__dfxtp_2)
                                  0.43   data arrival time

                  0.00    0.00    0.00   clock core_clock (rise edge)
                          0.00    0.00   clock network delay (ideal)
                          0.00    0.00   clock reconvergence pessimism
                                  0.00 ^ _2711_/CLK (sky130_fd_sc_hd__dfxtp_2)
                         -0.03   -0.03   library hold time
                                 -0.03   data required time
-----------------------------------------------------------------------------
                                 -0.03   data required time
                                 -0.43   data arrival time
-----------------------------------------------------------------------------
                                  0.47   slack (MET)


Startpoint: _2712_ (rising edge-triggered flip-flop clocked by core_clock)
Endpoint: _2712_ (rising edge-triggered flip-flop clocked by core_clock)
Path Group: core_clock
Path Type: min

Fanout     Cap    Slew   Delay    Time   Description
-----------------------------------------------------------------------------
                  0.00    0.00    0.00   clock core_clock (rise edge)
                          0.00    0.00   clock network delay (ideal)
                  0.00    0.00    0.00 ^ _2712_/CLK (sky130_fd_sc_hd__dfxtp_2)
     2    0.00    0.04    0.29    0.29 ^ _2712_/Q (sky130_fd_sc_hd__dfxtp_2)
                                         regfile.regfile[12][27] (net)
                  0.04    0.00    0.29 ^ _2446_/A (sky130_fd_sc_hd__buf_1)
     1    0.00    0.04    0.07    0.37 ^ _2446_/X (sky130_fd_sc_hd__buf_1)
                                         _1185_ (net)
                  0.04    0.00    0.37 ^ _2447_/A (sky130_fd_sc_hd__buf_1)
     1    0.00    0.03    0.07    0.43 ^ _2447_/X (sky130_fd_sc_hd__buf_1)
                                         _0066_ (net)
                  0.03    0.00    0.43 ^ _2712_/D (sky130_fd_sc_hd__dfxtp_2)
                                  0.43   data arrival time

                  0.00    0.00    0.00   clock core_clock (rise edge)
                          0.00    0.00   clock network delay (ideal)
                          0.00    0.00   clock reconvergence pessimism
                                  0.00 ^ _2712_/CLK (sky130_fd_sc_hd__dfxtp_2)
                         -0.03   -0.03   library hold time
                                 -0.03   data required time
-----------------------------------------------------------------------------
                                 -0.03   data required time
                                 -0.43   data arrival time
-----------------------------------------------------------------------------
                                  0.47   slack (MET)


Startpoint: _2713_ (rising edge-triggered flip-flop clocked by core_clock)
Endpoint: _2713_ (rising edge-triggered flip-flop clocked by core_clock)
Path Group: core_clock
Path Type: min

Fanout     Cap    Slew   Delay    Time   Description
-----------------------------------------------------------------------------
                  0.00    0.00    0.00   clock core_clock (rise edge)
                          0.00    0.00   clock network delay (ideal)
                  0.00    0.00    0.00 ^ _2713_/CLK (sky130_fd_sc_hd__dfxtp_2)
     2    0.00    0.04    0.29    0.29 ^ _2713_/Q (sky130_fd_sc_hd__dfxtp_2)
                                         regfile.regfile[12][28] (net)
                  0.04    0.00    0.29 ^ _2448_/A (sky130_fd_sc_hd__buf_1)
     1    0.00    0.04    0.07    0.37 ^ _2448_/X (sky130_fd_sc_hd__buf_1)
                                         _1186_ (net)
                  0.04    0.00    0.37 ^ _2449_/A (sky130_fd_sc_hd__buf_1)
     1    0.00    0.03    0.07    0.43 ^ _2449_/X (sky130_fd_sc_hd__buf_1)
                                         _0067_ (net)
                  0.03    0.00    0.43 ^ _2713_/D (sky130_fd_sc_hd__dfxtp_2)
                                  0.43   data arrival time

                  0.00    0.00    0.00   clock core_clock (rise edge)
                          0.00    0.00   clock network delay (ideal)
                          0.00    0.00   clock reconvergence pessimism
                                  0.00 ^ _2713_/CLK (sky130_fd_sc_hd__dfxtp_2)
                         -0.03   -0.03   library hold time
                                 -0.03   data required time
-----------------------------------------------------------------------------
                                 -0.03   data required time
                                 -0.43   data arrival time
-----------------------------------------------------------------------------
                                  0.47   slack (MET)


Startpoint: _2714_ (rising edge-triggered flip-flop clocked by core_clock)
Endpoint: _2714_ (rising edge-triggered flip-flop clocked by core_clock)
Path Group: core_clock
Path Type: min

Fanout     Cap    Slew   Delay    Time   Description
-----------------------------------------------------------------------------
                  0.00    0.00    0.00   clock core_clock (rise edge)
                          0.00    0.00   clock network delay (ideal)
                  0.00    0.00    0.00 ^ _2714_/CLK (sky130_fd_sc_hd__dfxtp_2)
     2    0.00    0.04    0.29    0.29 ^ _2714_/Q (sky130_fd_sc_hd__dfxtp_2)
                                         regfile.regfile[12][29] (net)
                  0.04    0.00    0.29 ^ _2450_/A (sky130_fd_sc_hd__buf_1)
     1    0.00    0.04    0.07    0.37 ^ _2450_/X (sky130_fd_sc_hd__buf_1)
                                         _1187_ (net)
                  0.04    0.00    0.37 ^ _2451_/A (sky130_fd_sc_hd__buf_1)
     1    0.00    0.03    0.07    0.43 ^ _2451_/X (sky130_fd_sc_hd__buf_1)
                                         _0068_ (net)
                  0.03    0.00    0.43 ^ _2714_/D (sky130_fd_sc_hd__dfxtp_2)
                                  0.43   data arrival time

                  0.00    0.00    0.00   clock core_clock (rise edge)
                          0.00    0.00   clock network delay (ideal)
                          0.00    0.00   clock reconvergence pessimism
                                  0.00 ^ _2714_/CLK (sky130_fd_sc_hd__dfxtp_2)
                         -0.03   -0.03   library hold time
                                 -0.03   data required time
-----------------------------------------------------------------------------
                                 -0.03   data required time
                                 -0.43   data arrival time
-----------------------------------------------------------------------------
                                  0.47   slack (MET)


Startpoint: _2715_ (rising edge-triggered flip-flop clocked by core_clock)
Endpoint: _2715_ (rising edge-triggered flip-flop clocked by core_clock)
Path Group: core_clock
Path Type: min

Fanout     Cap    Slew   Delay    Time   Description
-----------------------------------------------------------------------------
                  0.00    0.00    0.00   clock core_clock (rise edge)
                          0.00    0.00   clock network delay (ideal)
                  0.00    0.00    0.00 ^ _2715_/CLK (sky130_fd_sc_hd__dfxtp_2)
     2    0.00    0.04    0.29    0.29 ^ _2715_/Q (sky130_fd_sc_hd__dfxtp_2)
                                         regfile.regfile[12][30] (net)
                  0.04    0.00    0.29 ^ _2452_/A (sky130_fd_sc_hd__buf_1)
     1    0.00    0.04    0.07    0.37 ^ _2452_/X (sky130_fd_sc_hd__buf_1)
                                         _1188_ (net)
                  0.04    0.00    0.37 ^ _2453_/A (sky130_fd_sc_hd__buf_1)
     1    0.00    0.03    0.07    0.43 ^ _2453_/X (sky130_fd_sc_hd__buf_1)
                                         _0069_ (net)
                  0.03    0.00    0.43 ^ _2715_/D (sky130_fd_sc_hd__dfxtp_2)
                                  0.43   data arrival time

                  0.00    0.00    0.00   clock core_clock (rise edge)
                          0.00    0.00   clock network delay (ideal)
                          0.00    0.00   clock reconvergence pessimism
                                  0.00 ^ _2715_/CLK (sky130_fd_sc_hd__dfxtp_2)
                         -0.03   -0.03   library hold time
                                 -0.03   data required time
-----------------------------------------------------------------------------
                                 -0.03   data required time
                                 -0.43   data arrival time
-----------------------------------------------------------------------------
                                  0.47   slack (MET)


Startpoint: _2716_ (rising edge-triggered flip-flop clocked by core_clock)
Endpoint: _2716_ (rising edge-triggered flip-flop clocked by core_clock)
Path Group: core_clock
Path Type: min

Fanout     Cap    Slew   Delay    Time   Description
-----------------------------------------------------------------------------
                  0.00    0.00    0.00   clock core_clock (rise edge)
                          0.00    0.00   clock network delay (ideal)
                  0.00    0.00    0.00 ^ _2716_/CLK (sky130_fd_sc_hd__dfxtp_2)
     2    0.00    0.04    0.29    0.29 ^ _2716_/Q (sky130_fd_sc_hd__dfxtp_2)
                                         regfile.regfile[12][31] (net)
                  0.04    0.00    0.29 ^ _2454_/A (sky130_fd_sc_hd__buf_1)
     1    0.00    0.04    0.07    0.37 ^ _2454_/X (sky130_fd_sc_hd__buf_1)
                                         _1189_ (net)
                  0.04    0.00    0.37 ^ _2455_/A (sky130_fd_sc_hd__buf_1)
     1    0.00    0.03    0.07    0.43 ^ _2455_/X (sky130_fd_sc_hd__buf_1)
                                         _0070_ (net)
                  0.03    0.00    0.43 ^ _2716_/D (sky130_fd_sc_hd__dfxtp_2)
                                  0.43   data arrival time

                  0.00    0.00    0.00   clock core_clock (rise edge)
                          0.00    0.00   clock network delay (ideal)
                          0.00    0.00   clock reconvergence pessimism
                                  0.00 ^ _2716_/CLK (sky130_fd_sc_hd__dfxtp_2)
                         -0.03   -0.03   library hold time
                                 -0.03   data required time
-----------------------------------------------------------------------------
                                 -0.03   data required time
                                 -0.43   data arrival time
-----------------------------------------------------------------------------
                                  0.47   slack (MET)


Startpoint: _2724_ (rising edge-triggered flip-flop clocked by core_clock)
Endpoint: _2724_ (rising edge-triggered flip-flop clocked by core_clock)
Path Group: core_clock
Path Type: min

Fanout     Cap    Slew   Delay    Time   Description
-----------------------------------------------------------------------------
                  0.00    0.00    0.00   clock core_clock (rise edge)
                          0.00    0.00   clock network delay (ideal)
                  0.00    0.00    0.00 ^ _2724_/CLK (sky130_fd_sc_hd__dfxtp_2)
     2    0.00    0.04    0.29    0.29 ^ _2724_/Q (sky130_fd_sc_hd__dfxtp_2)
                                         regfile.regfile[7][7] (net)
                  0.04    0.00    0.29 ^ _2470_/A (sky130_fd_sc_hd__buf_1)
     1    0.00    0.04    0.07    0.37 ^ _2470_/X (sky130_fd_sc_hd__buf_1)
                                         _1197_ (net)
                  0.04    0.00    0.37 ^ _2471_/A (sky130_fd_sc_hd__buf_1)
     1    0.00    0.03    0.07    0.43 ^ _2471_/X (sky130_fd_sc_hd__buf_1)
                                         _0078_ (net)
                  0.03    0.00    0.43 ^ _2724_/D (sky130_fd_sc_hd__dfxtp_2)
                                  0.43   data arrival time

                  0.00    0.00    0.00   clock core_clock (rise edge)
                          0.00    0.00   clock network delay (ideal)
                          0.00    0.00   clock reconvergence pessimism
                                  0.00 ^ _2724_/CLK (sky130_fd_sc_hd__dfxtp_2)
                         -0.03   -0.03   library hold time
                                 -0.03   data required time
-----------------------------------------------------------------------------
                                 -0.03   data required time
                                 -0.43   data arrival time
-----------------------------------------------------------------------------
                                  0.47   slack (MET)


Startpoint: _2732_ (rising edge-triggered flip-flop clocked by core_clock)
Endpoint: _2732_ (rising edge-triggered flip-flop clocked by core_clock)
Path Group: core_clock
Path Type: min

Fanout     Cap    Slew   Delay    Time   Description
-----------------------------------------------------------------------------
                  0.00    0.00    0.00   clock core_clock (rise edge)
                          0.00    0.00   clock network delay (ideal)
                  0.00    0.00    0.00 ^ _2732_/CLK (sky130_fd_sc_hd__dfxtp_2)
     2    0.00    0.04    0.29    0.29 ^ _2732_/Q (sky130_fd_sc_hd__dfxtp_2)
                                         regfile.regfile[7][15] (net)
                  0.04    0.00    0.29 ^ _2486_/A (sky130_fd_sc_hd__buf_1)
     1    0.00    0.04    0.07    0.37 ^ _2486_/X (sky130_fd_sc_hd__buf_1)
                                         _1205_ (net)
                  0.04    0.00    0.37 ^ _2487_/A (sky130_fd_sc_hd__buf_1)
     1    0.00    0.03    0.07    0.43 ^ _2487_/X (sky130_fd_sc_hd__buf_1)
                                         _0086_ (net)
                  0.03    0.00    0.43 ^ _2732_/D (sky130_fd_sc_hd__dfxtp_2)
                                  0.43   data arrival time

                  0.00    0.00    0.00   clock core_clock (rise edge)
                          0.00    0.00   clock network delay (ideal)
                          0.00    0.00   clock reconvergence pessimism
                                  0.00 ^ _2732_/CLK (sky130_fd_sc_hd__dfxtp_2)
                         -0.03   -0.03   library hold time
                                 -0.03   data required time
-----------------------------------------------------------------------------
                                 -0.03   data required time
                                 -0.43   data arrival time
-----------------------------------------------------------------------------
                                  0.47   slack (MET)


Startpoint: _2737_ (rising edge-triggered flip-flop clocked by core_clock)
Endpoint: _2737_ (rising edge-triggered flip-flop clocked by core_clock)
Path Group: core_clock
Path Type: min

Fanout     Cap    Slew   Delay    Time   Description
-----------------------------------------------------------------------------
                  0.00    0.00    0.00   clock core_clock (rise edge)
                          0.00    0.00   clock network delay (ideal)
                  0.00    0.00    0.00 ^ _2737_/CLK (sky130_fd_sc_hd__dfxtp_2)
     2    0.00    0.04    0.29    0.29 ^ _2737_/Q (sky130_fd_sc_hd__dfxtp_2)
                                         regfile.regfile[7][20] (net)
                  0.04    0.00    0.29 ^ _2496_/A (sky130_fd_sc_hd__buf_1)
     1    0.00    0.04    0.07    0.37 ^ _2496_/X (sky130_fd_sc_hd__buf_1)
                                         _1210_ (net)
                  0.04    0.00    0.37 ^ _2497_/A (sky130_fd_sc_hd__buf_1)
     1    0.00    0.03    0.07    0.43 ^ _2497_/X (sky130_fd_sc_hd__buf_1)
                                         _0091_ (net)
                  0.03    0.00    0.43 ^ _2737_/D (sky130_fd_sc_hd__dfxtp_2)
                                  0.43   data arrival time

                  0.00    0.00    0.00   clock core_clock (rise edge)
                          0.00    0.00   clock network delay (ideal)
                          0.00    0.00   clock reconvergence pessimism
                                  0.00 ^ _2737_/CLK (sky130_fd_sc_hd__dfxtp_2)
                         -0.03   -0.03   library hold time
                                 -0.03   data required time
-----------------------------------------------------------------------------
                                 -0.03   data required time
                                 -0.43   data arrival time
-----------------------------------------------------------------------------
                                  0.47   slack (MET)


Startpoint: _2740_ (rising edge-triggered flip-flop clocked by core_clock)
Endpoint: _2740_ (rising edge-triggered flip-flop clocked by core_clock)
Path Group: core_clock
Path Type: min

Fanout     Cap    Slew   Delay    Time   Description
-----------------------------------------------------------------------------
                  0.00    0.00    0.00   clock core_clock (rise edge)
                          0.00    0.00   clock network delay (ideal)
                  0.00    0.00    0.00 ^ _2740_/CLK (sky130_fd_sc_hd__dfxtp_2)
     2    0.00    0.04    0.29    0.29 ^ _2740_/Q (sky130_fd_sc_hd__dfxtp_2)
                                         regfile.regfile[7][23] (net)
                  0.04    0.00    0.29 ^ _2502_/A (sky130_fd_sc_hd__buf_1)
     1    0.00    0.04    0.07    0.37 ^ _2502_/X (sky130_fd_sc_hd__buf_1)
                                         _1213_ (net)
                  0.04    0.00    0.37 ^ _2503_/A (sky130_fd_sc_hd__buf_1)
     1    0.00    0.03    0.07    0.43 ^ _2503_/X (sky130_fd_sc_hd__buf_1)
                                         _0094_ (net)
                  0.03    0.00    0.43 ^ _2740_/D (sky130_fd_sc_hd__dfxtp_2)
                                  0.43   data arrival time

                  0.00    0.00    0.00   clock core_clock (rise edge)
                          0.00    0.00   clock network delay (ideal)
                          0.00    0.00   clock reconvergence pessimism
                                  0.00 ^ _2740_/CLK (sky130_fd_sc_hd__dfxtp_2)
                         -0.03   -0.03   library hold time
                                 -0.03   data required time
-----------------------------------------------------------------------------
                                 -0.03   data required time
                                 -0.43   data arrival time
-----------------------------------------------------------------------------
                                  0.47   slack (MET)


Startpoint: _2741_ (rising edge-triggered flip-flop clocked by core_clock)
Endpoint: _2741_ (rising edge-triggered flip-flop clocked by core_clock)
Path Group: core_clock
Path Type: min

Fanout     Cap    Slew   Delay    Time   Description
-----------------------------------------------------------------------------
                  0.00    0.00    0.00   clock core_clock (rise edge)
                          0.00    0.00   clock network delay (ideal)
                  0.00    0.00    0.00 ^ _2741_/CLK (sky130_fd_sc_hd__dfxtp_2)
     2    0.00    0.04    0.29    0.29 ^ _2741_/Q (sky130_fd_sc_hd__dfxtp_2)
                                         regfile.regfile[7][24] (net)
                  0.04    0.00    0.29 ^ _2504_/A (sky130_fd_sc_hd__buf_1)
     1    0.00    0.04    0.07    0.37 ^ _2504_/X (sky130_fd_sc_hd__buf_1)
                                         _1214_ (net)
                  0.04    0.00    0.37 ^ _2505_/A (sky130_fd_sc_hd__buf_1)
     1    0.00    0.03    0.07    0.43 ^ _2505_/X (sky130_fd_sc_hd__buf_1)
                                         _0095_ (net)
                  0.03    0.00    0.43 ^ _2741_/D (sky130_fd_sc_hd__dfxtp_2)
                                  0.43   data arrival time

                  0.00    0.00    0.00   clock core_clock (rise edge)
                          0.00    0.00   clock network delay (ideal)
                          0.00    0.00   clock reconvergence pessimism
                                  0.00 ^ _2741_/CLK (sky130_fd_sc_hd__dfxtp_2)
                         -0.03   -0.03   library hold time
                                 -0.03   data required time
-----------------------------------------------------------------------------
                                 -0.03   data required time
                                 -0.43   data arrival time
-----------------------------------------------------------------------------
                                  0.47   slack (MET)


Startpoint: _2742_ (rising edge-triggered flip-flop clocked by core_clock)
Endpoint: _2742_ (rising edge-triggered flip-flop clocked by core_clock)
Path Group: core_clock
Path Type: min

Fanout     Cap    Slew   Delay    Time   Description
-----------------------------------------------------------------------------
                  0.00    0.00    0.00   clock core_clock (rise edge)
                          0.00    0.00   clock network delay (ideal)
                  0.00    0.00    0.00 ^ _2742_/CLK (sky130_fd_sc_hd__dfxtp_2)
     2    0.00    0.04    0.29    0.29 ^ _2742_/Q (sky130_fd_sc_hd__dfxtp_2)
                                         regfile.regfile[7][25] (net)
                  0.04    0.00    0.29 ^ _2506_/A (sky130_fd_sc_hd__buf_1)
     1    0.00    0.04    0.07    0.37 ^ _2506_/X (sky130_fd_sc_hd__buf_1)
                                         _1215_ (net)
                  0.04    0.00    0.37 ^ _2507_/A (sky130_fd_sc_hd__buf_1)
     1    0.00    0.03    0.07    0.43 ^ _2507_/X (sky130_fd_sc_hd__buf_1)
                                         _0096_ (net)
                  0.03    0.00    0.43 ^ _2742_/D (sky130_fd_sc_hd__dfxtp_2)
                                  0.43   data arrival time

                  0.00    0.00    0.00   clock core_clock (rise edge)
                          0.00    0.00   clock network delay (ideal)
                          0.00    0.00   clock reconvergence pessimism
                                  0.00 ^ _2742_/CLK (sky130_fd_sc_hd__dfxtp_2)
                         -0.03   -0.03   library hold time
                                 -0.03   data required time
-----------------------------------------------------------------------------
                                 -0.03   data required time
                                 -0.43   data arrival time
-----------------------------------------------------------------------------
                                  0.47   slack (MET)


Startpoint: _2743_ (rising edge-triggered flip-flop clocked by core_clock)
Endpoint: _2743_ (rising edge-triggered flip-flop clocked by core_clock)
Path Group: core_clock
Path Type: min

Fanout     Cap    Slew   Delay    Time   Description
-----------------------------------------------------------------------------
                  0.00    0.00    0.00   clock core_clock (rise edge)
                          0.00    0.00   clock network delay (ideal)
                  0.00    0.00    0.00 ^ _2743_/CLK (sky130_fd_sc_hd__dfxtp_2)
     2    0.00    0.04    0.29    0.29 ^ _2743_/Q (sky130_fd_sc_hd__dfxtp_2)
                                         regfile.regfile[7][26] (net)
                  0.04    0.00    0.29 ^ _2508_/A (sky130_fd_sc_hd__buf_1)
     1    0.00    0.04    0.07    0.37 ^ _2508_/X (sky130_fd_sc_hd__buf_1)
                                         _1216_ (net)
                  0.04    0.00    0.37 ^ _2509_/A (sky130_fd_sc_hd__buf_1)
     1    0.00    0.03    0.07    0.43 ^ _2509_/X (sky130_fd_sc_hd__buf_1)
                                         _0097_ (net)
                  0.03    0.00    0.43 ^ _2743_/D (sky130_fd_sc_hd__dfxtp_2)
                                  0.43   data arrival time

                  0.00    0.00    0.00   clock core_clock (rise edge)
                          0.00    0.00   clock network delay (ideal)
                          0.00    0.00   clock reconvergence pessimism
                                  0.00 ^ _2743_/CLK (sky130_fd_sc_hd__dfxtp_2)
                         -0.03   -0.03   library hold time
                                 -0.03   data required time
-----------------------------------------------------------------------------
                                 -0.03   data required time
                                 -0.43   data arrival time
-----------------------------------------------------------------------------
                                  0.47   slack (MET)


Startpoint: _2744_ (rising edge-triggered flip-flop clocked by core_clock)
Endpoint: _2744_ (rising edge-triggered flip-flop clocked by core_clock)
Path Group: core_clock
Path Type: min

Fanout     Cap    Slew   Delay    Time   Description
-----------------------------------------------------------------------------
                  0.00    0.00    0.00   clock core_clock (rise edge)
                          0.00    0.00   clock network delay (ideal)
                  0.00    0.00    0.00 ^ _2744_/CLK (sky130_fd_sc_hd__dfxtp_2)
     2    0.00    0.04    0.29    0.29 ^ _2744_/Q (sky130_fd_sc_hd__dfxtp_2)
                                         regfile.regfile[7][27] (net)
                  0.04    0.00    0.29 ^ _2510_/A (sky130_fd_sc_hd__buf_1)
     1    0.00    0.04    0.07    0.37 ^ _2510_/X (sky130_fd_sc_hd__buf_1)
                                         _1217_ (net)
                  0.04    0.00    0.37 ^ _2511_/A (sky130_fd_sc_hd__buf_1)
     1    0.00    0.03    0.07    0.43 ^ _2511_/X (sky130_fd_sc_hd__buf_1)
                                         _0098_ (net)
                  0.03    0.00    0.43 ^ _2744_/D (sky130_fd_sc_hd__dfxtp_2)
                                  0.43   data arrival time

                  0.00    0.00    0.00   clock core_clock (rise edge)
                          0.00    0.00   clock network delay (ideal)
                          0.00    0.00   clock reconvergence pessimism
                                  0.00 ^ _2744_/CLK (sky130_fd_sc_hd__dfxtp_2)
                         -0.03   -0.03   library hold time
                                 -0.03   data required time
-----------------------------------------------------------------------------
                                 -0.03   data required time
                                 -0.43   data arrival time
-----------------------------------------------------------------------------
                                  0.47   slack (MET)


Startpoint: _2745_ (rising edge-triggered flip-flop clocked by core_clock)
Endpoint: _2745_ (rising edge-triggered flip-flop clocked by core_clock)
Path Group: core_clock
Path Type: min

Fanout     Cap    Slew   Delay    Time   Description
-----------------------------------------------------------------------------
                  0.00    0.00    0.00   clock core_clock (rise edge)
                          0.00    0.00   clock network delay (ideal)
                  0.00    0.00    0.00 ^ _2745_/CLK (sky130_fd_sc_hd__dfxtp_2)
     2    0.00    0.04    0.29    0.29 ^ _2745_/Q (sky130_fd_sc_hd__dfxtp_2)
                                         regfile.regfile[7][28] (net)
                  0.04    0.00    0.29 ^ _2512_/A (sky130_fd_sc_hd__buf_1)
     1    0.00    0.04    0.07    0.37 ^ _2512_/X (sky130_fd_sc_hd__buf_1)
                                         _1218_ (net)
                  0.04    0.00    0.37 ^ _2513_/A (sky130_fd_sc_hd__buf_1)
     1    0.00    0.03    0.07    0.43 ^ _2513_/X (sky130_fd_sc_hd__buf_1)
                                         _0099_ (net)
                  0.03    0.00    0.43 ^ _2745_/D (sky130_fd_sc_hd__dfxtp_2)
                                  0.43   data arrival time

                  0.00    0.00    0.00   clock core_clock (rise edge)
                          0.00    0.00   clock network delay (ideal)
                          0.00    0.00   clock reconvergence pessimism
                                  0.00 ^ _2745_/CLK (sky130_fd_sc_hd__dfxtp_2)
                         -0.03   -0.03   library hold time
                                 -0.03   data required time
-----------------------------------------------------------------------------
                                 -0.03   data required time
                                 -0.43   data arrival time
-----------------------------------------------------------------------------
                                  0.47   slack (MET)


Startpoint: _2746_ (rising edge-triggered flip-flop clocked by core_clock)
Endpoint: _2746_ (rising edge-triggered flip-flop clocked by core_clock)
Path Group: core_clock
Path Type: min

Fanout     Cap    Slew   Delay    Time   Description
-----------------------------------------------------------------------------
                  0.00    0.00    0.00   clock core_clock (rise edge)
                          0.00    0.00   clock network delay (ideal)
                  0.00    0.00    0.00 ^ _2746_/CLK (sky130_fd_sc_hd__dfxtp_2)
     2    0.00    0.04    0.29    0.29 ^ _2746_/Q (sky130_fd_sc_hd__dfxtp_2)
                                         regfile.regfile[7][29] (net)
                  0.04    0.00    0.29 ^ _2514_/A (sky130_fd_sc_hd__buf_1)
     1    0.00    0.04    0.07    0.37 ^ _2514_/X (sky130_fd_sc_hd__buf_1)
                                         _1219_ (net)
                  0.04    0.00    0.37 ^ _2515_/A (sky130_fd_sc_hd__buf_1)
     1    0.00    0.03    0.07    0.43 ^ _2515_/X (sky130_fd_sc_hd__buf_1)
                                         _0100_ (net)
                  0.03    0.00    0.43 ^ _2746_/D (sky130_fd_sc_hd__dfxtp_2)
                                  0.43   data arrival time

                  0.00    0.00    0.00   clock core_clock (rise edge)
                          0.00    0.00   clock network delay (ideal)
                          0.00    0.00   clock reconvergence pessimism
                                  0.00 ^ _2746_/CLK (sky130_fd_sc_hd__dfxtp_2)
                         -0.03   -0.03   library hold time
                                 -0.03   data required time
-----------------------------------------------------------------------------
                                 -0.03   data required time
                                 -0.43   data arrival time
-----------------------------------------------------------------------------
                                  0.47   slack (MET)


Startpoint: _2747_ (rising edge-triggered flip-flop clocked by core_clock)
Endpoint: _2747_ (rising edge-triggered flip-flop clocked by core_clock)
Path Group: core_clock
Path Type: min

Fanout     Cap    Slew   Delay    Time   Description
-----------------------------------------------------------------------------
                  0.00    0.00    0.00   clock core_clock (rise edge)
                          0.00    0.00   clock network delay (ideal)
                  0.00    0.00    0.00 ^ _2747_/CLK (sky130_fd_sc_hd__dfxtp_2)
     2    0.00    0.04    0.29    0.29 ^ _2747_/Q (sky130_fd_sc_hd__dfxtp_2)
                                         regfile.regfile[7][30] (net)
                  0.04    0.00    0.29 ^ _2516_/A (sky130_fd_sc_hd__buf_1)
     1    0.00    0.04    0.07    0.37 ^ _2516_/X (sky130_fd_sc_hd__buf_1)
                                         _1220_ (net)
                  0.04    0.00    0.37 ^ _2517_/A (sky130_fd_sc_hd__buf_1)
     1    0.00    0.03    0.07    0.43 ^ _2517_/X (sky130_fd_sc_hd__buf_1)
                                         _0101_ (net)
                  0.03    0.00    0.43 ^ _2747_/D (sky130_fd_sc_hd__dfxtp_2)
                                  0.43   data arrival time

                  0.00    0.00    0.00   clock core_clock (rise edge)
                          0.00    0.00   clock network delay (ideal)
                          0.00    0.00   clock reconvergence pessimism
                                  0.00 ^ _2747_/CLK (sky130_fd_sc_hd__dfxtp_2)
                         -0.03   -0.03   library hold time
                                 -0.03   data required time
-----------------------------------------------------------------------------
                                 -0.03   data required time
                                 -0.43   data arrival time
-----------------------------------------------------------------------------
                                  0.47   slack (MET)


Startpoint: _2748_ (rising edge-triggered flip-flop clocked by core_clock)
Endpoint: _2748_ (rising edge-triggered flip-flop clocked by core_clock)
Path Group: core_clock
Path Type: min

Fanout     Cap    Slew   Delay    Time   Description
-----------------------------------------------------------------------------
                  0.00    0.00    0.00   clock core_clock (rise edge)
                          0.00    0.00   clock network delay (ideal)
                  0.00    0.00    0.00 ^ _2748_/CLK (sky130_fd_sc_hd__dfxtp_2)
     2    0.00    0.04    0.29    0.29 ^ _2748_/Q (sky130_fd_sc_hd__dfxtp_2)
                                         regfile.regfile[7][31] (net)
                  0.04    0.00    0.29 ^ _2518_/A (sky130_fd_sc_hd__buf_1)
     1    0.00    0.04    0.07    0.37 ^ _2518_/X (sky130_fd_sc_hd__buf_1)
                                         _1221_ (net)
                  0.04    0.00    0.37 ^ _2519_/A (sky130_fd_sc_hd__buf_1)
     1    0.00    0.03    0.07    0.43 ^ _2519_/X (sky130_fd_sc_hd__buf_1)
                                         _0102_ (net)
                  0.03    0.00    0.43 ^ _2748_/D (sky130_fd_sc_hd__dfxtp_2)
                                  0.43   data arrival time

                  0.00    0.00    0.00   clock core_clock (rise edge)
                          0.00    0.00   clock network delay (ideal)
                          0.00    0.00   clock reconvergence pessimism
                                  0.00 ^ _2748_/CLK (sky130_fd_sc_hd__dfxtp_2)
                         -0.03   -0.03   library hold time
                                 -0.03   data required time
-----------------------------------------------------------------------------
                                 -0.03   data required time
                                 -0.43   data arrival time
-----------------------------------------------------------------------------
                                  0.47   slack (MET)


Startpoint: _2734_ (rising edge-triggered flip-flop clocked by core_clock)
Endpoint: _2734_ (rising edge-triggered flip-flop clocked by core_clock)
Path Group: core_clock
Path Type: min

Fanout     Cap    Slew   Delay    Time   Description
-----------------------------------------------------------------------------
                  0.00    0.00    0.00   clock core_clock (rise edge)
                          0.00    0.00   clock network delay (ideal)
                  0.00    0.00    0.00 ^ _2734_/CLK (sky130_fd_sc_hd__dfxtp_2)
     2    0.00    0.04    0.30    0.30 ^ _2734_/Q (sky130_fd_sc_hd__dfxtp_2)
                                         regfile.regfile[7][17] (net)
                  0.04    0.00    0.30 ^ _2490_/A (sky130_fd_sc_hd__buf_1)
     1    0.00    0.04    0.07    0.37 ^ _2490_/X (sky130_fd_sc_hd__buf_1)
                                         _1207_ (net)
                  0.04    0.00    0.37 ^ _2491_/A (sky130_fd_sc_hd__buf_1)
     1    0.00    0.03    0.07    0.44 ^ _2491_/X (sky130_fd_sc_hd__buf_1)
                                         _0088_ (net)
                  0.03    0.00    0.44 ^ _2734_/D (sky130_fd_sc_hd__dfxtp_2)
                                  0.44   data arrival time

                  0.00    0.00    0.00   clock core_clock (rise edge)
                          0.00    0.00   clock network delay (ideal)
                          0.00    0.00   clock reconvergence pessimism
                                  0.00 ^ _2734_/CLK (sky130_fd_sc_hd__dfxtp_2)
                         -0.03   -0.03   library hold time
                                 -0.03   data required time
-----------------------------------------------------------------------------
                                 -0.03   data required time
                                 -0.44   data arrival time
-----------------------------------------------------------------------------
                                  0.47   slack (MET)


Startpoint: _2723_ (rising edge-triggered flip-flop clocked by core_clock)
Endpoint: _2723_ (rising edge-triggered flip-flop clocked by core_clock)
Path Group: core_clock
Path Type: min

Fanout     Cap    Slew   Delay    Time   Description
-----------------------------------------------------------------------------
                  0.00    0.00    0.00   clock core_clock (rise edge)
                          0.00    0.00   clock network delay (ideal)
                  0.00    0.00    0.00 ^ _2723_/CLK (sky130_fd_sc_hd__dfxtp_2)
     2    0.00    0.04    0.30    0.30 ^ _2723_/Q (sky130_fd_sc_hd__dfxtp_2)
                                         regfile.regfile[7][6] (net)
                  0.04    0.00    0.30 ^ _2468_/A (sky130_fd_sc_hd__buf_1)
     1    0.00    0.04    0.07    0.37 ^ _2468_/X (sky130_fd_sc_hd__buf_1)
                                         _1196_ (net)
                  0.04    0.00    0.37 ^ _2469_/A (sky130_fd_sc_hd__buf_1)
     1    0.00    0.03    0.07    0.44 ^ _2469_/X (sky130_fd_sc_hd__buf_1)
                                         _0077_ (net)
                  0.03    0.00    0.44 ^ _2723_/D (sky130_fd_sc_hd__dfxtp_2)
                                  0.44   data arrival time

                  0.00    0.00    0.00   clock core_clock (rise edge)
                          0.00    0.00   clock network delay (ideal)
                          0.00    0.00   clock reconvergence pessimism
                                  0.00 ^ _2723_/CLK (sky130_fd_sc_hd__dfxtp_2)
                         -0.03   -0.03   library hold time
                                 -0.03   data required time
-----------------------------------------------------------------------------
                                 -0.03   data required time
                                 -0.44   data arrival time
-----------------------------------------------------------------------------
                                  0.47   slack (MET)


Startpoint: _2717_ (rising edge-triggered flip-flop clocked by core_clock)
Endpoint: _2717_ (rising edge-triggered flip-flop clocked by core_clock)
Path Group: core_clock
Path Type: min

Fanout     Cap    Slew   Delay    Time   Description
-----------------------------------------------------------------------------
                  0.00    0.00    0.00   clock core_clock (rise edge)
                          0.00    0.00   clock network delay (ideal)
                  0.00    0.00    0.00 ^ _2717_/CLK (sky130_fd_sc_hd__dfxtp_2)
     2    0.00    0.04    0.30    0.30 ^ _2717_/Q (sky130_fd_sc_hd__dfxtp_2)
                                         regfile.regfile[7][0] (net)
                  0.04    0.00    0.30 ^ _2456_/A (sky130_fd_sc_hd__buf_1)
     1    0.00    0.04    0.07    0.37 ^ _2456_/X (sky130_fd_sc_hd__buf_1)
                                         _1190_ (net)
                  0.04    0.00    0.37 ^ _2457_/A (sky130_fd_sc_hd__buf_1)
     1    0.00    0.03    0.07    0.44 ^ _2457_/X (sky130_fd_sc_hd__buf_1)
                                         _0071_ (net)
                  0.03    0.00    0.44 ^ _2717_/D (sky130_fd_sc_hd__dfxtp_2)
                                  0.44   data arrival time

                  0.00    0.00    0.00   clock core_clock (rise edge)
                          0.00    0.00   clock network delay (ideal)
                          0.00    0.00   clock reconvergence pessimism
                                  0.00 ^ _2717_/CLK (sky130_fd_sc_hd__dfxtp_2)
                         -0.03   -0.03   library hold time
                                 -0.03   data required time
-----------------------------------------------------------------------------
                                 -0.03   data required time
                                 -0.44   data arrival time
-----------------------------------------------------------------------------
                                  0.47   slack (MET)


Startpoint: _2719_ (rising edge-triggered flip-flop clocked by core_clock)
Endpoint: _2719_ (rising edge-triggered flip-flop clocked by core_clock)
Path Group: core_clock
Path Type: min

Fanout     Cap    Slew   Delay    Time   Description
-----------------------------------------------------------------------------
                  0.00    0.00    0.00   clock core_clock (rise edge)
                          0.00    0.00   clock network delay (ideal)
                  0.00    0.00    0.00 ^ _2719_/CLK (sky130_fd_sc_hd__dfxtp_2)
     2    0.00    0.04    0.30    0.30 ^ _2719_/Q (sky130_fd_sc_hd__dfxtp_2)
                                         regfile.regfile[7][2] (net)
                  0.04    0.00    0.30 ^ _2460_/A (sky130_fd_sc_hd__buf_1)
     1    0.00    0.04    0.07    0.37 ^ _2460_/X (sky130_fd_sc_hd__buf_1)
                                         _1192_ (net)
                  0.04    0.00    0.37 ^ _2461_/A (sky130_fd_sc_hd__buf_1)
     1    0.00    0.03    0.07    0.44 ^ _2461_/X (sky130_fd_sc_hd__buf_1)
                                         _0073_ (net)
                  0.03    0.00    0.44 ^ _2719_/D (sky130_fd_sc_hd__dfxtp_2)
                                  0.44   data arrival time

                  0.00    0.00    0.00   clock core_clock (rise edge)
                          0.00    0.00   clock network delay (ideal)
                          0.00    0.00   clock reconvergence pessimism
                                  0.00 ^ _2719_/CLK (sky130_fd_sc_hd__dfxtp_2)
                         -0.03   -0.03   library hold time
                                 -0.03   data required time
-----------------------------------------------------------------------------
                                 -0.03   data required time
                                 -0.44   data arrival time
-----------------------------------------------------------------------------
                                  0.47   slack (MET)


Startpoint: _2720_ (rising edge-triggered flip-flop clocked by core_clock)
Endpoint: _2720_ (rising edge-triggered flip-flop clocked by core_clock)
Path Group: core_clock
Path Type: min

Fanout     Cap    Slew   Delay    Time   Description
-----------------------------------------------------------------------------
                  0.00    0.00    0.00   clock core_clock (rise edge)
                          0.00    0.00   clock network delay (ideal)
                  0.00    0.00    0.00 ^ _2720_/CLK (sky130_fd_sc_hd__dfxtp_2)
     2    0.00    0.04    0.30    0.30 ^ _2720_/Q (sky130_fd_sc_hd__dfxtp_2)
                                         regfile.regfile[7][3] (net)
                  0.04    0.00    0.30 ^ _2462_/A (sky130_fd_sc_hd__buf_1)
     1    0.00    0.04    0.07    0.37 ^ _2462_/X (sky130_fd_sc_hd__buf_1)
                                         _1193_ (net)
                  0.04    0.00    0.37 ^ _2463_/A (sky130_fd_sc_hd__buf_1)
     1    0.00    0.03    0.07    0.44 ^ _2463_/X (sky130_fd_sc_hd__buf_1)
                                         _0074_ (net)
                  0.03    0.00    0.44 ^ _2720_/D (sky130_fd_sc_hd__dfxtp_2)
                                  0.44   data arrival time

                  0.00    0.00    0.00   clock core_clock (rise edge)
                          0.00    0.00   clock network delay (ideal)
                          0.00    0.00   clock reconvergence pessimism
                                  0.00 ^ _2720_/CLK (sky130_fd_sc_hd__dfxtp_2)
                         -0.03   -0.03   library hold time
                                 -0.03   data required time
-----------------------------------------------------------------------------
                                 -0.03   data required time
                                 -0.44   data arrival time
-----------------------------------------------------------------------------
                                  0.47   slack (MET)


Startpoint: _2721_ (rising edge-triggered flip-flop clocked by core_clock)
Endpoint: _2721_ (rising edge-triggered flip-flop clocked by core_clock)
Path Group: core_clock
Path Type: min

Fanout     Cap    Slew   Delay    Time   Description
-----------------------------------------------------------------------------
                  0.00    0.00    0.00   clock core_clock (rise edge)
                          0.00    0.00   clock network delay (ideal)
                  0.00    0.00    0.00 ^ _2721_/CLK (sky130_fd_sc_hd__dfxtp_2)
     2    0.00    0.04    0.30    0.30 ^ _2721_/Q (sky130_fd_sc_hd__dfxtp_2)
                                         regfile.regfile[7][4] (net)
                  0.04    0.00    0.30 ^ _2464_/A (sky130_fd_sc_hd__buf_1)
     1    0.00    0.04    0.07    0.37 ^ _2464_/X (sky130_fd_sc_hd__buf_1)
                                         _1194_ (net)
                  0.04    0.00    0.37 ^ _2465_/A (sky130_fd_sc_hd__buf_1)
     1    0.00    0.03    0.07    0.44 ^ _2465_/X (sky130_fd_sc_hd__buf_1)
                                         _0075_ (net)
                  0.03    0.00    0.44 ^ _2721_/D (sky130_fd_sc_hd__dfxtp_2)
                                  0.44   data arrival time

                  0.00    0.00    0.00   clock core_clock (rise edge)
                          0.00    0.00   clock network delay (ideal)
                          0.00    0.00   clock reconvergence pessimism
                                  0.00 ^ _2721_/CLK (sky130_fd_sc_hd__dfxtp_2)
                         -0.03   -0.03   library hold time
                                 -0.03   data required time
-----------------------------------------------------------------------------
                                 -0.03   data required time
                                 -0.44   data arrival time
-----------------------------------------------------------------------------
                                  0.47   slack (MET)


Startpoint: _2731_ (rising edge-triggered flip-flop clocked by core_clock)
Endpoint: _2731_ (rising edge-triggered flip-flop clocked by core_clock)
Path Group: core_clock
Path Type: min

Fanout     Cap    Slew   Delay    Time   Description
-----------------------------------------------------------------------------
                  0.00    0.00    0.00   clock core_clock (rise edge)
                          0.00    0.00   clock network delay (ideal)
                  0.00    0.00    0.00 ^ _2731_/CLK (sky130_fd_sc_hd__dfxtp_2)
     2    0.00    0.04    0.30    0.30 ^ _2731_/Q (sky130_fd_sc_hd__dfxtp_2)
                                         regfile.regfile[7][14] (net)
                  0.04    0.00    0.30 ^ _2484_/A (sky130_fd_sc_hd__buf_1)
     1    0.00    0.04    0.07    0.37 ^ _2484_/X (sky130_fd_sc_hd__buf_1)
                                         _1204_ (net)
                  0.04    0.00    0.37 ^ _2485_/A (sky130_fd_sc_hd__buf_1)
     1    0.00    0.03    0.07    0.44 ^ _2485_/X (sky130_fd_sc_hd__buf_1)
                                         _0085_ (net)
                  0.03    0.00    0.44 ^ _2731_/D (sky130_fd_sc_hd__dfxtp_2)
                                  0.44   data arrival time

                  0.00    0.00    0.00   clock core_clock (rise edge)
                          0.00    0.00   clock network delay (ideal)
                          0.00    0.00   clock reconvergence pessimism
                                  0.00 ^ _2731_/CLK (sky130_fd_sc_hd__dfxtp_2)
                         -0.03   -0.03   library hold time
                                 -0.03   data required time
-----------------------------------------------------------------------------
                                 -0.03   data required time
                                 -0.44   data arrival time
-----------------------------------------------------------------------------
                                  0.47   slack (MET)


Startpoint: _2684_ (rising edge-triggered flip-flop clocked by core_clock)
Endpoint: _2684_ (rising edge-triggered flip-flop clocked by core_clock)
Path Group: core_clock
Path Type: min

Fanout     Cap    Slew   Delay    Time   Description
-----------------------------------------------------------------------------
                  0.00    0.00    0.00   clock core_clock (rise edge)
                          0.00    0.00   clock network delay (ideal)
                  0.00    0.00    0.00 ^ _2684_/CLK (sky130_fd_sc_hd__dfxtp_2)
     2    0.00    0.04    0.30    0.30 ^ _2684_/Q (sky130_fd_sc_hd__dfxtp_2)
                                         regfile.regfile[20][5] (net)
                  0.04    0.00    0.30 ^ _1829_/A (sky130_fd_sc_hd__buf_1)
     1    0.00    0.04    0.07    0.37 ^ _1829_/X (sky130_fd_sc_hd__buf_1)
                                         _0596_ (net)
                  0.04    0.00    0.37 ^ _1830_/A (sky130_fd_sc_hd__buf_1)
     1    0.00    0.03    0.07    0.44 ^ _1830_/X (sky130_fd_sc_hd__buf_1)
                                         _0038_ (net)
                  0.03    0.00    0.44 ^ _2684_/D (sky130_fd_sc_hd__dfxtp_2)
                                  0.44   data arrival time

                  0.00    0.00    0.00   clock core_clock (rise edge)
                          0.00    0.00   clock network delay (ideal)
                          0.00    0.00   clock reconvergence pessimism
                                  0.00 ^ _2684_/CLK (sky130_fd_sc_hd__dfxtp_2)
                         -0.03   -0.03   library hold time
                                 -0.03   data required time
-----------------------------------------------------------------------------
                                 -0.03   data required time
                                 -0.44   data arrival time
-----------------------------------------------------------------------------
                                  0.47   slack (MET)


Startpoint: _2683_ (rising edge-triggered flip-flop clocked by core_clock)
Endpoint: _2683_ (rising edge-triggered flip-flop clocked by core_clock)
Path Group: core_clock
Path Type: min

Fanout     Cap    Slew   Delay    Time   Description
-----------------------------------------------------------------------------
                  0.00    0.00    0.00   clock core_clock (rise edge)
                          0.00    0.00   clock network delay (ideal)
                  0.00    0.00    0.00 ^ _2683_/CLK (sky130_fd_sc_hd__dfxtp_2)
     2    0.00    0.04    0.30    0.30 ^ _2683_/Q (sky130_fd_sc_hd__dfxtp_2)
                                         regfile.regfile[20][1] (net)
                  0.04    0.00    0.30 ^ _1827_/A (sky130_fd_sc_hd__buf_1)
     1    0.00    0.04    0.07    0.37 ^ _1827_/X (sky130_fd_sc_hd__buf_1)
                                         _0595_ (net)
                  0.04    0.00    0.37 ^ _1828_/A (sky130_fd_sc_hd__buf_1)
     1    0.00    0.03    0.07    0.44 ^ _1828_/X (sky130_fd_sc_hd__buf_1)
                                         _0037_ (net)
                  0.03    0.00    0.44 ^ _2683_/D (sky130_fd_sc_hd__dfxtp_2)
                                  0.44   data arrival time

                  0.00    0.00    0.00   clock core_clock (rise edge)
                          0.00    0.00   clock network delay (ideal)
                          0.00    0.00   clock reconvergence pessimism
                                  0.00 ^ _2683_/CLK (sky130_fd_sc_hd__dfxtp_2)
                         -0.03   -0.03   library hold time
                                 -0.03   data required time
-----------------------------------------------------------------------------
                                 -0.03   data required time
                                 -0.44   data arrival time
-----------------------------------------------------------------------------
                                  0.47   slack (MET)


Startpoint: _2735_ (rising edge-triggered flip-flop clocked by core_clock)
Endpoint: _2735_ (rising edge-triggered flip-flop clocked by core_clock)
Path Group: core_clock
Path Type: min

Fanout     Cap    Slew   Delay    Time   Description
-----------------------------------------------------------------------------
                  0.00    0.00    0.00   clock core_clock (rise edge)
                          0.00    0.00   clock network delay (ideal)
                  0.00    0.00    0.00 ^ _2735_/CLK (sky130_fd_sc_hd__dfxtp_2)
     2    0.00    0.04    0.30    0.30 ^ _2735_/Q (sky130_fd_sc_hd__dfxtp_2)
                                         regfile.regfile[7][18] (net)
                  0.04    0.00    0.30 ^ _2492_/A (sky130_fd_sc_hd__buf_1)
     1    0.00    0.04    0.07    0.37 ^ _2492_/X (sky130_fd_sc_hd__buf_1)
                                         _1208_ (net)
                  0.04    0.00    0.37 ^ _2493_/A (sky130_fd_sc_hd__buf_1)
     1    0.00    0.03    0.07    0.44 ^ _2493_/X (sky130_fd_sc_hd__buf_1)
                                         _0089_ (net)
                  0.03    0.00    0.44 ^ _2735_/D (sky130_fd_sc_hd__dfxtp_2)
                                  0.44   data arrival time

                  0.00    0.00    0.00   clock core_clock (rise edge)
                          0.00    0.00   clock network delay (ideal)
                          0.00    0.00   clock reconvergence pessimism
                                  0.00 ^ _2735_/CLK (sky130_fd_sc_hd__dfxtp_2)
                         -0.03   -0.03   library hold time
                                 -0.03   data required time
-----------------------------------------------------------------------------
                                 -0.03   data required time
                                 -0.44   data arrival time
-----------------------------------------------------------------------------
                                  0.47   slack (MET)


Startpoint: _2736_ (rising edge-triggered flip-flop clocked by core_clock)
Endpoint: _2736_ (rising edge-triggered flip-flop clocked by core_clock)
Path Group: core_clock
Path Type: min

Fanout     Cap    Slew   Delay    Time   Description
-----------------------------------------------------------------------------
                  0.00    0.00    0.00   clock core_clock (rise edge)
                          0.00    0.00   clock network delay (ideal)
                  0.00    0.00    0.00 ^ _2736_/CLK (sky130_fd_sc_hd__dfxtp_2)
     2    0.00    0.04    0.30    0.30 ^ _2736_/Q (sky130_fd_sc_hd__dfxtp_2)
                                         regfile.regfile[7][19] (net)
                  0.04    0.00    0.30 ^ _2494_/A (sky130_fd_sc_hd__buf_1)
     1    0.00    0.04    0.07    0.37 ^ _2494_/X (sky130_fd_sc_hd__buf_1)
                                         _1209_ (net)
                  0.04    0.00    0.37 ^ _2495_/A (sky130_fd_sc_hd__buf_1)
     1    0.00    0.03    0.07    0.44 ^ _2495_/X (sky130_fd_sc_hd__buf_1)
                                         _0090_ (net)
                  0.03    0.00    0.44 ^ _2736_/D (sky130_fd_sc_hd__dfxtp_2)
                                  0.44   data arrival time

                  0.00    0.00    0.00   clock core_clock (rise edge)
                          0.00    0.00   clock network delay (ideal)
                          0.00    0.00   clock reconvergence pessimism
                                  0.00 ^ _2736_/CLK (sky130_fd_sc_hd__dfxtp_2)
                         -0.03   -0.03   library hold time
                                 -0.03   data required time
-----------------------------------------------------------------------------
                                 -0.03   data required time
                                 -0.44   data arrival time
-----------------------------------------------------------------------------
                                  0.47   slack (MET)


Startpoint: _2738_ (rising edge-triggered flip-flop clocked by core_clock)
Endpoint: _2738_ (rising edge-triggered flip-flop clocked by core_clock)
Path Group: core_clock
Path Type: min

Fanout     Cap    Slew   Delay    Time   Description
-----------------------------------------------------------------------------
                  0.00    0.00    0.00   clock core_clock (rise edge)
                          0.00    0.00   clock network delay (ideal)
                  0.00    0.00    0.00 ^ _2738_/CLK (sky130_fd_sc_hd__dfxtp_2)
     2    0.00    0.04    0.30    0.30 ^ _2738_/Q (sky130_fd_sc_hd__dfxtp_2)
                                         regfile.regfile[7][21] (net)
                  0.04    0.00    0.30 ^ _2498_/A (sky130_fd_sc_hd__buf_1)
     1    0.00    0.04    0.07    0.37 ^ _2498_/X (sky130_fd_sc_hd__buf_1)
                                         _1211_ (net)
                  0.04    0.00    0.37 ^ _2499_/A (sky130_fd_sc_hd__buf_1)
     1    0.00    0.03    0.07    0.44 ^ _2499_/X (sky130_fd_sc_hd__buf_1)
                                         _0092_ (net)
                  0.03    0.00    0.44 ^ _2738_/D (sky130_fd_sc_hd__dfxtp_2)
                                  0.44   data arrival time

                  0.00    0.00    0.00   clock core_clock (rise edge)
                          0.00    0.00   clock network delay (ideal)
                          0.00    0.00   clock reconvergence pessimism
                                  0.00 ^ _2738_/CLK (sky130_fd_sc_hd__dfxtp_2)
                         -0.03   -0.03   library hold time
                                 -0.03   data required time
-----------------------------------------------------------------------------
                                 -0.03   data required time
                                 -0.44   data arrival time
-----------------------------------------------------------------------------
                                  0.47   slack (MET)


Startpoint: _2739_ (rising edge-triggered flip-flop clocked by core_clock)
Endpoint: _2739_ (rising edge-triggered flip-flop clocked by core_clock)
Path Group: core_clock
Path Type: min

Fanout     Cap    Slew   Delay    Time   Description
-----------------------------------------------------------------------------
                  0.00    0.00    0.00   clock core_clock (rise edge)
                          0.00    0.00   clock network delay (ideal)
                  0.00    0.00    0.00 ^ _2739_/CLK (sky130_fd_sc_hd__dfxtp_2)
     2    0.00    0.04    0.30    0.30 ^ _2739_/Q (sky130_fd_sc_hd__dfxtp_2)
                                         regfile.regfile[7][22] (net)
                  0.04    0.00    0.30 ^ _2500_/A (sky130_fd_sc_hd__buf_1)
     1    0.00    0.04    0.07    0.37 ^ _2500_/X (sky130_fd_sc_hd__buf_1)
                                         _1212_ (net)
                  0.04    0.00    0.37 ^ _2501_/A (sky130_fd_sc_hd__buf_1)
     1    0.00    0.03    0.07    0.44 ^ _2501_/X (sky130_fd_sc_hd__buf_1)
                                         _0093_ (net)
                  0.03    0.00    0.44 ^ _2739_/D (sky130_fd_sc_hd__dfxtp_2)
                                  0.44   data arrival time

                  0.00    0.00    0.00   clock core_clock (rise edge)
                          0.00    0.00   clock network delay (ideal)
                          0.00    0.00   clock reconvergence pessimism
                                  0.00 ^ _2739_/CLK (sky130_fd_sc_hd__dfxtp_2)
                         -0.03   -0.03   library hold time
                                 -0.03   data required time
-----------------------------------------------------------------------------
                                 -0.03   data required time
                                 -0.44   data arrival time
-----------------------------------------------------------------------------
                                  0.47   slack (MET)


Startpoint: _2822_ (rising edge-triggered flip-flop clocked by core_clock)
Endpoint: _2822_ (rising edge-triggered flip-flop clocked by core_clock)
Path Group: core_clock
Path Type: min

Fanout     Cap    Slew   Delay    Time   Description
-----------------------------------------------------------------------------
                  0.00    0.00    0.00   clock core_clock (rise edge)
                          0.00    0.00   clock network delay (ideal)
                  0.00    0.00    0.00 ^ _2822_/CLK (sky130_fd_sc_hd__dfxtp_2)
     3    0.01    0.04    0.30    0.30 ^ _2822_/Q (sky130_fd_sc_hd__dfxtp_2)
                                         regfile.regfile[16][4] (net)
                  0.04    0.00    0.30 ^ _1336_/A (sky130_fd_sc_hd__buf_1)
     1    0.00    0.04    0.08    0.37 ^ _1336_/X (sky130_fd_sc_hd__buf_1)
                                         _1294_ (net)
                  0.04    0.00    0.37 ^ _1337_/A (sky130_fd_sc_hd__buf_1)
     1    0.00    0.03    0.07    0.44 ^ _1337_/X (sky130_fd_sc_hd__buf_1)
                                         _0176_ (net)
                  0.03    0.00    0.44 ^ _2822_/D (sky130_fd_sc_hd__dfxtp_2)
                                  0.44   data arrival time

                  0.00    0.00    0.00   clock core_clock (rise edge)
                          0.00    0.00   clock network delay (ideal)
                          0.00    0.00   clock reconvergence pessimism
                                  0.00 ^ _2822_/CLK (sky130_fd_sc_hd__dfxtp_2)
                         -0.03   -0.03   library hold time
                                 -0.03   data required time
-----------------------------------------------------------------------------
                                 -0.03   data required time
                                 -0.44   data arrival time
-----------------------------------------------------------------------------
                                  0.48   slack (MET)


Startpoint: _2824_ (rising edge-triggered flip-flop clocked by core_clock)
Endpoint: _2824_ (rising edge-triggered flip-flop clocked by core_clock)
Path Group: core_clock
Path Type: min

Fanout     Cap    Slew   Delay    Time   Description
-----------------------------------------------------------------------------
                  0.00    0.00    0.00   clock core_clock (rise edge)
                          0.00    0.00   clock network delay (ideal)
                  0.00    0.00    0.00 ^ _2824_/CLK (sky130_fd_sc_hd__dfxtp_2)
     3    0.01    0.04    0.30    0.30 ^ _2824_/Q (sky130_fd_sc_hd__dfxtp_2)
                                         regfile.regfile[16][6] (net)
                  0.04    0.00    0.30 ^ _1340_/A (sky130_fd_sc_hd__buf_1)
     1    0.00    0.04    0.08    0.37 ^ _1340_/X (sky130_fd_sc_hd__buf_1)
                                         _1296_ (net)
                  0.04    0.00    0.37 ^ _1341_/A (sky130_fd_sc_hd__buf_1)
     1    0.00    0.03    0.07    0.44 ^ _1341_/X (sky130_fd_sc_hd__buf_1)
                                         _0178_ (net)
                  0.03    0.00    0.44 ^ _2824_/D (sky130_fd_sc_hd__dfxtp_2)
                                  0.44   data arrival time

                  0.00    0.00    0.00   clock core_clock (rise edge)
                          0.00    0.00   clock network delay (ideal)
                          0.00    0.00   clock reconvergence pessimism
                                  0.00 ^ _2824_/CLK (sky130_fd_sc_hd__dfxtp_2)
                         -0.03   -0.03   library hold time
                                 -0.03   data required time
-----------------------------------------------------------------------------
                                 -0.03   data required time
                                 -0.44   data arrival time
-----------------------------------------------------------------------------
                                  0.48   slack (MET)


Startpoint: _2755_ (rising edge-triggered flip-flop clocked by core_clock)
Endpoint: _2755_ (rising edge-triggered flip-flop clocked by core_clock)
Path Group: core_clock
Path Type: min

Fanout     Cap    Slew   Delay    Time   Description
-----------------------------------------------------------------------------
                  0.00    0.00    0.00   clock core_clock (rise edge)
                          0.00    0.00   clock network delay (ideal)
                  0.00    0.00    0.00 ^ _2755_/CLK (sky130_fd_sc_hd__dfxtp_2)
     3    0.01    0.04    0.30    0.30 ^ _2755_/Q (sky130_fd_sc_hd__dfxtp_2)
                                         regfile.regfile[0][6] (net)
                  0.04    0.00    0.30 ^ _2532_/A (sky130_fd_sc_hd__buf_1)
     1    0.00    0.04    0.08    0.37 ^ _2532_/X (sky130_fd_sc_hd__buf_1)
                                         _1228_ (net)
                  0.04    0.00    0.37 ^ _2533_/A (sky130_fd_sc_hd__buf_1)
     1    0.00    0.03    0.07    0.44 ^ _2533_/X (sky130_fd_sc_hd__buf_1)
                                         _0109_ (net)
                  0.03    0.00    0.44 ^ _2755_/D (sky130_fd_sc_hd__dfxtp_2)
                                  0.44   data arrival time

                  0.00    0.00    0.00   clock core_clock (rise edge)
                          0.00    0.00   clock network delay (ideal)
                          0.00    0.00   clock reconvergence pessimism
                                  0.00 ^ _2755_/CLK (sky130_fd_sc_hd__dfxtp_2)
                         -0.03   -0.03   library hold time
                                 -0.03   data required time
-----------------------------------------------------------------------------
                                 -0.03   data required time
                                 -0.44   data arrival time
-----------------------------------------------------------------------------
                                  0.48   slack (MET)


Startpoint: _2766_ (rising edge-triggered flip-flop clocked by core_clock)
Endpoint: _2766_ (rising edge-triggered flip-flop clocked by core_clock)
Path Group: core_clock
Path Type: min

Fanout     Cap    Slew   Delay    Time   Description
-----------------------------------------------------------------------------
                  0.00    0.00    0.00   clock core_clock (rise edge)
                          0.00    0.00   clock network delay (ideal)
                  0.00    0.00    0.00 ^ _2766_/CLK (sky130_fd_sc_hd__dfxtp_2)
     3    0.01    0.04    0.30    0.30 ^ _2766_/Q (sky130_fd_sc_hd__dfxtp_2)
                                         regfile.regfile[0][17] (net)
                  0.04    0.00    0.30 ^ _2554_/A (sky130_fd_sc_hd__buf_1)
     1    0.00    0.04    0.08    0.37 ^ _2554_/X (sky130_fd_sc_hd__buf_1)
                                         _1239_ (net)
                  0.04    0.00    0.37 ^ _2555_/A (sky130_fd_sc_hd__buf_1)
     1    0.00    0.03    0.07    0.44 ^ _2555_/X (sky130_fd_sc_hd__buf_1)
                                         _0120_ (net)
                  0.03    0.00    0.44 ^ _2766_/D (sky130_fd_sc_hd__dfxtp_2)
                                  0.44   data arrival time

                  0.00    0.00    0.00   clock core_clock (rise edge)
                          0.00    0.00   clock network delay (ideal)
                          0.00    0.00   clock reconvergence pessimism
                                  0.00 ^ _2766_/CLK (sky130_fd_sc_hd__dfxtp_2)
                         -0.03   -0.03   library hold time
                                 -0.03   data required time
-----------------------------------------------------------------------------
                                 -0.03   data required time
                                 -0.44   data arrival time
-----------------------------------------------------------------------------
                                  0.48   slack (MET)


Startpoint: _2826_ (rising edge-triggered flip-flop clocked by core_clock)
Endpoint: _2826_ (rising edge-triggered flip-flop clocked by core_clock)
Path Group: core_clock
Path Type: min

Fanout     Cap    Slew   Delay    Time   Description
-----------------------------------------------------------------------------
                  0.00    0.00    0.00   clock core_clock (rise edge)
                          0.00    0.00   clock network delay (ideal)
                  0.00    0.00    0.00 ^ _2826_/CLK (sky130_fd_sc_hd__dfxtp_2)
     3    0.01    0.04    0.30    0.30 ^ _2826_/Q (sky130_fd_sc_hd__dfxtp_2)
                                         regfile.regfile[16][8] (net)
                  0.04    0.00    0.30 ^ _1344_/A (sky130_fd_sc_hd__buf_1)
     1    0.00    0.04    0.08    0.38 ^ _1344_/X (sky130_fd_sc_hd__buf_1)
                                         _1298_ (net)
                  0.04    0.00    0.38 ^ _1345_/A (sky130_fd_sc_hd__buf_1)
     1    0.00    0.03    0.07    0.44 ^ _1345_/X (sky130_fd_sc_hd__buf_1)
                                         _0180_ (net)
                  0.03    0.00    0.44 ^ _2826_/D (sky130_fd_sc_hd__dfxtp_2)
                                  0.44   data arrival time

                  0.00    0.00    0.00   clock core_clock (rise edge)
                          0.00    0.00   clock network delay (ideal)
                          0.00    0.00   clock reconvergence pessimism
                                  0.00 ^ _2826_/CLK (sky130_fd_sc_hd__dfxtp_2)
                         -0.03   -0.03   library hold time
                                 -0.03   data required time
-----------------------------------------------------------------------------
                                 -0.03   data required time
                                 -0.44   data arrival time
-----------------------------------------------------------------------------
                                  0.48   slack (MET)


Startpoint: _2827_ (rising edge-triggered flip-flop clocked by core_clock)
Endpoint: _2827_ (rising edge-triggered flip-flop clocked by core_clock)
Path Group: core_clock
Path Type: min

Fanout     Cap    Slew   Delay    Time   Description
-----------------------------------------------------------------------------
                  0.00    0.00    0.00   clock core_clock (rise edge)
                          0.00    0.00   clock network delay (ideal)
                  0.00    0.00    0.00 ^ _2827_/CLK (sky130_fd_sc_hd__dfxtp_2)
     3    0.01    0.04    0.30    0.30 ^ _2827_/Q (sky130_fd_sc_hd__dfxtp_2)
                                         regfile.regfile[16][9] (net)
                  0.04    0.00    0.30 ^ _1346_/A (sky130_fd_sc_hd__buf_1)
     1    0.00    0.04    0.08    0.38 ^ _1346_/X (sky130_fd_sc_hd__buf_1)
                                         _1299_ (net)
                  0.04    0.00    0.38 ^ _1347_/A (sky130_fd_sc_hd__buf_1)
     1    0.00    0.03    0.07    0.44 ^ _1347_/X (sky130_fd_sc_hd__buf_1)
                                         _0181_ (net)
                  0.03    0.00    0.44 ^ _2827_/D (sky130_fd_sc_hd__dfxtp_2)
                                  0.44   data arrival time

                  0.00    0.00    0.00   clock core_clock (rise edge)
                          0.00    0.00   clock network delay (ideal)
                          0.00    0.00   clock reconvergence pessimism
                                  0.00 ^ _2827_/CLK (sky130_fd_sc_hd__dfxtp_2)
                         -0.03   -0.03   library hold time
                                 -0.03   data required time
-----------------------------------------------------------------------------
                                 -0.03   data required time
                                 -0.44   data arrival time
-----------------------------------------------------------------------------
                                  0.48   slack (MET)


Startpoint: _2828_ (rising edge-triggered flip-flop clocked by core_clock)
Endpoint: _2828_ (rising edge-triggered flip-flop clocked by core_clock)
Path Group: core_clock
Path Type: min

Fanout     Cap    Slew   Delay    Time   Description
-----------------------------------------------------------------------------
                  0.00    0.00    0.00   clock core_clock (rise edge)
                          0.00    0.00   clock network delay (ideal)
                  0.00    0.00    0.00 ^ _2828_/CLK (sky130_fd_sc_hd__dfxtp_2)
     3    0.01    0.04    0.30    0.30 ^ _2828_/Q (sky130_fd_sc_hd__dfxtp_2)
                                         regfile.regfile[16][10] (net)
                  0.04    0.00    0.30 ^ _1348_/A (sky130_fd_sc_hd__buf_1)
     1    0.00    0.04    0.08    0.38 ^ _1348_/X (sky130_fd_sc_hd__buf_1)
                                         _1300_ (net)
                  0.04    0.00    0.38 ^ _1349_/A (sky130_fd_sc_hd__buf_1)
     1    0.00    0.03    0.07    0.44 ^ _1349_/X (sky130_fd_sc_hd__buf_1)
                                         _0182_ (net)
                  0.03    0.00    0.44 ^ _2828_/D (sky130_fd_sc_hd__dfxtp_2)
                                  0.44   data arrival time

                  0.00    0.00    0.00   clock core_clock (rise edge)
                          0.00    0.00   clock network delay (ideal)
                          0.00    0.00   clock reconvergence pessimism
                                  0.00 ^ _2828_/CLK (sky130_fd_sc_hd__dfxtp_2)
                         -0.03   -0.03   library hold time
                                 -0.03   data required time
-----------------------------------------------------------------------------
                                 -0.03   data required time
                                 -0.44   data arrival time
-----------------------------------------------------------------------------
                                  0.48   slack (MET)


Startpoint: _2829_ (rising edge-triggered flip-flop clocked by core_clock)
Endpoint: _2829_ (rising edge-triggered flip-flop clocked by core_clock)
Path Group: core_clock
Path Type: min

Fanout     Cap    Slew   Delay    Time   Description
-----------------------------------------------------------------------------
                  0.00    0.00    0.00   clock core_clock (rise edge)
                          0.00    0.00   clock network delay (ideal)
                  0.00    0.00    0.00 ^ _2829_/CLK (sky130_fd_sc_hd__dfxtp_2)
     3    0.01    0.04    0.30    0.30 ^ _2829_/Q (sky130_fd_sc_hd__dfxtp_2)
                                         regfile.regfile[16][11] (net)
                  0.04    0.00    0.30 ^ _1350_/A (sky130_fd_sc_hd__buf_1)
     1    0.00    0.04    0.08    0.38 ^ _1350_/X (sky130_fd_sc_hd__buf_1)
                                         _1301_ (net)
                  0.04    0.00    0.38 ^ _1351_/A (sky130_fd_sc_hd__buf_1)
     1    0.00    0.03    0.07    0.44 ^ _1351_/X (sky130_fd_sc_hd__buf_1)
                                         _0183_ (net)
                  0.03    0.00    0.44 ^ _2829_/D (sky130_fd_sc_hd__dfxtp_2)
                                  0.44   data arrival time

                  0.00    0.00    0.00   clock core_clock (rise edge)
                          0.00    0.00   clock network delay (ideal)
                          0.00    0.00   clock reconvergence pessimism
                                  0.00 ^ _2829_/CLK (sky130_fd_sc_hd__dfxtp_2)
                         -0.03   -0.03   library hold time
                                 -0.03   data required time
-----------------------------------------------------------------------------
                                 -0.03   data required time
                                 -0.44   data arrival time
-----------------------------------------------------------------------------
                                  0.48   slack (MET)


Startpoint: _2830_ (rising edge-triggered flip-flop clocked by core_clock)
Endpoint: _2830_ (rising edge-triggered flip-flop clocked by core_clock)
Path Group: core_clock
Path Type: min

Fanout     Cap    Slew   Delay    Time   Description
-----------------------------------------------------------------------------
                  0.00    0.00    0.00   clock core_clock (rise edge)
                          0.00    0.00   clock network delay (ideal)
                  0.00    0.00    0.00 ^ _2830_/CLK (sky130_fd_sc_hd__dfxtp_2)
     3    0.01    0.04    0.30    0.30 ^ _2830_/Q (sky130_fd_sc_hd__dfxtp_2)
                                         regfile.regfile[16][12] (net)
                  0.04    0.00    0.30 ^ _1352_/A (sky130_fd_sc_hd__buf_1)
     1    0.00    0.04    0.08    0.38 ^ _1352_/X (sky130_fd_sc_hd__buf_1)
                                         _1302_ (net)
                  0.04    0.00    0.38 ^ _1353_/A (sky130_fd_sc_hd__buf_1)
     1    0.00    0.03    0.07    0.44 ^ _1353_/X (sky130_fd_sc_hd__buf_1)
                                         _0184_ (net)
                  0.03    0.00    0.44 ^ _2830_/D (sky130_fd_sc_hd__dfxtp_2)
                                  0.44   data arrival time

                  0.00    0.00    0.00   clock core_clock (rise edge)
                          0.00    0.00   clock network delay (ideal)
                          0.00    0.00   clock reconvergence pessimism
                                  0.00 ^ _2830_/CLK (sky130_fd_sc_hd__dfxtp_2)
                         -0.03   -0.03   library hold time
                                 -0.03   data required time
-----------------------------------------------------------------------------
                                 -0.03   data required time
                                 -0.44   data arrival time
-----------------------------------------------------------------------------
                                  0.48   slack (MET)


Startpoint: _2833_ (rising edge-triggered flip-flop clocked by core_clock)
Endpoint: _2833_ (rising edge-triggered flip-flop clocked by core_clock)
Path Group: core_clock
Path Type: min

Fanout     Cap    Slew   Delay    Time   Description
-----------------------------------------------------------------------------
                  0.00    0.00    0.00   clock core_clock (rise edge)
                          0.00    0.00   clock network delay (ideal)
                  0.00    0.00    0.00 ^ _2833_/CLK (sky130_fd_sc_hd__dfxtp_2)
     3    0.01    0.04    0.30    0.30 ^ _2833_/Q (sky130_fd_sc_hd__dfxtp_2)
                                         regfile.regfile[16][15] (net)
                  0.04    0.00    0.30 ^ _1358_/A (sky130_fd_sc_hd__buf_1)
     1    0.00    0.04    0.08    0.38 ^ _1358_/X (sky130_fd_sc_hd__buf_1)
                                         _1305_ (net)
                  0.04    0.00    0.38 ^ _1359_/A (sky130_fd_sc_hd__buf_1)
     1    0.00    0.03    0.07    0.44 ^ _1359_/X (sky130_fd_sc_hd__buf_1)
                                         _0187_ (net)
                  0.03    0.00    0.44 ^ _2833_/D (sky130_fd_sc_hd__dfxtp_2)
                                  0.44   data arrival time

                  0.00    0.00    0.00   clock core_clock (rise edge)
                          0.00    0.00   clock network delay (ideal)
                          0.00    0.00   clock reconvergence pessimism
                                  0.00 ^ _2833_/CLK (sky130_fd_sc_hd__dfxtp_2)
                         -0.03   -0.03   library hold time
                                 -0.03   data required time
-----------------------------------------------------------------------------
                                 -0.03   data required time
                                 -0.44   data arrival time
-----------------------------------------------------------------------------
                                  0.48   slack (MET)


Startpoint: _2834_ (rising edge-triggered flip-flop clocked by core_clock)
Endpoint: _2834_ (rising edge-triggered flip-flop clocked by core_clock)
Path Group: core_clock
Path Type: min

Fanout     Cap    Slew   Delay    Time   Description
-----------------------------------------------------------------------------
                  0.00    0.00    0.00   clock core_clock (rise edge)
                          0.00    0.00   clock network delay (ideal)
                  0.00    0.00    0.00 ^ _2834_/CLK (sky130_fd_sc_hd__dfxtp_2)
     3    0.01    0.04    0.30    0.30 ^ _2834_/Q (sky130_fd_sc_hd__dfxtp_2)
                                         regfile.regfile[16][16] (net)
                  0.04    0.00    0.30 ^ _1360_/A (sky130_fd_sc_hd__buf_1)
     1    0.00    0.04    0.08    0.38 ^ _1360_/X (sky130_fd_sc_hd__buf_1)
                                         _1306_ (net)
                  0.04    0.00    0.38 ^ _1361_/A (sky130_fd_sc_hd__buf_1)
     1    0.00    0.03    0.07    0.44 ^ _1361_/X (sky130_fd_sc_hd__buf_1)
                                         _0188_ (net)
                  0.03    0.00    0.44 ^ _2834_/D (sky130_fd_sc_hd__dfxtp_2)
                                  0.44   data arrival time

                  0.00    0.00    0.00   clock core_clock (rise edge)
                          0.00    0.00   clock network delay (ideal)
                          0.00    0.00   clock reconvergence pessimism
                                  0.00 ^ _2834_/CLK (sky130_fd_sc_hd__dfxtp_2)
                         -0.03   -0.03   library hold time
                                 -0.03   data required time
-----------------------------------------------------------------------------
                                 -0.03   data required time
                                 -0.44   data arrival time
-----------------------------------------------------------------------------
                                  0.48   slack (MET)


Startpoint: _2835_ (rising edge-triggered flip-flop clocked by core_clock)
Endpoint: _2835_ (rising edge-triggered flip-flop clocked by core_clock)
Path Group: core_clock
Path Type: min

Fanout     Cap    Slew   Delay    Time   Description
-----------------------------------------------------------------------------
                  0.00    0.00    0.00   clock core_clock (rise edge)
                          0.00    0.00   clock network delay (ideal)
                  0.00    0.00    0.00 ^ _2835_/CLK (sky130_fd_sc_hd__dfxtp_2)
     3    0.01    0.04    0.30    0.30 ^ _2835_/Q (sky130_fd_sc_hd__dfxtp_2)
                                         regfile.regfile[16][17] (net)
                  0.04    0.00    0.30 ^ _1362_/A (sky130_fd_sc_hd__buf_1)
     1    0.00    0.04    0.08    0.38 ^ _1362_/X (sky130_fd_sc_hd__buf_1)
                                         _1307_ (net)
                  0.04    0.00    0.38 ^ _1363_/A (sky130_fd_sc_hd__buf_1)
     1    0.00    0.03    0.07    0.44 ^ _1363_/X (sky130_fd_sc_hd__buf_1)
                                         _0189_ (net)
                  0.03    0.00    0.44 ^ _2835_/D (sky130_fd_sc_hd__dfxtp_2)
                                  0.44   data arrival time

                  0.00    0.00    0.00   clock core_clock (rise edge)
                          0.00    0.00   clock network delay (ideal)
                          0.00    0.00   clock reconvergence pessimism
                                  0.00 ^ _2835_/CLK (sky130_fd_sc_hd__dfxtp_2)
                         -0.03   -0.03   library hold time
                                 -0.03   data required time
-----------------------------------------------------------------------------
                                 -0.03   data required time
                                 -0.44   data arrival time
-----------------------------------------------------------------------------
                                  0.48   slack (MET)


Startpoint: _2836_ (rising edge-triggered flip-flop clocked by core_clock)
Endpoint: _2836_ (rising edge-triggered flip-flop clocked by core_clock)
Path Group: core_clock
Path Type: min

Fanout     Cap    Slew   Delay    Time   Description
-----------------------------------------------------------------------------
                  0.00    0.00    0.00   clock core_clock (rise edge)
                          0.00    0.00   clock network delay (ideal)
                  0.00    0.00    0.00 ^ _2836_/CLK (sky130_fd_sc_hd__dfxtp_2)
     3    0.01    0.04    0.30    0.30 ^ _2836_/Q (sky130_fd_sc_hd__dfxtp_2)
                                         regfile.regfile[16][18] (net)
                  0.04    0.00    0.30 ^ _1364_/A (sky130_fd_sc_hd__buf_1)
     1    0.00    0.04    0.08    0.38 ^ _1364_/X (sky130_fd_sc_hd__buf_1)
                                         _1308_ (net)
                  0.04    0.00    0.38 ^ _1365_/A (sky130_fd_sc_hd__buf_1)
     1    0.00    0.03    0.07    0.45 ^ _1365_/X (sky130_fd_sc_hd__buf_1)
                                         _0190_ (net)
                  0.03    0.00    0.45 ^ _2836_/D (sky130_fd_sc_hd__dfxtp_2)
                                  0.45   data arrival time

                  0.00    0.00    0.00   clock core_clock (rise edge)
                          0.00    0.00   clock network delay (ideal)
                          0.00    0.00   clock reconvergence pessimism
                                  0.00 ^ _2836_/CLK (sky130_fd_sc_hd__dfxtp_2)
                         -0.03   -0.03   library hold time
                                 -0.03   data required time
-----------------------------------------------------------------------------
                                 -0.03   data required time
                                 -0.45   data arrival time
-----------------------------------------------------------------------------
                                  0.48   slack (MET)


Startpoint: _2837_ (rising edge-triggered flip-flop clocked by core_clock)
Endpoint: _2837_ (rising edge-triggered flip-flop clocked by core_clock)
Path Group: core_clock
Path Type: min

Fanout     Cap    Slew   Delay    Time   Description
-----------------------------------------------------------------------------
                  0.00    0.00    0.00   clock core_clock (rise edge)
                          0.00    0.00   clock network delay (ideal)
                  0.00    0.00    0.00 ^ _2837_/CLK (sky130_fd_sc_hd__dfxtp_2)
     3    0.01    0.04    0.30    0.30 ^ _2837_/Q (sky130_fd_sc_hd__dfxtp_2)
                                         regfile.regfile[16][19] (net)
                  0.04    0.00    0.30 ^ _1366_/A (sky130_fd_sc_hd__buf_1)
     1    0.00    0.04    0.08    0.38 ^ _1366_/X (sky130_fd_sc_hd__buf_1)
                                         _1309_ (net)
                  0.04    0.00    0.38 ^ _1367_/A (sky130_fd_sc_hd__buf_1)
     1    0.00    0.03    0.07    0.45 ^ _1367_/X (sky130_fd_sc_hd__buf_1)
                                         _0191_ (net)
                  0.03    0.00    0.45 ^ _2837_/D (sky130_fd_sc_hd__dfxtp_2)
                                  0.45   data arrival time

                  0.00    0.00    0.00   clock core_clock (rise edge)
                          0.00    0.00   clock network delay (ideal)
                          0.00    0.00   clock reconvergence pessimism
                                  0.00 ^ _2837_/CLK (sky130_fd_sc_hd__dfxtp_2)
                         -0.03   -0.03   library hold time
                                 -0.03   data required time
-----------------------------------------------------------------------------
                                 -0.03   data required time
                                 -0.45   data arrival time
-----------------------------------------------------------------------------
                                  0.48   slack (MET)


Startpoint: _2838_ (rising edge-triggered flip-flop clocked by core_clock)
Endpoint: _2838_ (rising edge-triggered flip-flop clocked by core_clock)
Path Group: core_clock
Path Type: min

Fanout     Cap    Slew   Delay    Time   Description
-----------------------------------------------------------------------------
                  0.00    0.00    0.00   clock core_clock (rise edge)
                          0.00    0.00   clock network delay (ideal)
                  0.00    0.00    0.00 ^ _2838_/CLK (sky130_fd_sc_hd__dfxtp_2)
     3    0.01    0.04    0.30    0.30 ^ _2838_/Q (sky130_fd_sc_hd__dfxtp_2)
                                         regfile.regfile[16][20] (net)
                  0.04    0.00    0.30 ^ _1368_/A (sky130_fd_sc_hd__buf_1)
     1    0.00    0.04    0.08    0.38 ^ _1368_/X (sky130_fd_sc_hd__buf_1)
                                         _1310_ (net)
                  0.04    0.00    0.38 ^ _1369_/A (sky130_fd_sc_hd__buf_1)
     1    0.00    0.03    0.07    0.45 ^ _1369_/X (sky130_fd_sc_hd__buf_1)
                                         _0192_ (net)
                  0.03    0.00    0.45 ^ _2838_/D (sky130_fd_sc_hd__dfxtp_2)
                                  0.45   data arrival time

                  0.00    0.00    0.00   clock core_clock (rise edge)
                          0.00    0.00   clock network delay (ideal)
                          0.00    0.00   clock reconvergence pessimism
                                  0.00 ^ _2838_/CLK (sky130_fd_sc_hd__dfxtp_2)
                         -0.03   -0.03   library hold time
                                 -0.03   data required time
-----------------------------------------------------------------------------
                                 -0.03   data required time
                                 -0.45   data arrival time
-----------------------------------------------------------------------------
                                  0.48   slack (MET)


Startpoint: _2839_ (rising edge-triggered flip-flop clocked by core_clock)
Endpoint: _2839_ (rising edge-triggered flip-flop clocked by core_clock)
Path Group: core_clock
Path Type: min

Fanout     Cap    Slew   Delay    Time   Description
-----------------------------------------------------------------------------
                  0.00    0.00    0.00   clock core_clock (rise edge)
                          0.00    0.00   clock network delay (ideal)
                  0.00    0.00    0.00 ^ _2839_/CLK (sky130_fd_sc_hd__dfxtp_2)
     3    0.01    0.04    0.30    0.30 ^ _2839_/Q (sky130_fd_sc_hd__dfxtp_2)
                                         regfile.regfile[16][21] (net)
                  0.04    0.00    0.30 ^ _1370_/A (sky130_fd_sc_hd__buf_1)
     1    0.00    0.04    0.08    0.38 ^ _1370_/X (sky130_fd_sc_hd__buf_1)
                                         _1311_ (net)
                  0.04    0.00    0.38 ^ _1371_/A (sky130_fd_sc_hd__buf_1)
     1    0.00    0.03    0.07    0.45 ^ _1371_/X (sky130_fd_sc_hd__buf_1)
                                         _0193_ (net)
                  0.03    0.00    0.45 ^ _2839_/D (sky130_fd_sc_hd__dfxtp_2)
                                  0.45   data arrival time

                  0.00    0.00    0.00   clock core_clock (rise edge)
                          0.00    0.00   clock network delay (ideal)
                          0.00    0.00   clock reconvergence pessimism
                                  0.00 ^ _2839_/CLK (sky130_fd_sc_hd__dfxtp_2)
                         -0.03   -0.03   library hold time
                                 -0.03   data required time
-----------------------------------------------------------------------------
                                 -0.03   data required time
                                 -0.45   data arrival time
-----------------------------------------------------------------------------
                                  0.48   slack (MET)


Startpoint: _2840_ (rising edge-triggered flip-flop clocked by core_clock)
Endpoint: _2840_ (rising edge-triggered flip-flop clocked by core_clock)
Path Group: core_clock
Path Type: min

Fanout     Cap    Slew   Delay    Time   Description
-----------------------------------------------------------------------------
                  0.00    0.00    0.00   clock core_clock (rise edge)
                          0.00    0.00   clock network delay (ideal)
                  0.00    0.00    0.00 ^ _2840_/CLK (sky130_fd_sc_hd__dfxtp_2)
     3    0.01    0.04    0.30    0.30 ^ _2840_/Q (sky130_fd_sc_hd__dfxtp_2)
                                         regfile.regfile[16][22] (net)
                  0.04    0.00    0.30 ^ _1372_/A (sky130_fd_sc_hd__buf_1)
     1    0.00    0.04    0.08    0.38 ^ _1372_/X (sky130_fd_sc_hd__buf_1)
                                         _1312_ (net)
                  0.04    0.00    0.38 ^ _1373_/A (sky130_fd_sc_hd__buf_1)
     1    0.00    0.03    0.07    0.45 ^ _1373_/X (sky130_fd_sc_hd__buf_1)
                                         _0194_ (net)
                  0.03    0.00    0.45 ^ _2840_/D (sky130_fd_sc_hd__dfxtp_2)
                                  0.45   data arrival time

                  0.00    0.00    0.00   clock core_clock (rise edge)
                          0.00    0.00   clock network delay (ideal)
                          0.00    0.00   clock reconvergence pessimism
                                  0.00 ^ _2840_/CLK (sky130_fd_sc_hd__dfxtp_2)
                         -0.03   -0.03   library hold time
                                 -0.03   data required time
-----------------------------------------------------------------------------
                                 -0.03   data required time
                                 -0.45   data arrival time
-----------------------------------------------------------------------------
                                  0.48   slack (MET)


Startpoint: _2841_ (rising edge-triggered flip-flop clocked by core_clock)
Endpoint: _2841_ (rising edge-triggered flip-flop clocked by core_clock)
Path Group: core_clock
Path Type: min

Fanout     Cap    Slew   Delay    Time   Description
-----------------------------------------------------------------------------
                  0.00    0.00    0.00   clock core_clock (rise edge)
                          0.00    0.00   clock network delay (ideal)
                  0.00    0.00    0.00 ^ _2841_/CLK (sky130_fd_sc_hd__dfxtp_2)
     3    0.01    0.04    0.30    0.30 ^ _2841_/Q (sky130_fd_sc_hd__dfxtp_2)
                                         regfile.regfile[16][23] (net)
                  0.04    0.00    0.30 ^ _1374_/A (sky130_fd_sc_hd__buf_1)
     1    0.00    0.04    0.08    0.38 ^ _1374_/X (sky130_fd_sc_hd__buf_1)
                                         _1313_ (net)
                  0.04    0.00    0.38 ^ _1375_/A (sky130_fd_sc_hd__buf_1)
     1    0.00    0.03    0.07    0.45 ^ _1375_/X (sky130_fd_sc_hd__buf_1)
                                         _0195_ (net)
                  0.03    0.00    0.45 ^ _2841_/D (sky130_fd_sc_hd__dfxtp_2)
                                  0.45   data arrival time

                  0.00    0.00    0.00   clock core_clock (rise edge)
                          0.00    0.00   clock network delay (ideal)
                          0.00    0.00   clock reconvergence pessimism
                                  0.00 ^ _2841_/CLK (sky130_fd_sc_hd__dfxtp_2)
                         -0.03   -0.03   library hold time
                                 -0.03   data required time
-----------------------------------------------------------------------------
                                 -0.03   data required time
                                 -0.45   data arrival time
-----------------------------------------------------------------------------
                                  0.48   slack (MET)


Startpoint: _2842_ (rising edge-triggered flip-flop clocked by core_clock)
Endpoint: _2842_ (rising edge-triggered flip-flop clocked by core_clock)
Path Group: core_clock
Path Type: min

Fanout     Cap    Slew   Delay    Time   Description
-----------------------------------------------------------------------------
                  0.00    0.00    0.00   clock core_clock (rise edge)
                          0.00    0.00   clock network delay (ideal)
                  0.00    0.00    0.00 ^ _2842_/CLK (sky130_fd_sc_hd__dfxtp_2)
     3    0.01    0.04    0.30    0.30 ^ _2842_/Q (sky130_fd_sc_hd__dfxtp_2)
                                         regfile.regfile[16][24] (net)
                  0.04    0.00    0.30 ^ _1376_/A (sky130_fd_sc_hd__buf_1)
     1    0.00    0.04    0.08    0.38 ^ _1376_/X (sky130_fd_sc_hd__buf_1)
                                         _1314_ (net)
                  0.04    0.00    0.38 ^ _1377_/A (sky130_fd_sc_hd__buf_1)
     1    0.00    0.03    0.07    0.45 ^ _1377_/X (sky130_fd_sc_hd__buf_1)
                                         _0196_ (net)
                  0.03    0.00    0.45 ^ _2842_/D (sky130_fd_sc_hd__dfxtp_2)
                                  0.45   data arrival time

                  0.00    0.00    0.00   clock core_clock (rise edge)
                          0.00    0.00   clock network delay (ideal)
                          0.00    0.00   clock reconvergence pessimism
                                  0.00 ^ _2842_/CLK (sky130_fd_sc_hd__dfxtp_2)
                         -0.03   -0.03   library hold time
                                 -0.03   data required time
-----------------------------------------------------------------------------
                                 -0.03   data required time
                                 -0.45   data arrival time
-----------------------------------------------------------------------------
                                  0.48   slack (MET)


Startpoint: _2843_ (rising edge-triggered flip-flop clocked by core_clock)
Endpoint: _2843_ (rising edge-triggered flip-flop clocked by core_clock)
Path Group: core_clock
Path Type: min

Fanout     Cap    Slew   Delay    Time   Description
-----------------------------------------------------------------------------
                  0.00    0.00    0.00   clock core_clock (rise edge)
                          0.00    0.00   clock network delay (ideal)
                  0.00    0.00    0.00 ^ _2843_/CLK (sky130_fd_sc_hd__dfxtp_2)
     3    0.01    0.04    0.30    0.30 ^ _2843_/Q (sky130_fd_sc_hd__dfxtp_2)
                                         regfile.regfile[16][25] (net)
                  0.04    0.00    0.30 ^ _1378_/A (sky130_fd_sc_hd__buf_1)
     1    0.00    0.04    0.08    0.38 ^ _1378_/X (sky130_fd_sc_hd__buf_1)
                                         _1315_ (net)
                  0.04    0.00    0.38 ^ _1379_/A (sky130_fd_sc_hd__buf_1)
     1    0.00    0.03    0.07    0.45 ^ _1379_/X (sky130_fd_sc_hd__buf_1)
                                         _0197_ (net)
                  0.03    0.00    0.45 ^ _2843_/D (sky130_fd_sc_hd__dfxtp_2)
                                  0.45   data arrival time

                  0.00    0.00    0.00   clock core_clock (rise edge)
                          0.00    0.00   clock network delay (ideal)
                          0.00    0.00   clock reconvergence pessimism
                                  0.00 ^ _2843_/CLK (sky130_fd_sc_hd__dfxtp_2)
                         -0.03   -0.03   library hold time
                                 -0.03   data required time
-----------------------------------------------------------------------------
                                 -0.03   data required time
                                 -0.45   data arrival time
-----------------------------------------------------------------------------
                                  0.48   slack (MET)


Startpoint: _2844_ (rising edge-triggered flip-flop clocked by core_clock)
Endpoint: _2844_ (rising edge-triggered flip-flop clocked by core_clock)
Path Group: core_clock
Path Type: min

Fanout     Cap    Slew   Delay    Time   Description
-----------------------------------------------------------------------------
                  0.00    0.00    0.00   clock core_clock (rise edge)
                          0.00    0.00   clock network delay (ideal)
                  0.00    0.00    0.00 ^ _2844_/CLK (sky130_fd_sc_hd__dfxtp_2)
     3    0.01    0.04    0.30    0.30 ^ _2844_/Q (sky130_fd_sc_hd__dfxtp_2)
                                         regfile.regfile[16][26] (net)
                  0.04    0.00    0.30 ^ _1380_/A (sky130_fd_sc_hd__buf_1)
     1    0.00    0.04    0.08    0.38 ^ _1380_/X (sky130_fd_sc_hd__buf_1)
                                         _1316_ (net)
                  0.04    0.00    0.38 ^ _1381_/A (sky130_fd_sc_hd__buf_1)
     1    0.00    0.03    0.07    0.45 ^ _1381_/X (sky130_fd_sc_hd__buf_1)
                                         _0198_ (net)
                  0.03    0.00    0.45 ^ _2844_/D (sky130_fd_sc_hd__dfxtp_2)
                                  0.45   data arrival time

                  0.00    0.00    0.00   clock core_clock (rise edge)
                          0.00    0.00   clock network delay (ideal)
                          0.00    0.00   clock reconvergence pessimism
                                  0.00 ^ _2844_/CLK (sky130_fd_sc_hd__dfxtp_2)
                         -0.03   -0.03   library hold time
                                 -0.03   data required time
-----------------------------------------------------------------------------
                                 -0.03   data required time
                                 -0.45   data arrival time
-----------------------------------------------------------------------------
                                  0.48   slack (MET)


Startpoint: _2845_ (rising edge-triggered flip-flop clocked by core_clock)
Endpoint: _2845_ (rising edge-triggered flip-flop clocked by core_clock)
Path Group: core_clock
Path Type: min

Fanout     Cap    Slew   Delay    Time   Description
-----------------------------------------------------------------------------
                  0.00    0.00    0.00   clock core_clock (rise edge)
                          0.00    0.00   clock network delay (ideal)
                  0.00    0.00    0.00 ^ _2845_/CLK (sky130_fd_sc_hd__dfxtp_2)
     3    0.01    0.04    0.30    0.30 ^ _2845_/Q (sky130_fd_sc_hd__dfxtp_2)
                                         regfile.regfile[16][27] (net)
                  0.04    0.00    0.30 ^ _1382_/A (sky130_fd_sc_hd__buf_1)
     1    0.00    0.04    0.08    0.38 ^ _1382_/X (sky130_fd_sc_hd__buf_1)
                                         _1317_ (net)
                  0.04    0.00    0.38 ^ _1383_/A (sky130_fd_sc_hd__buf_1)
     1    0.00    0.03    0.07    0.45 ^ _1383_/X (sky130_fd_sc_hd__buf_1)
                                         _0199_ (net)
                  0.03    0.00    0.45 ^ _2845_/D (sky130_fd_sc_hd__dfxtp_2)
                                  0.45   data arrival time

                  0.00    0.00    0.00   clock core_clock (rise edge)
                          0.00    0.00   clock network delay (ideal)
                          0.00    0.00   clock reconvergence pessimism
                                  0.00 ^ _2845_/CLK (sky130_fd_sc_hd__dfxtp_2)
                         -0.03   -0.03   library hold time
                                 -0.03   data required time
-----------------------------------------------------------------------------
                                 -0.03   data required time
                                 -0.45   data arrival time
-----------------------------------------------------------------------------
                                  0.48   slack (MET)


Startpoint: _2846_ (rising edge-triggered flip-flop clocked by core_clock)
Endpoint: _2846_ (rising edge-triggered flip-flop clocked by core_clock)
Path Group: core_clock
Path Type: min

Fanout     Cap    Slew   Delay    Time   Description
-----------------------------------------------------------------------------
                  0.00    0.00    0.00   clock core_clock (rise edge)
                          0.00    0.00   clock network delay (ideal)
                  0.00    0.00    0.00 ^ _2846_/CLK (sky130_fd_sc_hd__dfxtp_2)
     3    0.01    0.04    0.30    0.30 ^ _2846_/Q (sky130_fd_sc_hd__dfxtp_2)
                                         regfile.regfile[16][28] (net)
                  0.04    0.00    0.30 ^ _1384_/A (sky130_fd_sc_hd__buf_1)
     1    0.00    0.04    0.08    0.38 ^ _1384_/X (sky130_fd_sc_hd__buf_1)
                                         _1318_ (net)
                  0.04    0.00    0.38 ^ _1385_/A (sky130_fd_sc_hd__buf_1)
     1    0.00    0.03    0.07    0.45 ^ _1385_/X (sky130_fd_sc_hd__buf_1)
                                         _0200_ (net)
                  0.03    0.00    0.45 ^ _2846_/D (sky130_fd_sc_hd__dfxtp_2)
                                  0.45   data arrival time

                  0.00    0.00    0.00   clock core_clock (rise edge)
                          0.00    0.00   clock network delay (ideal)
                          0.00    0.00   clock reconvergence pessimism
                                  0.00 ^ _2846_/CLK (sky130_fd_sc_hd__dfxtp_2)
                         -0.03   -0.03   library hold time
                                 -0.03   data required time
-----------------------------------------------------------------------------
                                 -0.03   data required time
                                 -0.45   data arrival time
-----------------------------------------------------------------------------
                                  0.48   slack (MET)


Startpoint: _2847_ (rising edge-triggered flip-flop clocked by core_clock)
Endpoint: _2847_ (rising edge-triggered flip-flop clocked by core_clock)
Path Group: core_clock
Path Type: min

Fanout     Cap    Slew   Delay    Time   Description
-----------------------------------------------------------------------------
                  0.00    0.00    0.00   clock core_clock (rise edge)
                          0.00    0.00   clock network delay (ideal)
                  0.00    0.00    0.00 ^ _2847_/CLK (sky130_fd_sc_hd__dfxtp_2)
     3    0.01    0.04    0.30    0.30 ^ _2847_/Q (sky130_fd_sc_hd__dfxtp_2)
                                         regfile.regfile[16][29] (net)
                  0.04    0.00    0.30 ^ _1386_/A (sky130_fd_sc_hd__buf_1)
     1    0.00    0.04    0.08    0.38 ^ _1386_/X (sky130_fd_sc_hd__buf_1)
                                         _1319_ (net)
                  0.04    0.00    0.38 ^ _1387_/A (sky130_fd_sc_hd__buf_1)
     1    0.00    0.03    0.07    0.45 ^ _1387_/X (sky130_fd_sc_hd__buf_1)
                                         _0201_ (net)
                  0.03    0.00    0.45 ^ _2847_/D (sky130_fd_sc_hd__dfxtp_2)
                                  0.45   data arrival time

                  0.00    0.00    0.00   clock core_clock (rise edge)
                          0.00    0.00   clock network delay (ideal)
                          0.00    0.00   clock reconvergence pessimism
                                  0.00 ^ _2847_/CLK (sky130_fd_sc_hd__dfxtp_2)
                         -0.03   -0.03   library hold time
                                 -0.03   data required time
-----------------------------------------------------------------------------
                                 -0.03   data required time
                                 -0.45   data arrival time
-----------------------------------------------------------------------------
                                  0.48   slack (MET)


Startpoint: _2848_ (rising edge-triggered flip-flop clocked by core_clock)
Endpoint: _2848_ (rising edge-triggered flip-flop clocked by core_clock)
Path Group: core_clock
Path Type: min

Fanout     Cap    Slew   Delay    Time   Description
-----------------------------------------------------------------------------
                  0.00    0.00    0.00   clock core_clock (rise edge)
                          0.00    0.00   clock network delay (ideal)
                  0.00    0.00    0.00 ^ _2848_/CLK (sky130_fd_sc_hd__dfxtp_2)
     3    0.01    0.04    0.30    0.30 ^ _2848_/Q (sky130_fd_sc_hd__dfxtp_2)
                                         regfile.regfile[16][30] (net)
                  0.04    0.00    0.30 ^ _1388_/A (sky130_fd_sc_hd__buf_1)
     1    0.00    0.04    0.08    0.38 ^ _1388_/X (sky130_fd_sc_hd__buf_1)
                                         _1320_ (net)
                  0.04    0.00    0.38 ^ _1389_/A (sky130_fd_sc_hd__buf_1)
     1    0.00    0.03    0.07    0.45 ^ _1389_/X (sky130_fd_sc_hd__buf_1)
                                         _0202_ (net)
                  0.03    0.00    0.45 ^ _2848_/D (sky130_fd_sc_hd__dfxtp_2)
                                  0.45   data arrival time

                  0.00    0.00    0.00   clock core_clock (rise edge)
                          0.00    0.00   clock network delay (ideal)
                          0.00    0.00   clock reconvergence pessimism
                                  0.00 ^ _2848_/CLK (sky130_fd_sc_hd__dfxtp_2)
                         -0.03   -0.03   library hold time
                                 -0.03   data required time
-----------------------------------------------------------------------------
                                 -0.03   data required time
                                 -0.45   data arrival time
-----------------------------------------------------------------------------
                                  0.48   slack (MET)


Startpoint: _2849_ (rising edge-triggered flip-flop clocked by core_clock)
Endpoint: _2849_ (rising edge-triggered flip-flop clocked by core_clock)
Path Group: core_clock
Path Type: min

Fanout     Cap    Slew   Delay    Time   Description
-----------------------------------------------------------------------------
                  0.00    0.00    0.00   clock core_clock (rise edge)
                          0.00    0.00   clock network delay (ideal)
                  0.00    0.00    0.00 ^ _2849_/CLK (sky130_fd_sc_hd__dfxtp_2)
     3    0.01    0.04    0.30    0.30 ^ _2849_/Q (sky130_fd_sc_hd__dfxtp_2)
                                         regfile.regfile[16][31] (net)
                  0.04    0.00    0.30 ^ _1390_/A (sky130_fd_sc_hd__buf_1)
     1    0.00    0.04    0.08    0.38 ^ _1390_/X (sky130_fd_sc_hd__buf_1)
                                         _1321_ (net)
                  0.04    0.00    0.38 ^ _1391_/A (sky130_fd_sc_hd__buf_1)
     1    0.00    0.03    0.07    0.45 ^ _1391_/X (sky130_fd_sc_hd__buf_1)
                                         _0203_ (net)
                  0.03    0.00    0.45 ^ _2849_/D (sky130_fd_sc_hd__dfxtp_2)
                                  0.45   data arrival time

                  0.00    0.00    0.00   clock core_clock (rise edge)
                          0.00    0.00   clock network delay (ideal)
                          0.00    0.00   clock reconvergence pessimism
                                  0.00 ^ _2849_/CLK (sky130_fd_sc_hd__dfxtp_2)
                         -0.03   -0.03   library hold time
                                 -0.03   data required time
-----------------------------------------------------------------------------
                                 -0.03   data required time
                                 -0.45   data arrival time
-----------------------------------------------------------------------------
                                  0.48   slack (MET)


Startpoint: _2820_ (rising edge-triggered flip-flop clocked by core_clock)
Endpoint: _2820_ (rising edge-triggered flip-flop clocked by core_clock)
Path Group: core_clock
Path Type: min

Fanout     Cap    Slew   Delay    Time   Description
-----------------------------------------------------------------------------
                  0.00    0.00    0.00   clock core_clock (rise edge)
                          0.00    0.00   clock network delay (ideal)
                  0.00    0.00    0.00 ^ _2820_/CLK (sky130_fd_sc_hd__dfxtp_2)
     3    0.01    0.05    0.30    0.30 ^ _2820_/Q (sky130_fd_sc_hd__dfxtp_2)
                                         regfile.regfile[16][2] (net)
                  0.05    0.00    0.30 ^ _1332_/A (sky130_fd_sc_hd__buf_1)
     1    0.00    0.04    0.08    0.38 ^ _1332_/X (sky130_fd_sc_hd__buf_1)
                                         _1292_ (net)
                  0.04    0.00    0.38 ^ _1333_/A (sky130_fd_sc_hd__buf_1)
     1    0.00    0.03    0.07    0.45 ^ _1333_/X (sky130_fd_sc_hd__buf_1)
                                         _0174_ (net)
                  0.03    0.00    0.45 ^ _2820_/D (sky130_fd_sc_hd__dfxtp_2)
                                  0.45   data arrival time

                  0.00    0.00    0.00   clock core_clock (rise edge)
                          0.00    0.00   clock network delay (ideal)
                          0.00    0.00   clock reconvergence pessimism
                                  0.00 ^ _2820_/CLK (sky130_fd_sc_hd__dfxtp_2)
                         -0.03   -0.03   library hold time
                                 -0.03   data required time
-----------------------------------------------------------------------------
                                 -0.03   data required time
                                 -0.45   data arrival time
-----------------------------------------------------------------------------
                                  0.48   slack (MET)


Startpoint: _2821_ (rising edge-triggered flip-flop clocked by core_clock)
Endpoint: _2821_ (rising edge-triggered flip-flop clocked by core_clock)
Path Group: core_clock
Path Type: min

Fanout     Cap    Slew   Delay    Time   Description
-----------------------------------------------------------------------------
                  0.00    0.00    0.00   clock core_clock (rise edge)
                          0.00    0.00   clock network delay (ideal)
                  0.00    0.00    0.00 ^ _2821_/CLK (sky130_fd_sc_hd__dfxtp_2)
     3    0.01    0.05    0.30    0.30 ^ _2821_/Q (sky130_fd_sc_hd__dfxtp_2)
                                         regfile.regfile[16][3] (net)
                  0.05    0.00    0.30 ^ _1334_/A (sky130_fd_sc_hd__buf_1)
     1    0.00    0.04    0.08    0.38 ^ _1334_/X (sky130_fd_sc_hd__buf_1)
                                         _1293_ (net)
                  0.04    0.00    0.38 ^ _1335_/A (sky130_fd_sc_hd__buf_1)
     1    0.00    0.03    0.07    0.45 ^ _1335_/X (sky130_fd_sc_hd__buf_1)
                                         _0175_ (net)
                  0.03    0.00    0.45 ^ _2821_/D (sky130_fd_sc_hd__dfxtp_2)
                                  0.45   data arrival time

                  0.00    0.00    0.00   clock core_clock (rise edge)
                          0.00    0.00   clock network delay (ideal)
                          0.00    0.00   clock reconvergence pessimism
                                  0.00 ^ _2821_/CLK (sky130_fd_sc_hd__dfxtp_2)
                         -0.03   -0.03   library hold time
                                 -0.03   data required time
-----------------------------------------------------------------------------
                                 -0.03   data required time
                                 -0.45   data arrival time
-----------------------------------------------------------------------------
                                  0.48   slack (MET)


Startpoint: _2756_ (rising edge-triggered flip-flop clocked by core_clock)
Endpoint: _2756_ (rising edge-triggered flip-flop clocked by core_clock)
Path Group: core_clock
Path Type: min

Fanout     Cap    Slew   Delay    Time   Description
-----------------------------------------------------------------------------
                  0.00    0.00    0.00   clock core_clock (rise edge)
                          0.00    0.00   clock network delay (ideal)
                  0.00    0.00    0.00 ^ _2756_/CLK (sky130_fd_sc_hd__dfxtp_2)
     3    0.01    0.05    0.30    0.30 ^ _2756_/Q (sky130_fd_sc_hd__dfxtp_2)
                                         regfile.regfile[0][7] (net)
                  0.05    0.00    0.30 ^ _2534_/A (sky130_fd_sc_hd__buf_1)
     1    0.00    0.04    0.08    0.38 ^ _2534_/X (sky130_fd_sc_hd__buf_1)
                                         _1229_ (net)
                  0.04    0.00    0.38 ^ _2535_/A (sky130_fd_sc_hd__buf_1)
     1    0.00    0.03    0.07    0.45 ^ _2535_/X (sky130_fd_sc_hd__buf_1)
                                         _0110_ (net)
                  0.03    0.00    0.45 ^ _2756_/D (sky130_fd_sc_hd__dfxtp_2)
                                  0.45   data arrival time

                  0.00    0.00    0.00   clock core_clock (rise edge)
                          0.00    0.00   clock network delay (ideal)
                          0.00    0.00   clock reconvergence pessimism
                                  0.00 ^ _2756_/CLK (sky130_fd_sc_hd__dfxtp_2)
                         -0.03   -0.03   library hold time
                                 -0.03   data required time
-----------------------------------------------------------------------------
                                 -0.03   data required time
                                 -0.45   data arrival time
-----------------------------------------------------------------------------
                                  0.48   slack (MET)


Startpoint: _2764_ (rising edge-triggered flip-flop clocked by core_clock)
Endpoint: _2764_ (rising edge-triggered flip-flop clocked by core_clock)
Path Group: core_clock
Path Type: min

Fanout     Cap    Slew   Delay    Time   Description
-----------------------------------------------------------------------------
                  0.00    0.00    0.00   clock core_clock (rise edge)
                          0.00    0.00   clock network delay (ideal)
                  0.00    0.00    0.00 ^ _2764_/CLK (sky130_fd_sc_hd__dfxtp_2)
     3    0.01    0.05    0.30    0.30 ^ _2764_/Q (sky130_fd_sc_hd__dfxtp_2)
                                         regfile.regfile[0][15] (net)
                  0.05    0.00    0.30 ^ _2550_/A (sky130_fd_sc_hd__buf_1)
     1    0.00    0.04    0.08    0.38 ^ _2550_/X (sky130_fd_sc_hd__buf_1)
                                         _1237_ (net)
                  0.04    0.00    0.38 ^ _2551_/A (sky130_fd_sc_hd__buf_1)
     1    0.00    0.03    0.07    0.45 ^ _2551_/X (sky130_fd_sc_hd__buf_1)
                                         _0118_ (net)
                  0.03    0.00    0.45 ^ _2764_/D (sky130_fd_sc_hd__dfxtp_2)
                                  0.45   data arrival time

                  0.00    0.00    0.00   clock core_clock (rise edge)
                          0.00    0.00   clock network delay (ideal)
                          0.00    0.00   clock reconvergence pessimism
                                  0.00 ^ _2764_/CLK (sky130_fd_sc_hd__dfxtp_2)
                         -0.03   -0.03   library hold time
                                 -0.03   data required time
-----------------------------------------------------------------------------
                                 -0.03   data required time
                                 -0.45   data arrival time
-----------------------------------------------------------------------------
                                  0.48   slack (MET)


Startpoint: _2769_ (rising edge-triggered flip-flop clocked by core_clock)
Endpoint: _2769_ (rising edge-triggered flip-flop clocked by core_clock)
Path Group: core_clock
Path Type: min

Fanout     Cap    Slew   Delay    Time   Description
-----------------------------------------------------------------------------
                  0.00    0.00    0.00   clock core_clock (rise edge)
                          0.00    0.00   clock network delay (ideal)
                  0.00    0.00    0.00 ^ _2769_/CLK (sky130_fd_sc_hd__dfxtp_2)
     3    0.01    0.05    0.30    0.30 ^ _2769_/Q (sky130_fd_sc_hd__dfxtp_2)
                                         regfile.regfile[0][20] (net)
                  0.05    0.00    0.30 ^ _2560_/A (sky130_fd_sc_hd__buf_1)
     1    0.00    0.04    0.08    0.38 ^ _2560_/X (sky130_fd_sc_hd__buf_1)
                                         _1242_ (net)
                  0.04    0.00    0.38 ^ _2561_/A (sky130_fd_sc_hd__buf_1)
     1    0.00    0.03    0.07    0.45 ^ _2561_/X (sky130_fd_sc_hd__buf_1)
                                         _0123_ (net)
                  0.03    0.00    0.45 ^ _2769_/D (sky130_fd_sc_hd__dfxtp_2)
                                  0.45   data arrival time

                  0.00    0.00    0.00   clock core_clock (rise edge)
                          0.00    0.00   clock network delay (ideal)
                          0.00    0.00   clock reconvergence pessimism
                                  0.00 ^ _2769_/CLK (sky130_fd_sc_hd__dfxtp_2)
                         -0.03   -0.03   library hold time
                                 -0.03   data required time
-----------------------------------------------------------------------------
                                 -0.03   data required time
                                 -0.45   data arrival time
-----------------------------------------------------------------------------
                                  0.48   slack (MET)


Startpoint: _2773_ (rising edge-triggered flip-flop clocked by core_clock)
Endpoint: _2773_ (rising edge-triggered flip-flop clocked by core_clock)
Path Group: core_clock
Path Type: min

Fanout     Cap    Slew   Delay    Time   Description
-----------------------------------------------------------------------------
                  0.00    0.00    0.00   clock core_clock (rise edge)
                          0.00    0.00   clock network delay (ideal)
                  0.00    0.00    0.00 ^ _2773_/CLK (sky130_fd_sc_hd__dfxtp_2)
     3    0.01    0.05    0.30    0.30 ^ _2773_/Q (sky130_fd_sc_hd__dfxtp_2)
                                         regfile.regfile[0][24] (net)
                  0.05    0.00    0.30 ^ _2568_/A (sky130_fd_sc_hd__buf_1)
     1    0.00    0.04    0.08    0.38 ^ _2568_/X (sky130_fd_sc_hd__buf_1)
                                         _1246_ (net)
                  0.04    0.00    0.38 ^ _2569_/A (sky130_fd_sc_hd__buf_1)
     1    0.00    0.03    0.07    0.45 ^ _2569_/X (sky130_fd_sc_hd__buf_1)
                                         _0127_ (net)
                  0.03    0.00    0.45 ^ _2773_/D (sky130_fd_sc_hd__dfxtp_2)
                                  0.45   data arrival time

                  0.00    0.00    0.00   clock core_clock (rise edge)
                          0.00    0.00   clock network delay (ideal)
                          0.00    0.00   clock reconvergence pessimism
                                  0.00 ^ _2773_/CLK (sky130_fd_sc_hd__dfxtp_2)
                         -0.03   -0.03   library hold time
                                 -0.03   data required time
-----------------------------------------------------------------------------
                                 -0.03   data required time
                                 -0.45   data arrival time
-----------------------------------------------------------------------------
                                  0.48   slack (MET)


Startpoint: _2775_ (rising edge-triggered flip-flop clocked by core_clock)
Endpoint: _2775_ (rising edge-triggered flip-flop clocked by core_clock)
Path Group: core_clock
Path Type: min

Fanout     Cap    Slew   Delay    Time   Description
-----------------------------------------------------------------------------
                  0.00    0.00    0.00   clock core_clock (rise edge)
                          0.00    0.00   clock network delay (ideal)
                  0.00    0.00    0.00 ^ _2775_/CLK (sky130_fd_sc_hd__dfxtp_2)
     3    0.01    0.05    0.30    0.30 ^ _2775_/Q (sky130_fd_sc_hd__dfxtp_2)
                                         regfile.regfile[0][26] (net)
                  0.05    0.00    0.30 ^ _2572_/A (sky130_fd_sc_hd__buf_1)
     1    0.00    0.04    0.08    0.38 ^ _2572_/X (sky130_fd_sc_hd__buf_1)
                                         _1248_ (net)
                  0.04    0.00    0.38 ^ _2573_/A (sky130_fd_sc_hd__buf_1)
     1    0.00    0.03    0.07    0.45 ^ _2573_/X (sky130_fd_sc_hd__buf_1)
                                         _0129_ (net)
                  0.03    0.00    0.45 ^ _2775_/D (sky130_fd_sc_hd__dfxtp_2)
                                  0.45   data arrival time

                  0.00    0.00    0.00   clock core_clock (rise edge)
                          0.00    0.00   clock network delay (ideal)
                          0.00    0.00   clock reconvergence pessimism
                                  0.00 ^ _2775_/CLK (sky130_fd_sc_hd__dfxtp_2)
                         -0.03   -0.03   library hold time
                                 -0.03   data required time
-----------------------------------------------------------------------------
                                 -0.03   data required time
                                 -0.45   data arrival time
-----------------------------------------------------------------------------
                                  0.48   slack (MET)


Startpoint: _2777_ (rising edge-triggered flip-flop clocked by core_clock)
Endpoint: _2777_ (rising edge-triggered flip-flop clocked by core_clock)
Path Group: core_clock
Path Type: min

Fanout     Cap    Slew   Delay    Time   Description
-----------------------------------------------------------------------------
                  0.00    0.00    0.00   clock core_clock (rise edge)
                          0.00    0.00   clock network delay (ideal)
                  0.00    0.00    0.00 ^ _2777_/CLK (sky130_fd_sc_hd__dfxtp_2)
     3    0.01    0.05    0.30    0.30 ^ _2777_/Q (sky130_fd_sc_hd__dfxtp_2)
                                         regfile.regfile[0][28] (net)
                  0.05    0.00    0.30 ^ _2576_/A (sky130_fd_sc_hd__buf_1)
     1    0.00    0.04    0.08    0.38 ^ _2576_/X (sky130_fd_sc_hd__buf_1)
                                         _1250_ (net)
                  0.04    0.00    0.38 ^ _2577_/A (sky130_fd_sc_hd__buf_1)
     1    0.00    0.03    0.07    0.45 ^ _2577_/X (sky130_fd_sc_hd__buf_1)
                                         _0131_ (net)
                  0.03    0.00    0.45 ^ _2777_/D (sky130_fd_sc_hd__dfxtp_2)
                                  0.45   data arrival time

                  0.00    0.00    0.00   clock core_clock (rise edge)
                          0.00    0.00   clock network delay (ideal)
                          0.00    0.00   clock reconvergence pessimism
                                  0.00 ^ _2777_/CLK (sky130_fd_sc_hd__dfxtp_2)
                         -0.03   -0.03   library hold time
                                 -0.03   data required time
-----------------------------------------------------------------------------
                                 -0.03   data required time
                                 -0.45   data arrival time
-----------------------------------------------------------------------------
                                  0.48   slack (MET)


Startpoint: _2819_ (rising edge-triggered flip-flop clocked by core_clock)
Endpoint: _2819_ (rising edge-triggered flip-flop clocked by core_clock)
Path Group: core_clock
Path Type: min

Fanout     Cap    Slew   Delay    Time   Description
-----------------------------------------------------------------------------
                  0.00    0.00    0.00   clock core_clock (rise edge)
                          0.00    0.00   clock network delay (ideal)
                  0.00    0.00    0.00 ^ _2819_/CLK (sky130_fd_sc_hd__dfxtp_2)
     3    0.01    0.05    0.30    0.30 ^ _2819_/Q (sky130_fd_sc_hd__dfxtp_2)
                                         regfile.regfile[16][1] (net)
                  0.05    0.00    0.30 ^ _1330_/A (sky130_fd_sc_hd__buf_1)
     1    0.00    0.04    0.08    0.38 ^ _1330_/X (sky130_fd_sc_hd__buf_1)
                                         _1291_ (net)
                  0.04    0.00    0.38 ^ _1331_/A (sky130_fd_sc_hd__buf_1)
     1    0.00    0.03    0.07    0.45 ^ _1331_/X (sky130_fd_sc_hd__buf_1)
                                         _0173_ (net)
                  0.03    0.00    0.45 ^ _2819_/D (sky130_fd_sc_hd__dfxtp_2)
                                  0.45   data arrival time

                  0.00    0.00    0.00   clock core_clock (rise edge)
                          0.00    0.00   clock network delay (ideal)
                          0.00    0.00   clock reconvergence pessimism
                                  0.00 ^ _2819_/CLK (sky130_fd_sc_hd__dfxtp_2)
                         -0.03   -0.03   library hold time
                                 -0.03   data required time
-----------------------------------------------------------------------------
                                 -0.03   data required time
                                 -0.45   data arrival time
-----------------------------------------------------------------------------
                                  0.48   slack (MET)


Startpoint: _2823_ (rising edge-triggered flip-flop clocked by core_clock)
Endpoint: _2823_ (rising edge-triggered flip-flop clocked by core_clock)
Path Group: core_clock
Path Type: min

Fanout     Cap    Slew   Delay    Time   Description
-----------------------------------------------------------------------------
                  0.00    0.00    0.00   clock core_clock (rise edge)
                          0.00    0.00   clock network delay (ideal)
                  0.00    0.00    0.00 ^ _2823_/CLK (sky130_fd_sc_hd__dfxtp_2)
     3    0.01    0.05    0.30    0.30 ^ _2823_/Q (sky130_fd_sc_hd__dfxtp_2)
                                         regfile.regfile[16][5] (net)
                  0.05    0.00    0.30 ^ _1338_/A (sky130_fd_sc_hd__buf_1)
     1    0.00    0.04    0.08    0.38 ^ _1338_/X (sky130_fd_sc_hd__buf_1)
                                         _1295_ (net)
                  0.04    0.00    0.38 ^ _1339_/A (sky130_fd_sc_hd__buf_1)
     1    0.00    0.03    0.07    0.45 ^ _1339_/X (sky130_fd_sc_hd__buf_1)
                                         _0177_ (net)
                  0.03    0.00    0.45 ^ _2823_/D (sky130_fd_sc_hd__dfxtp_2)
                                  0.45   data arrival time

                  0.00    0.00    0.00   clock core_clock (rise edge)
                          0.00    0.00   clock network delay (ideal)
                          0.00    0.00   clock reconvergence pessimism
                                  0.00 ^ _2823_/CLK (sky130_fd_sc_hd__dfxtp_2)
                         -0.03   -0.03   library hold time
                                 -0.03   data required time
-----------------------------------------------------------------------------
                                 -0.03   data required time
                                 -0.45   data arrival time
-----------------------------------------------------------------------------
                                  0.48   slack (MET)


Startpoint: _2832_ (rising edge-triggered flip-flop clocked by core_clock)
Endpoint: _2832_ (rising edge-triggered flip-flop clocked by core_clock)
Path Group: core_clock
Path Type: min

Fanout     Cap    Slew   Delay    Time   Description
-----------------------------------------------------------------------------
                  0.00    0.00    0.00   clock core_clock (rise edge)
                          0.00    0.00   clock network delay (ideal)
                  0.00    0.00    0.00 ^ _2832_/CLK (sky130_fd_sc_hd__dfxtp_2)
     3    0.01    0.05    0.30    0.30 ^ _2832_/Q (sky130_fd_sc_hd__dfxtp_2)
                                         regfile.regfile[16][14] (net)
                  0.05    0.00    0.30 ^ _1356_/A (sky130_fd_sc_hd__buf_1)
     1    0.00    0.04    0.08    0.38 ^ _1356_/X (sky130_fd_sc_hd__buf_1)
                                         _1304_ (net)
                  0.04    0.00    0.38 ^ _1357_/A (sky130_fd_sc_hd__buf_1)
     1    0.00    0.03    0.07    0.45 ^ _1357_/X (sky130_fd_sc_hd__buf_1)
                                         _0186_ (net)
                  0.03    0.00    0.45 ^ _2832_/D (sky130_fd_sc_hd__dfxtp_2)
                                  0.45   data arrival time

                  0.00    0.00    0.00   clock core_clock (rise edge)
                          0.00    0.00   clock network delay (ideal)
                          0.00    0.00   clock reconvergence pessimism
                                  0.00 ^ _2832_/CLK (sky130_fd_sc_hd__dfxtp_2)
                         -0.03   -0.03   library hold time
                                 -0.03   data required time
-----------------------------------------------------------------------------
                                 -0.03   data required time
                                 -0.45   data arrival time
-----------------------------------------------------------------------------
                                  0.48   slack (MET)


Startpoint: _2749_ (rising edge-triggered flip-flop clocked by core_clock)
Endpoint: _2749_ (rising edge-triggered flip-flop clocked by core_clock)
Path Group: core_clock
Path Type: min

Fanout     Cap    Slew   Delay    Time   Description
-----------------------------------------------------------------------------
                  0.00    0.00    0.00   clock core_clock (rise edge)
                          0.00    0.00   clock network delay (ideal)
                  0.00    0.00    0.00 ^ _2749_/CLK (sky130_fd_sc_hd__dfxtp_2)
     3    0.01    0.05    0.30    0.30 ^ _2749_/Q (sky130_fd_sc_hd__dfxtp_2)
                                         regfile.regfile[0][0] (net)
                  0.05    0.00    0.30 ^ _2520_/A (sky130_fd_sc_hd__buf_1)
     1    0.00    0.04    0.08    0.38 ^ _2520_/X (sky130_fd_sc_hd__buf_1)
                                         _1222_ (net)
                  0.04    0.00    0.38 ^ _2521_/A (sky130_fd_sc_hd__buf_1)
     1    0.00    0.03    0.07    0.45 ^ _2521_/X (sky130_fd_sc_hd__buf_1)
                                         _0103_ (net)
                  0.03    0.00    0.45 ^ _2749_/D (sky130_fd_sc_hd__dfxtp_2)
                                  0.45   data arrival time

                  0.00    0.00    0.00   clock core_clock (rise edge)
                          0.00    0.00   clock network delay (ideal)
                          0.00    0.00   clock reconvergence pessimism
                                  0.00 ^ _2749_/CLK (sky130_fd_sc_hd__dfxtp_2)
                         -0.03   -0.03   library hold time
                                 -0.03   data required time
-----------------------------------------------------------------------------
                                 -0.03   data required time
                                 -0.45   data arrival time
-----------------------------------------------------------------------------
                                  0.48   slack (MET)


Startpoint: _2751_ (rising edge-triggered flip-flop clocked by core_clock)
Endpoint: _2751_ (rising edge-triggered flip-flop clocked by core_clock)
Path Group: core_clock
Path Type: min

Fanout     Cap    Slew   Delay    Time   Description
-----------------------------------------------------------------------------
                  0.00    0.00    0.00   clock core_clock (rise edge)
                          0.00    0.00   clock network delay (ideal)
                  0.00    0.00    0.00 ^ _2751_/CLK (sky130_fd_sc_hd__dfxtp_2)
     3    0.01    0.05    0.30    0.30 ^ _2751_/Q (sky130_fd_sc_hd__dfxtp_2)
                                         regfile.regfile[0][2] (net)
                  0.05    0.00    0.30 ^ _2524_/A (sky130_fd_sc_hd__buf_1)
     1    0.00    0.04    0.08    0.38 ^ _2524_/X (sky130_fd_sc_hd__buf_1)
                                         _1224_ (net)
                  0.04    0.00    0.38 ^ _2525_/A (sky130_fd_sc_hd__buf_1)
     1    0.00    0.03    0.07    0.45 ^ _2525_/X (sky130_fd_sc_hd__buf_1)
                                         _0105_ (net)
                  0.03    0.00    0.45 ^ _2751_/D (sky130_fd_sc_hd__dfxtp_2)
                                  0.45   data arrival time

                  0.00    0.00    0.00   clock core_clock (rise edge)
                          0.00    0.00   clock network delay (ideal)
                          0.00    0.00   clock reconvergence pessimism
                                  0.00 ^ _2751_/CLK (sky130_fd_sc_hd__dfxtp_2)
                         -0.03   -0.03   library hold time
                                 -0.03   data required time
-----------------------------------------------------------------------------
                                 -0.03   data required time
                                 -0.45   data arrival time
-----------------------------------------------------------------------------
                                  0.48   slack (MET)


Startpoint: _2752_ (rising edge-triggered flip-flop clocked by core_clock)
Endpoint: _2752_ (rising edge-triggered flip-flop clocked by core_clock)
Path Group: core_clock
Path Type: min

Fanout     Cap    Slew   Delay    Time   Description
-----------------------------------------------------------------------------
                  0.00    0.00    0.00   clock core_clock (rise edge)
                          0.00    0.00   clock network delay (ideal)
                  0.00    0.00    0.00 ^ _2752_/CLK (sky130_fd_sc_hd__dfxtp_2)
     3    0.01    0.05    0.30    0.30 ^ _2752_/Q (sky130_fd_sc_hd__dfxtp_2)
                                         regfile.regfile[0][3] (net)
                  0.05    0.00    0.30 ^ _2526_/A (sky130_fd_sc_hd__buf_1)
     1    0.00    0.04    0.08    0.38 ^ _2526_/X (sky130_fd_sc_hd__buf_1)
                                         _1225_ (net)
                  0.04    0.00    0.38 ^ _2527_/A (sky130_fd_sc_hd__buf_1)
     1    0.00    0.03    0.07    0.45 ^ _2527_/X (sky130_fd_sc_hd__buf_1)
                                         _0106_ (net)
                  0.03    0.00    0.45 ^ _2752_/D (sky130_fd_sc_hd__dfxtp_2)
                                  0.45   data arrival time

                  0.00    0.00    0.00   clock core_clock (rise edge)
                          0.00    0.00   clock network delay (ideal)
                          0.00    0.00   clock reconvergence pessimism
                                  0.00 ^ _2752_/CLK (sky130_fd_sc_hd__dfxtp_2)
                         -0.03   -0.03   library hold time
                                 -0.03   data required time
-----------------------------------------------------------------------------
                                 -0.03   data required time
                                 -0.45   data arrival time
-----------------------------------------------------------------------------
                                  0.48   slack (MET)


Startpoint: _2753_ (rising edge-triggered flip-flop clocked by core_clock)
Endpoint: _2753_ (rising edge-triggered flip-flop clocked by core_clock)
Path Group: core_clock
Path Type: min

Fanout     Cap    Slew   Delay    Time   Description
-----------------------------------------------------------------------------
                  0.00    0.00    0.00   clock core_clock (rise edge)
                          0.00    0.00   clock network delay (ideal)
                  0.00    0.00    0.00 ^ _2753_/CLK (sky130_fd_sc_hd__dfxtp_2)
     3    0.01    0.05    0.30    0.30 ^ _2753_/Q (sky130_fd_sc_hd__dfxtp_2)
                                         regfile.regfile[0][4] (net)
                  0.05    0.00    0.30 ^ _2528_/A (sky130_fd_sc_hd__buf_1)
     1    0.00    0.04    0.08    0.38 ^ _2528_/X (sky130_fd_sc_hd__buf_1)
                                         _1226_ (net)
                  0.04    0.00    0.38 ^ _2529_/A (sky130_fd_sc_hd__buf_1)
     1    0.00    0.03    0.07    0.45 ^ _2529_/X (sky130_fd_sc_hd__buf_1)
                                         _0107_ (net)
                  0.03    0.00    0.45 ^ _2753_/D (sky130_fd_sc_hd__dfxtp_2)
                                  0.45   data arrival time

                  0.00    0.00    0.00   clock core_clock (rise edge)
                          0.00    0.00   clock network delay (ideal)
                          0.00    0.00   clock reconvergence pessimism
                                  0.00 ^ _2753_/CLK (sky130_fd_sc_hd__dfxtp_2)
                         -0.03   -0.03   library hold time
                                 -0.03   data required time
-----------------------------------------------------------------------------
                                 -0.03   data required time
                                 -0.45   data arrival time
-----------------------------------------------------------------------------
                                  0.48   slack (MET)


Startpoint: _2762_ (rising edge-triggered flip-flop clocked by core_clock)
Endpoint: _2762_ (rising edge-triggered flip-flop clocked by core_clock)
Path Group: core_clock
Path Type: min

Fanout     Cap    Slew   Delay    Time   Description
-----------------------------------------------------------------------------
                  0.00    0.00    0.00   clock core_clock (rise edge)
                          0.00    0.00   clock network delay (ideal)
                  0.00    0.00    0.00 ^ _2762_/CLK (sky130_fd_sc_hd__dfxtp_2)
     3    0.01    0.05    0.30    0.30 ^ _2762_/Q (sky130_fd_sc_hd__dfxtp_2)
                                         regfile.regfile[0][13] (net)
                  0.05    0.00    0.30 ^ _2546_/A (sky130_fd_sc_hd__buf_1)
     1    0.00    0.04    0.08    0.38 ^ _2546_/X (sky130_fd_sc_hd__buf_1)
                                         _1235_ (net)
                  0.04    0.00    0.38 ^ _2547_/A (sky130_fd_sc_hd__buf_1)
     1    0.00    0.03    0.07    0.45 ^ _2547_/X (sky130_fd_sc_hd__buf_1)
                                         _0116_ (net)
                  0.03    0.00    0.45 ^ _2762_/D (sky130_fd_sc_hd__dfxtp_2)
                                  0.45   data arrival time

                  0.00    0.00    0.00   clock core_clock (rise edge)
                          0.00    0.00   clock network delay (ideal)
                          0.00    0.00   clock reconvergence pessimism
                                  0.00 ^ _2762_/CLK (sky130_fd_sc_hd__dfxtp_2)
                         -0.03   -0.03   library hold time
                                 -0.03   data required time
-----------------------------------------------------------------------------
                                 -0.03   data required time
                                 -0.45   data arrival time
-----------------------------------------------------------------------------
                                  0.48   slack (MET)


Startpoint: _2763_ (rising edge-triggered flip-flop clocked by core_clock)
Endpoint: _2763_ (rising edge-triggered flip-flop clocked by core_clock)
Path Group: core_clock
Path Type: min

Fanout     Cap    Slew   Delay    Time   Description
-----------------------------------------------------------------------------
                  0.00    0.00    0.00   clock core_clock (rise edge)
                          0.00    0.00   clock network delay (ideal)
                  0.00    0.00    0.00 ^ _2763_/CLK (sky130_fd_sc_hd__dfxtp_2)
     3    0.01    0.05    0.30    0.30 ^ _2763_/Q (sky130_fd_sc_hd__dfxtp_2)
                                         regfile.regfile[0][14] (net)
                  0.05    0.00    0.30 ^ _2548_/A (sky130_fd_sc_hd__buf_1)
     1    0.00    0.04    0.08    0.38 ^ _2548_/X (sky130_fd_sc_hd__buf_1)
                                         _1236_ (net)
                  0.04    0.00    0.38 ^ _2549_/A (sky130_fd_sc_hd__buf_1)
     1    0.00    0.03    0.07    0.45 ^ _2549_/X (sky130_fd_sc_hd__buf_1)
                                         _0117_ (net)
                  0.03    0.00    0.45 ^ _2763_/D (sky130_fd_sc_hd__dfxtp_2)
                                  0.45   data arrival time

                  0.00    0.00    0.00   clock core_clock (rise edge)
                          0.00    0.00   clock network delay (ideal)
                          0.00    0.00   clock reconvergence pessimism
                                  0.00 ^ _2763_/CLK (sky130_fd_sc_hd__dfxtp_2)
                         -0.03   -0.03   library hold time
                                 -0.03   data required time
-----------------------------------------------------------------------------
                                 -0.03   data required time
                                 -0.45   data arrival time
-----------------------------------------------------------------------------
                                  0.48   slack (MET)


Startpoint: _2825_ (rising edge-triggered flip-flop clocked by core_clock)
Endpoint: _2825_ (rising edge-triggered flip-flop clocked by core_clock)
Path Group: core_clock
Path Type: min

Fanout     Cap    Slew   Delay    Time   Description
-----------------------------------------------------------------------------
                  0.00    0.00    0.00   clock core_clock (rise edge)
                          0.00    0.00   clock network delay (ideal)
                  0.00    0.00    0.00 ^ _2825_/CLK (sky130_fd_sc_hd__dfxtp_2)
     3    0.01    0.05    0.30    0.30 ^ _2825_/Q (sky130_fd_sc_hd__dfxtp_2)
                                         regfile.regfile[16][7] (net)
                  0.05    0.00    0.30 ^ _1342_/A (sky130_fd_sc_hd__buf_1)
     1    0.00    0.04    0.08    0.38 ^ _1342_/X (sky130_fd_sc_hd__buf_1)
                                         _1297_ (net)
                  0.04    0.00    0.38 ^ _1343_/A (sky130_fd_sc_hd__buf_1)
     1    0.00    0.03    0.07    0.45 ^ _1343_/X (sky130_fd_sc_hd__buf_1)
                                         _0179_ (net)
                  0.03    0.00    0.45 ^ _2825_/D (sky130_fd_sc_hd__dfxtp_2)
                                  0.45   data arrival time

                  0.00    0.00    0.00   clock core_clock (rise edge)
                          0.00    0.00   clock network delay (ideal)
                          0.00    0.00   clock reconvergence pessimism
                                  0.00 ^ _2825_/CLK (sky130_fd_sc_hd__dfxtp_2)
                         -0.03   -0.03   library hold time
                                 -0.03   data required time
-----------------------------------------------------------------------------
                                 -0.03   data required time
                                 -0.45   data arrival time
-----------------------------------------------------------------------------
                                  0.48   slack (MET)


Startpoint: _2730_ (rising edge-triggered flip-flop clocked by core_clock)
Endpoint: _2730_ (rising edge-triggered flip-flop clocked by core_clock)
Path Group: core_clock
Path Type: min

Fanout     Cap    Slew   Delay    Time   Description
-----------------------------------------------------------------------------
                  0.00    0.00    0.00   clock core_clock (rise edge)
                          0.00    0.00   clock network delay (ideal)
                  0.00    0.00    0.00 ^ _2730_/CLK (sky130_fd_sc_hd__dfxtp_2)
     2    0.01    0.05    0.30    0.30 ^ _2730_/Q (sky130_fd_sc_hd__dfxtp_2)
                                         regfile.regfile[7][13] (net)
                  0.05    0.00    0.30 ^ _2482_/A (sky130_fd_sc_hd__buf_1)
     1    0.00    0.04    0.08    0.38 ^ _2482_/X (sky130_fd_sc_hd__buf_1)
                                         _1203_ (net)
                  0.04    0.00    0.38 ^ _2483_/A (sky130_fd_sc_hd__buf_1)
     1    0.00    0.03    0.07    0.45 ^ _2483_/X (sky130_fd_sc_hd__buf_1)
                                         _0084_ (net)
                  0.03    0.00    0.45 ^ _2730_/D (sky130_fd_sc_hd__dfxtp_2)
                                  0.45   data arrival time

                  0.00    0.00    0.00   clock core_clock (rise edge)
                          0.00    0.00   clock network delay (ideal)
                          0.00    0.00   clock reconvergence pessimism
                                  0.00 ^ _2730_/CLK (sky130_fd_sc_hd__dfxtp_2)
                         -0.03   -0.03   library hold time
                                 -0.03   data required time
-----------------------------------------------------------------------------
                                 -0.03   data required time
                                 -0.45   data arrival time
-----------------------------------------------------------------------------
                                  0.48   slack (MET)


Startpoint: _2750_ (rising edge-triggered flip-flop clocked by core_clock)
Endpoint: _2750_ (rising edge-triggered flip-flop clocked by core_clock)
Path Group: core_clock
Path Type: min

Fanout     Cap    Slew   Delay    Time   Description
-----------------------------------------------------------------------------
                  0.00    0.00    0.00   clock core_clock (rise edge)
                          0.00    0.00   clock network delay (ideal)
                  0.00    0.00    0.00 ^ _2750_/CLK (sky130_fd_sc_hd__dfxtp_2)
     3    0.01    0.05    0.30    0.30 ^ _2750_/Q (sky130_fd_sc_hd__dfxtp_2)
                                         regfile.regfile[0][1] (net)
                  0.05    0.00    0.30 ^ _2522_/A (sky130_fd_sc_hd__buf_1)
     1    0.00    0.04    0.08    0.38 ^ _2522_/X (sky130_fd_sc_hd__buf_1)
                                         _1223_ (net)
                  0.04    0.00    0.38 ^ _2523_/A (sky130_fd_sc_hd__buf_1)
     1    0.00    0.03    0.07    0.45 ^ _2523_/X (sky130_fd_sc_hd__buf_1)
                                         _0104_ (net)
                  0.03    0.00    0.45 ^ _2750_/D (sky130_fd_sc_hd__dfxtp_2)
                                  0.45   data arrival time

                  0.00    0.00    0.00   clock core_clock (rise edge)
                          0.00    0.00   clock network delay (ideal)
                          0.00    0.00   clock reconvergence pessimism
                                  0.00 ^ _2750_/CLK (sky130_fd_sc_hd__dfxtp_2)
                         -0.03   -0.03   library hold time
                                 -0.03   data required time
-----------------------------------------------------------------------------
                                 -0.03   data required time
                                 -0.45   data arrival time
-----------------------------------------------------------------------------
                                  0.48   slack (MET)


Startpoint: _2754_ (rising edge-triggered flip-flop clocked by core_clock)
Endpoint: _2754_ (rising edge-triggered flip-flop clocked by core_clock)
Path Group: core_clock
Path Type: min

Fanout     Cap    Slew   Delay    Time   Description
-----------------------------------------------------------------------------
                  0.00    0.00    0.00   clock core_clock (rise edge)
                          0.00    0.00   clock network delay (ideal)
                  0.00    0.00    0.00 ^ _2754_/CLK (sky130_fd_sc_hd__dfxtp_2)
     3    0.01    0.05    0.30    0.30 ^ _2754_/Q (sky130_fd_sc_hd__dfxtp_2)
                                         regfile.regfile[0][5] (net)
                  0.05    0.00    0.30 ^ _2530_/A (sky130_fd_sc_hd__buf_1)
     1    0.00    0.04    0.08    0.38 ^ _2530_/X (sky130_fd_sc_hd__buf_1)
                                         _1227_ (net)
                  0.04    0.00    0.38 ^ _2531_/A (sky130_fd_sc_hd__buf_1)
     1    0.00    0.03    0.07    0.45 ^ _2531_/X (sky130_fd_sc_hd__buf_1)
                                         _0108_ (net)
                  0.03    0.00    0.45 ^ _2754_/D (sky130_fd_sc_hd__dfxtp_2)
                                  0.45   data arrival time

                  0.00    0.00    0.00   clock core_clock (rise edge)
                          0.00    0.00   clock network delay (ideal)
                          0.00    0.00   clock reconvergence pessimism
                                  0.00 ^ _2754_/CLK (sky130_fd_sc_hd__dfxtp_2)
                         -0.03   -0.03   library hold time
                                 -0.03   data required time
-----------------------------------------------------------------------------
                                 -0.03   data required time
                                 -0.45   data arrival time
-----------------------------------------------------------------------------
                                  0.48   slack (MET)


Startpoint: _2757_ (rising edge-triggered flip-flop clocked by core_clock)
Endpoint: _2757_ (rising edge-triggered flip-flop clocked by core_clock)
Path Group: core_clock
Path Type: min

Fanout     Cap    Slew   Delay    Time   Description
-----------------------------------------------------------------------------
                  0.00    0.00    0.00   clock core_clock (rise edge)
                          0.00    0.00   clock network delay (ideal)
                  0.00    0.00    0.00 ^ _2757_/CLK (sky130_fd_sc_hd__dfxtp_2)
     3    0.01    0.05    0.30    0.30 ^ _2757_/Q (sky130_fd_sc_hd__dfxtp_2)
                                         regfile.regfile[0][8] (net)
                  0.05    0.00    0.30 ^ _2536_/A (sky130_fd_sc_hd__buf_1)
     1    0.00    0.04    0.08    0.38 ^ _2536_/X (sky130_fd_sc_hd__buf_1)
                                         _1230_ (net)
                  0.04    0.00    0.38 ^ _2537_/A (sky130_fd_sc_hd__buf_1)
     1    0.00    0.03    0.07    0.45 ^ _2537_/X (sky130_fd_sc_hd__buf_1)
                                         _0111_ (net)
                  0.03    0.00    0.45 ^ _2757_/D (sky130_fd_sc_hd__dfxtp_2)
                                  0.45   data arrival time

                  0.00    0.00    0.00   clock core_clock (rise edge)
                          0.00    0.00   clock network delay (ideal)
                          0.00    0.00   clock reconvergence pessimism
                                  0.00 ^ _2757_/CLK (sky130_fd_sc_hd__dfxtp_2)
                         -0.03   -0.03   library hold time
                                 -0.03   data required time
-----------------------------------------------------------------------------
                                 -0.03   data required time
                                 -0.45   data arrival time
-----------------------------------------------------------------------------
                                  0.48   slack (MET)


Startpoint: _2758_ (rising edge-triggered flip-flop clocked by core_clock)
Endpoint: _2758_ (rising edge-triggered flip-flop clocked by core_clock)
Path Group: core_clock
Path Type: min

Fanout     Cap    Slew   Delay    Time   Description
-----------------------------------------------------------------------------
                  0.00    0.00    0.00   clock core_clock (rise edge)
                          0.00    0.00   clock network delay (ideal)
                  0.00    0.00    0.00 ^ _2758_/CLK (sky130_fd_sc_hd__dfxtp_2)
     3    0.01    0.05    0.30    0.30 ^ _2758_/Q (sky130_fd_sc_hd__dfxtp_2)
                                         regfile.regfile[0][9] (net)
                  0.05    0.00    0.30 ^ _2538_/A (sky130_fd_sc_hd__buf_1)
     1    0.00    0.04    0.08    0.38 ^ _2538_/X (sky130_fd_sc_hd__buf_1)
                                         _1231_ (net)
                  0.04    0.00    0.38 ^ _2539_/A (sky130_fd_sc_hd__buf_1)
     1    0.00    0.03    0.07    0.45 ^ _2539_/X (sky130_fd_sc_hd__buf_1)
                                         _0112_ (net)
                  0.03    0.00    0.45 ^ _2758_/D (sky130_fd_sc_hd__dfxtp_2)
                                  0.45   data arrival time

                  0.00    0.00    0.00   clock core_clock (rise edge)
                          0.00    0.00   clock network delay (ideal)
                          0.00    0.00   clock reconvergence pessimism
                                  0.00 ^ _2758_/CLK (sky130_fd_sc_hd__dfxtp_2)
                         -0.03   -0.03   library hold time
                                 -0.03   data required time
-----------------------------------------------------------------------------
                                 -0.03   data required time
                                 -0.45   data arrival time
-----------------------------------------------------------------------------
                                  0.48   slack (MET)


Startpoint: _2759_ (rising edge-triggered flip-flop clocked by core_clock)
Endpoint: _2759_ (rising edge-triggered flip-flop clocked by core_clock)
Path Group: core_clock
Path Type: min

Fanout     Cap    Slew   Delay    Time   Description
-----------------------------------------------------------------------------
                  0.00    0.00    0.00   clock core_clock (rise edge)
                          0.00    0.00   clock network delay (ideal)
                  0.00    0.00    0.00 ^ _2759_/CLK (sky130_fd_sc_hd__dfxtp_2)
     3    0.01    0.05    0.30    0.30 ^ _2759_/Q (sky130_fd_sc_hd__dfxtp_2)
                                         regfile.regfile[0][10] (net)
                  0.05    0.00    0.30 ^ _2540_/A (sky130_fd_sc_hd__buf_1)
     1    0.00    0.04    0.08    0.38 ^ _2540_/X (sky130_fd_sc_hd__buf_1)
                                         _1232_ (net)
                  0.04    0.00    0.38 ^ _2541_/A (sky130_fd_sc_hd__buf_1)
     1    0.00    0.03    0.07    0.45 ^ _2541_/X (sky130_fd_sc_hd__buf_1)
                                         _0113_ (net)
                  0.03    0.00    0.45 ^ _2759_/D (sky130_fd_sc_hd__dfxtp_2)
                                  0.45   data arrival time

                  0.00    0.00    0.00   clock core_clock (rise edge)
                          0.00    0.00   clock network delay (ideal)
                          0.00    0.00   clock reconvergence pessimism
                                  0.00 ^ _2759_/CLK (sky130_fd_sc_hd__dfxtp_2)
                         -0.03   -0.03   library hold time
                                 -0.03   data required time
-----------------------------------------------------------------------------
                                 -0.03   data required time
                                 -0.45   data arrival time
-----------------------------------------------------------------------------
                                  0.48   slack (MET)


Startpoint: _2760_ (rising edge-triggered flip-flop clocked by core_clock)
Endpoint: _2760_ (rising edge-triggered flip-flop clocked by core_clock)
Path Group: core_clock
Path Type: min

Fanout     Cap    Slew   Delay    Time   Description
-----------------------------------------------------------------------------
                  0.00    0.00    0.00   clock core_clock (rise edge)
                          0.00    0.00   clock network delay (ideal)
                  0.00    0.00    0.00 ^ _2760_/CLK (sky130_fd_sc_hd__dfxtp_2)
     3    0.01    0.05    0.30    0.30 ^ _2760_/Q (sky130_fd_sc_hd__dfxtp_2)
                                         regfile.regfile[0][11] (net)
                  0.05    0.00    0.30 ^ _2542_/A (sky130_fd_sc_hd__buf_1)
     1    0.00    0.04    0.08    0.38 ^ _2542_/X (sky130_fd_sc_hd__buf_1)
                                         _1233_ (net)
                  0.04    0.00    0.38 ^ _2543_/A (sky130_fd_sc_hd__buf_1)
     1    0.00    0.03    0.07    0.45 ^ _2543_/X (sky130_fd_sc_hd__buf_1)
                                         _0114_ (net)
                  0.03    0.00    0.45 ^ _2760_/D (sky130_fd_sc_hd__dfxtp_2)
                                  0.45   data arrival time

                  0.00    0.00    0.00   clock core_clock (rise edge)
                          0.00    0.00   clock network delay (ideal)
                          0.00    0.00   clock reconvergence pessimism
                                  0.00 ^ _2760_/CLK (sky130_fd_sc_hd__dfxtp_2)
                         -0.03   -0.03   library hold time
                                 -0.03   data required time
-----------------------------------------------------------------------------
                                 -0.03   data required time
                                 -0.45   data arrival time
-----------------------------------------------------------------------------
                                  0.48   slack (MET)


Startpoint: _2761_ (rising edge-triggered flip-flop clocked by core_clock)
Endpoint: _2761_ (rising edge-triggered flip-flop clocked by core_clock)
Path Group: core_clock
Path Type: min

Fanout     Cap    Slew   Delay    Time   Description
-----------------------------------------------------------------------------
                  0.00    0.00    0.00   clock core_clock (rise edge)
                          0.00    0.00   clock network delay (ideal)
                  0.00    0.00    0.00 ^ _2761_/CLK (sky130_fd_sc_hd__dfxtp_2)
     3    0.01    0.05    0.30    0.30 ^ _2761_/Q (sky130_fd_sc_hd__dfxtp_2)
                                         regfile.regfile[0][12] (net)
                  0.05    0.00    0.30 ^ _2544_/A (sky130_fd_sc_hd__buf_1)
     1    0.00    0.04    0.08    0.38 ^ _2544_/X (sky130_fd_sc_hd__buf_1)
                                         _1234_ (net)
                  0.04    0.00    0.38 ^ _2545_/A (sky130_fd_sc_hd__buf_1)
     1    0.00    0.03    0.07    0.45 ^ _2545_/X (sky130_fd_sc_hd__buf_1)
                                         _0115_ (net)
                  0.03    0.00    0.45 ^ _2761_/D (sky130_fd_sc_hd__dfxtp_2)
                                  0.45   data arrival time

                  0.00    0.00    0.00   clock core_clock (rise edge)
                          0.00    0.00   clock network delay (ideal)
                          0.00    0.00   clock reconvergence pessimism
                                  0.00 ^ _2761_/CLK (sky130_fd_sc_hd__dfxtp_2)
                         -0.03   -0.03   library hold time
                                 -0.03   data required time
-----------------------------------------------------------------------------
                                 -0.03   data required time
                                 -0.45   data arrival time
-----------------------------------------------------------------------------
                                  0.48   slack (MET)


Startpoint: _2765_ (rising edge-triggered flip-flop clocked by core_clock)
Endpoint: _2765_ (rising edge-triggered flip-flop clocked by core_clock)
Path Group: core_clock
Path Type: min

Fanout     Cap    Slew   Delay    Time   Description
-----------------------------------------------------------------------------
                  0.00    0.00    0.00   clock core_clock (rise edge)
                          0.00    0.00   clock network delay (ideal)
                  0.00    0.00    0.00 ^ _2765_/CLK (sky130_fd_sc_hd__dfxtp_2)
     3    0.01    0.05    0.30    0.30 ^ _2765_/Q (sky130_fd_sc_hd__dfxtp_2)
                                         regfile.regfile[0][16] (net)
                  0.05    0.00    0.30 ^ _2552_/A (sky130_fd_sc_hd__buf_1)
     1    0.00    0.04    0.08    0.38 ^ _2552_/X (sky130_fd_sc_hd__buf_1)
                                         _1238_ (net)
                  0.04    0.00    0.38 ^ _2553_/A (sky130_fd_sc_hd__buf_1)
     1    0.00    0.03    0.07    0.45 ^ _2553_/X (sky130_fd_sc_hd__buf_1)
                                         _0119_ (net)
                  0.03    0.00    0.45 ^ _2765_/D (sky130_fd_sc_hd__dfxtp_2)
                                  0.45   data arrival time

                  0.00    0.00    0.00   clock core_clock (rise edge)
                          0.00    0.00   clock network delay (ideal)
                          0.00    0.00   clock reconvergence pessimism
                                  0.00 ^ _2765_/CLK (sky130_fd_sc_hd__dfxtp_2)
                         -0.03   -0.03   library hold time
                                 -0.03   data required time
-----------------------------------------------------------------------------
                                 -0.03   data required time
                                 -0.45   data arrival time
-----------------------------------------------------------------------------
                                  0.48   slack (MET)


Startpoint: _2818_ (rising edge-triggered flip-flop clocked by core_clock)
Endpoint: _2818_ (rising edge-triggered flip-flop clocked by core_clock)
Path Group: core_clock
Path Type: min

Fanout     Cap    Slew   Delay    Time   Description
-----------------------------------------------------------------------------
                  0.00    0.00    0.00   clock core_clock (rise edge)
                          0.00    0.00   clock network delay (ideal)
                  0.00    0.00    0.00 ^ _2818_/CLK (sky130_fd_sc_hd__dfxtp_2)
     3    0.01    0.05    0.30    0.30 ^ _2818_/Q (sky130_fd_sc_hd__dfxtp_2)
                                         regfile.regfile[16][0] (net)
                  0.05    0.00    0.30 ^ _1328_/A (sky130_fd_sc_hd__buf_1)
     1    0.00    0.04    0.08    0.38 ^ _1328_/X (sky130_fd_sc_hd__buf_1)
                                         _1290_ (net)
                  0.04    0.00    0.38 ^ _1329_/A (sky130_fd_sc_hd__buf_1)
     1    0.00    0.03    0.07    0.45 ^ _1329_/X (sky130_fd_sc_hd__buf_1)
                                         _0172_ (net)
                  0.03    0.00    0.45 ^ _2818_/D (sky130_fd_sc_hd__dfxtp_2)
                                  0.45   data arrival time

                  0.00    0.00    0.00   clock core_clock (rise edge)
                          0.00    0.00   clock network delay (ideal)
                          0.00    0.00   clock reconvergence pessimism
                                  0.00 ^ _2818_/CLK (sky130_fd_sc_hd__dfxtp_2)
                         -0.03   -0.03   library hold time
                                 -0.03   data required time
-----------------------------------------------------------------------------
                                 -0.03   data required time
                                 -0.45   data arrival time
-----------------------------------------------------------------------------
                                  0.49   slack (MET)


Startpoint: _2767_ (rising edge-triggered flip-flop clocked by core_clock)
Endpoint: _2767_ (rising edge-triggered flip-flop clocked by core_clock)
Path Group: core_clock
Path Type: min

Fanout     Cap    Slew   Delay    Time   Description
-----------------------------------------------------------------------------
                  0.00    0.00    0.00   clock core_clock (rise edge)
                          0.00    0.00   clock network delay (ideal)
                  0.00    0.00    0.00 ^ _2767_/CLK (sky130_fd_sc_hd__dfxtp_2)
     4    0.01    0.05    0.31    0.31 ^ _2767_/Q (sky130_fd_sc_hd__dfxtp_2)
                                         regfile.regfile[0][18] (net)
                  0.05    0.00    0.31 ^ _2556_/A (sky130_fd_sc_hd__buf_1)
     1    0.00    0.04    0.08    0.38 ^ _2556_/X (sky130_fd_sc_hd__buf_1)
                                         _1240_ (net)
                  0.04    0.00    0.38 ^ _2557_/A (sky130_fd_sc_hd__buf_1)
     1    0.00    0.03    0.07    0.45 ^ _2557_/X (sky130_fd_sc_hd__buf_1)
                                         _0121_ (net)
                  0.03    0.00    0.45 ^ _2767_/D (sky130_fd_sc_hd__dfxtp_2)
                                  0.45   data arrival time

                  0.00    0.00    0.00   clock core_clock (rise edge)
                          0.00    0.00   clock network delay (ideal)
                          0.00    0.00   clock reconvergence pessimism
                                  0.00 ^ _2767_/CLK (sky130_fd_sc_hd__dfxtp_2)
                         -0.03   -0.03   library hold time
                                 -0.03   data required time
-----------------------------------------------------------------------------
                                 -0.03   data required time
                                 -0.45   data arrival time
-----------------------------------------------------------------------------
                                  0.49   slack (MET)


Startpoint: _2778_ (rising edge-triggered flip-flop clocked by core_clock)
Endpoint: _2778_ (rising edge-triggered flip-flop clocked by core_clock)
Path Group: core_clock
Path Type: min

Fanout     Cap    Slew   Delay    Time   Description
-----------------------------------------------------------------------------
                  0.00    0.00    0.00   clock core_clock (rise edge)
                          0.00    0.00   clock network delay (ideal)
                  0.00    0.00    0.00 ^ _2778_/CLK (sky130_fd_sc_hd__dfxtp_2)
     4    0.01    0.05    0.31    0.31 ^ _2778_/Q (sky130_fd_sc_hd__dfxtp_2)
                                         regfile.regfile[0][29] (net)
                  0.05    0.00    0.31 ^ _2578_/A (sky130_fd_sc_hd__buf_1)
     1    0.00    0.04    0.08    0.38 ^ _2578_/X (sky130_fd_sc_hd__buf_1)
                                         _1251_ (net)
                  0.04    0.00    0.38 ^ _2579_/A (sky130_fd_sc_hd__buf_1)
     1    0.00    0.03    0.07    0.45 ^ _2579_/X (sky130_fd_sc_hd__buf_1)
                                         _0132_ (net)
                  0.03    0.00    0.45 ^ _2778_/D (sky130_fd_sc_hd__dfxtp_2)
                                  0.45   data arrival time

                  0.00    0.00    0.00   clock core_clock (rise edge)
                          0.00    0.00   clock network delay (ideal)
                          0.00    0.00   clock reconvergence pessimism
                                  0.00 ^ _2778_/CLK (sky130_fd_sc_hd__dfxtp_2)
                         -0.03   -0.03   library hold time
                                 -0.03   data required time
-----------------------------------------------------------------------------
                                 -0.03   data required time
                                 -0.45   data arrival time
-----------------------------------------------------------------------------
                                  0.49   slack (MET)


Startpoint: _2780_ (rising edge-triggered flip-flop clocked by core_clock)
Endpoint: _2780_ (rising edge-triggered flip-flop clocked by core_clock)
Path Group: core_clock
Path Type: min

Fanout     Cap    Slew   Delay    Time   Description
-----------------------------------------------------------------------------
                  0.00    0.00    0.00   clock core_clock (rise edge)
                          0.00    0.00   clock network delay (ideal)
                  0.00    0.00    0.00 ^ _2780_/CLK (sky130_fd_sc_hd__dfxtp_2)
     4    0.01    0.05    0.31    0.31 ^ _2780_/Q (sky130_fd_sc_hd__dfxtp_2)
                                         regfile.regfile[0][31] (net)
                  0.05    0.00    0.31 ^ _2582_/A (sky130_fd_sc_hd__buf_1)
     1    0.00    0.04    0.08    0.38 ^ _2582_/X (sky130_fd_sc_hd__buf_1)
                                         _1253_ (net)
                  0.04    0.00    0.38 ^ _2583_/A (sky130_fd_sc_hd__buf_1)
     1    0.00    0.03    0.07    0.45 ^ _2583_/X (sky130_fd_sc_hd__buf_1)
                                         _0134_ (net)
                  0.03    0.00    0.45 ^ _2780_/D (sky130_fd_sc_hd__dfxtp_2)
                                  0.45   data arrival time

                  0.00    0.00    0.00   clock core_clock (rise edge)
                          0.00    0.00   clock network delay (ideal)
                          0.00    0.00   clock reconvergence pessimism
                                  0.00 ^ _2780_/CLK (sky130_fd_sc_hd__dfxtp_2)
                         -0.03   -0.03   library hold time
                                 -0.03   data required time
-----------------------------------------------------------------------------
                                 -0.03   data required time
                                 -0.45   data arrival time
-----------------------------------------------------------------------------
                                  0.49   slack (MET)


Startpoint: _2772_ (rising edge-triggered flip-flop clocked by core_clock)
Endpoint: _2772_ (rising edge-triggered flip-flop clocked by core_clock)
Path Group: core_clock
Path Type: min

Fanout     Cap    Slew   Delay    Time   Description
-----------------------------------------------------------------------------
                  0.00    0.00    0.00   clock core_clock (rise edge)
                          0.00    0.00   clock network delay (ideal)
                  0.00    0.00    0.00 ^ _2772_/CLK (sky130_fd_sc_hd__dfxtp_2)
     4    0.01    0.05    0.31    0.31 ^ _2772_/Q (sky130_fd_sc_hd__dfxtp_2)
                                         regfile.regfile[0][23] (net)
                  0.05    0.00    0.31 ^ _2566_/A (sky130_fd_sc_hd__buf_1)
     1    0.00    0.04    0.08    0.39 ^ _2566_/X (sky130_fd_sc_hd__buf_1)
                                         _1245_ (net)
                  0.04    0.00    0.39 ^ _2567_/A (sky130_fd_sc_hd__buf_1)
     1    0.00    0.03    0.07    0.46 ^ _2567_/X (sky130_fd_sc_hd__buf_1)
                                         _0126_ (net)
                  0.03    0.00    0.46 ^ _2772_/D (sky130_fd_sc_hd__dfxtp_2)
                                  0.46   data arrival time

                  0.00    0.00    0.00   clock core_clock (rise edge)
                          0.00    0.00   clock network delay (ideal)
                          0.00    0.00   clock reconvergence pessimism
                                  0.00 ^ _2772_/CLK (sky130_fd_sc_hd__dfxtp_2)
                         -0.03   -0.03   library hold time
                                 -0.03   data required time
-----------------------------------------------------------------------------
                                 -0.03   data required time
                                 -0.46   data arrival time
-----------------------------------------------------------------------------
                                  0.49   slack (MET)


Startpoint: _2774_ (rising edge-triggered flip-flop clocked by core_clock)
Endpoint: _2774_ (rising edge-triggered flip-flop clocked by core_clock)
Path Group: core_clock
Path Type: min

Fanout     Cap    Slew   Delay    Time   Description
-----------------------------------------------------------------------------
                  0.00    0.00    0.00   clock core_clock (rise edge)
                          0.00    0.00   clock network delay (ideal)
                  0.00    0.00    0.00 ^ _2774_/CLK (sky130_fd_sc_hd__dfxtp_2)
     4    0.01    0.05    0.31    0.31 ^ _2774_/Q (sky130_fd_sc_hd__dfxtp_2)
                                         regfile.regfile[0][25] (net)
                  0.05    0.00    0.31 ^ _2570_/A (sky130_fd_sc_hd__buf_1)
     1    0.00    0.04    0.08    0.39 ^ _2570_/X (sky130_fd_sc_hd__buf_1)
                                         _1247_ (net)
                  0.04    0.00    0.39 ^ _2571_/A (sky130_fd_sc_hd__buf_1)
     1    0.00    0.03    0.07    0.46 ^ _2571_/X (sky130_fd_sc_hd__buf_1)
                                         _0128_ (net)
                  0.03    0.00    0.46 ^ _2774_/D (sky130_fd_sc_hd__dfxtp_2)
                                  0.46   data arrival time

                  0.00    0.00    0.00   clock core_clock (rise edge)
                          0.00    0.00   clock network delay (ideal)
                          0.00    0.00   clock reconvergence pessimism
                                  0.00 ^ _2774_/CLK (sky130_fd_sc_hd__dfxtp_2)
                         -0.03   -0.03   library hold time
                                 -0.03   data required time
-----------------------------------------------------------------------------
                                 -0.03   data required time
                                 -0.46   data arrival time
-----------------------------------------------------------------------------
                                  0.49   slack (MET)


Startpoint: _2776_ (rising edge-triggered flip-flop clocked by core_clock)
Endpoint: _2776_ (rising edge-triggered flip-flop clocked by core_clock)
Path Group: core_clock
Path Type: min

Fanout     Cap    Slew   Delay    Time   Description
-----------------------------------------------------------------------------
                  0.00    0.00    0.00   clock core_clock (rise edge)
                          0.00    0.00   clock network delay (ideal)
                  0.00    0.00    0.00 ^ _2776_/CLK (sky130_fd_sc_hd__dfxtp_2)
     4    0.01    0.05    0.31    0.31 ^ _2776_/Q (sky130_fd_sc_hd__dfxtp_2)
                                         regfile.regfile[0][27] (net)
                  0.05    0.00    0.31 ^ _2574_/A (sky130_fd_sc_hd__buf_1)
     1    0.00    0.04    0.08    0.39 ^ _2574_/X (sky130_fd_sc_hd__buf_1)
                                         _1249_ (net)
                  0.04    0.00    0.39 ^ _2575_/A (sky130_fd_sc_hd__buf_1)
     1    0.00    0.03    0.07    0.46 ^ _2575_/X (sky130_fd_sc_hd__buf_1)
                                         _0130_ (net)
                  0.03    0.00    0.46 ^ _2776_/D (sky130_fd_sc_hd__dfxtp_2)
                                  0.46   data arrival time

                  0.00    0.00    0.00   clock core_clock (rise edge)
                          0.00    0.00   clock network delay (ideal)
                          0.00    0.00   clock reconvergence pessimism
                                  0.00 ^ _2776_/CLK (sky130_fd_sc_hd__dfxtp_2)
                         -0.03   -0.03   library hold time
                                 -0.03   data required time
-----------------------------------------------------------------------------
                                 -0.03   data required time
                                 -0.46   data arrival time
-----------------------------------------------------------------------------
                                  0.49   slack (MET)


Startpoint: _2768_ (rising edge-triggered flip-flop clocked by core_clock)
Endpoint: _2768_ (rising edge-triggered flip-flop clocked by core_clock)
Path Group: core_clock
Path Type: min

Fanout     Cap    Slew   Delay    Time   Description
-----------------------------------------------------------------------------
                  0.00    0.00    0.00   clock core_clock (rise edge)
                          0.00    0.00   clock network delay (ideal)
                  0.00    0.00    0.00 ^ _2768_/CLK (sky130_fd_sc_hd__dfxtp_2)
     4    0.01    0.05    0.31    0.31 ^ _2768_/Q (sky130_fd_sc_hd__dfxtp_2)
                                         regfile.regfile[0][19] (net)
                  0.05    0.00    0.31 ^ _2558_/A (sky130_fd_sc_hd__buf_1)
     1    0.00    0.04    0.08    0.39 ^ _2558_/X (sky130_fd_sc_hd__buf_1)
                                         _1241_ (net)
                  0.04    0.00    0.39 ^ _2559_/A (sky130_fd_sc_hd__buf_1)
     1    0.00    0.03    0.07    0.46 ^ _2559_/X (sky130_fd_sc_hd__buf_1)
                                         _0122_ (net)
                  0.03    0.00    0.46 ^ _2768_/D (sky130_fd_sc_hd__dfxtp_2)
                                  0.46   data arrival time

                  0.00    0.00    0.00   clock core_clock (rise edge)
                          0.00    0.00   clock network delay (ideal)
                          0.00    0.00   clock reconvergence pessimism
                                  0.00 ^ _2768_/CLK (sky130_fd_sc_hd__dfxtp_2)
                         -0.03   -0.03   library hold time
                                 -0.03   data required time
-----------------------------------------------------------------------------
                                 -0.03   data required time
                                 -0.46   data arrival time
-----------------------------------------------------------------------------
                                  0.49   slack (MET)


Startpoint: _2831_ (rising edge-triggered flip-flop clocked by core_clock)
Endpoint: _2831_ (rising edge-triggered flip-flop clocked by core_clock)
Path Group: core_clock
Path Type: min

Fanout     Cap    Slew   Delay    Time   Description
-----------------------------------------------------------------------------
                  0.00    0.00    0.00   clock core_clock (rise edge)
                          0.00    0.00   clock network delay (ideal)
                  0.00    0.00    0.00 ^ _2831_/CLK (sky130_fd_sc_hd__dfxtp_2)
     3    0.01    0.06    0.31    0.31 ^ _2831_/Q (sky130_fd_sc_hd__dfxtp_2)
                                         regfile.regfile[16][13] (net)
                  0.06    0.00    0.31 ^ _1354_/A (sky130_fd_sc_hd__buf_1)
     1    0.00    0.04    0.08    0.39 ^ _1354_/X (sky130_fd_sc_hd__buf_1)
                                         _1303_ (net)
                  0.04    0.00    0.39 ^ _1355_/A (sky130_fd_sc_hd__buf_1)
     1    0.00    0.03    0.07    0.46 ^ _1355_/X (sky130_fd_sc_hd__buf_1)
                                         _0185_ (net)
                  0.03    0.00    0.46 ^ _2831_/D (sky130_fd_sc_hd__dfxtp_2)
                                  0.46   data arrival time

                  0.00    0.00    0.00   clock core_clock (rise edge)
                          0.00    0.00   clock network delay (ideal)
                          0.00    0.00   clock reconvergence pessimism
                                  0.00 ^ _2831_/CLK (sky130_fd_sc_hd__dfxtp_2)
                         -0.03   -0.03   library hold time
                                 -0.03   data required time
-----------------------------------------------------------------------------
                                 -0.03   data required time
                                 -0.46   data arrival time
-----------------------------------------------------------------------------
                                  0.49   slack (MET)


Startpoint: _2771_ (rising edge-triggered flip-flop clocked by core_clock)
Endpoint: _2771_ (rising edge-triggered flip-flop clocked by core_clock)
Path Group: core_clock
Path Type: min

Fanout     Cap    Slew   Delay    Time   Description
-----------------------------------------------------------------------------
                  0.00    0.00    0.00   clock core_clock (rise edge)
                          0.00    0.00   clock network delay (ideal)
                  0.00    0.00    0.00 ^ _2771_/CLK (sky130_fd_sc_hd__dfxtp_2)
     4    0.01    0.06    0.32    0.32 ^ _2771_/Q (sky130_fd_sc_hd__dfxtp_2)
                                         regfile.regfile[0][22] (net)
                  0.06    0.00    0.32 ^ _2564_/A (sky130_fd_sc_hd__buf_1)
     1    0.00    0.04    0.08    0.40 ^ _2564_/X (sky130_fd_sc_hd__buf_1)
                                         _1244_ (net)
                  0.04    0.00    0.40 ^ _2565_/A (sky130_fd_sc_hd__buf_1)
     1    0.00    0.03    0.07    0.47 ^ _2565_/X (sky130_fd_sc_hd__buf_1)
                                         _0125_ (net)
                  0.03    0.00    0.47 ^ _2771_/D (sky130_fd_sc_hd__dfxtp_2)
                                  0.47   data arrival time

                  0.00    0.00    0.00   clock core_clock (rise edge)
                          0.00    0.00   clock network delay (ideal)
                          0.00    0.00   clock reconvergence pessimism
                                  0.00 ^ _2771_/CLK (sky130_fd_sc_hd__dfxtp_2)
                         -0.03   -0.03   library hold time
                                 -0.03   data required time
-----------------------------------------------------------------------------
                                 -0.03   data required time
                                 -0.47   data arrival time
-----------------------------------------------------------------------------
                                  0.50   slack (MET)


Startpoint: _2779_ (rising edge-triggered flip-flop clocked by core_clock)
Endpoint: _2779_ (rising edge-triggered flip-flop clocked by core_clock)
Path Group: core_clock
Path Type: min

Fanout     Cap    Slew   Delay    Time   Description
-----------------------------------------------------------------------------
                  0.00    0.00    0.00   clock core_clock (rise edge)
                          0.00    0.00   clock network delay (ideal)
                  0.00    0.00    0.00 ^ _2779_/CLK (sky130_fd_sc_hd__dfxtp_2)
     4    0.01    0.04    0.31    0.31 v _2779_/Q (sky130_fd_sc_hd__dfxtp_2)
                                         regfile.regfile[0][30] (net)
                  0.04    0.00    0.31 v _2580_/A (sky130_fd_sc_hd__buf_1)
     1    0.00    0.02    0.08    0.39 v _2580_/X (sky130_fd_sc_hd__buf_1)
                                         _1252_ (net)
                  0.02    0.00    0.39 v _2581_/A (sky130_fd_sc_hd__buf_1)
     1    0.00    0.02    0.07    0.46 v _2581_/X (sky130_fd_sc_hd__buf_1)
                                         _0133_ (net)
                  0.02    0.00    0.46 v _2779_/D (sky130_fd_sc_hd__dfxtp_2)
                                  0.46   data arrival time

                  0.00    0.00    0.00   clock core_clock (rise edge)
                          0.00    0.00   clock network delay (ideal)
                          0.00    0.00   clock reconvergence pessimism
                                  0.00 ^ _2779_/CLK (sky130_fd_sc_hd__dfxtp_2)
                         -0.05   -0.05   library hold time
                                 -0.05   data required time
-----------------------------------------------------------------------------
                                 -0.05   data required time
                                 -0.46   data arrival time
-----------------------------------------------------------------------------
                                  0.50   slack (MET)


Startpoint: _2817_ (rising edge-triggered flip-flop clocked by core_clock)
Endpoint: _2817_ (rising edge-triggered flip-flop clocked by core_clock)
Path Group: core_clock
Path Type: min

Fanout     Cap    Slew   Delay    Time   Description
-----------------------------------------------------------------------------
                  0.00    0.00    0.00   clock core_clock (rise edge)
                          0.00    0.00   clock network delay (ideal)
                  0.00    0.00    0.00 ^ _2817_/CLK (sky130_fd_sc_hd__dfrtp_2)
     6    0.02    0.12    0.39    0.39 ^ _2817_/Q (sky130_fd_sc_hd__dfrtp_2)
                                         imem.pc[4] (net)
                  0.12    0.00    0.39 ^ _1395_/A (sky130_fd_sc_hd__xnor2_2)
     1    0.00    0.03    0.07    0.46 v _1395_/Y (sky130_fd_sc_hd__xnor2_2)
                                         _0171_ (net)
                  0.03    0.00    0.46 v _2817_/D (sky130_fd_sc_hd__dfrtp_2)
                                  0.46   data arrival time

                  0.00    0.00    0.00   clock core_clock (rise edge)
                          0.00    0.00   clock network delay (ideal)
                          0.00    0.00   clock reconvergence pessimism
                                  0.00 ^ _2817_/CLK (sky130_fd_sc_hd__dfrtp_2)
                         -0.04   -0.04   library hold time
                                 -0.04   data required time
-----------------------------------------------------------------------------
                                 -0.04   data required time
                                 -0.46   data arrival time
-----------------------------------------------------------------------------
                                  0.50   slack (MET)


Startpoint: _2652_ (rising edge-triggered flip-flop clocked by core_clock)
Endpoint: _2652_ (rising edge-triggered flip-flop clocked by core_clock)
Path Group: core_clock
Path Type: min

Fanout     Cap    Slew   Delay    Time   Description
-----------------------------------------------------------------------------
                  0.00    0.00    0.00   clock core_clock (rise edge)
                          0.00    0.00   clock network delay (ideal)
                  0.00    0.00    0.00 ^ _2652_/CLK (sky130_fd_sc_hd__dfxtp_2)
     2    0.00    0.03    0.29    0.29 ^ _2652_/Q (sky130_fd_sc_hd__dfxtp_2)
                                         regfile.regfile[21][1] (net)
                  0.03    0.00    0.29 ^ _1763_/A (sky130_fd_sc_hd__and2_2)
     1    0.00    0.03    0.12    0.40 ^ _1763_/X (sky130_fd_sc_hd__and2_2)
                                         _0562_ (net)
                  0.03    0.00    0.40 ^ _1764_/A (sky130_fd_sc_hd__buf_1)
     1    0.00    0.03    0.07    0.47 ^ _1764_/X (sky130_fd_sc_hd__buf_1)
                                         _0006_ (net)
                  0.03    0.00    0.47 ^ _2652_/D (sky130_fd_sc_hd__dfxtp_2)
                                  0.47   data arrival time

                  0.00    0.00    0.00   clock core_clock (rise edge)
                          0.00    0.00   clock network delay (ideal)
                          0.00    0.00   clock reconvergence pessimism
                                  0.00 ^ _2652_/CLK (sky130_fd_sc_hd__dfxtp_2)
                         -0.03   -0.03   library hold time
                                 -0.03   data required time
-----------------------------------------------------------------------------
                                 -0.03   data required time
                                 -0.47   data arrival time
-----------------------------------------------------------------------------
                                  0.51   slack (MET)


Startpoint: _2681_ (rising edge-triggered flip-flop clocked by core_clock)
Endpoint: _2681_ (rising edge-triggered flip-flop clocked by core_clock)
Path Group: core_clock
Path Type: min

Fanout     Cap    Slew   Delay    Time   Description
-----------------------------------------------------------------------------
                  0.00    0.00    0.00   clock core_clock (rise edge)
                          0.00    0.00   clock network delay (ideal)
                  0.00    0.00    0.00 ^ _2681_/CLK (sky130_fd_sc_hd__dfxtp_2)
     2    0.00    0.03    0.29    0.29 ^ _2681_/Q (sky130_fd_sc_hd__dfxtp_2)
                                         regfile.regfile[21][30] (net)
                  0.03    0.00    0.29 ^ _1823_/A (sky130_fd_sc_hd__and2_2)
     1    0.00    0.03    0.12    0.41 ^ _1823_/X (sky130_fd_sc_hd__and2_2)
                                         _0593_ (net)
                  0.03    0.00    0.41 ^ _1824_/A (sky130_fd_sc_hd__buf_1)
     1    0.00    0.03    0.07    0.47 ^ _1824_/X (sky130_fd_sc_hd__buf_1)
                                         _0035_ (net)
                  0.03    0.00    0.47 ^ _2681_/D (sky130_fd_sc_hd__dfxtp_2)
                                  0.47   data arrival time

                  0.00    0.00    0.00   clock core_clock (rise edge)
                          0.00    0.00   clock network delay (ideal)
                          0.00    0.00   clock reconvergence pessimism
                                  0.00 ^ _2681_/CLK (sky130_fd_sc_hd__dfxtp_2)
                         -0.03   -0.03   library hold time
                                 -0.03   data required time
-----------------------------------------------------------------------------
                                 -0.03   data required time
                                 -0.47   data arrival time
-----------------------------------------------------------------------------
                                  0.51   slack (MET)


Startpoint: _2682_ (rising edge-triggered flip-flop clocked by core_clock)
Endpoint: _2682_ (rising edge-triggered flip-flop clocked by core_clock)
Path Group: core_clock
Path Type: min

Fanout     Cap    Slew   Delay    Time   Description
-----------------------------------------------------------------------------
                  0.00    0.00    0.00   clock core_clock (rise edge)
                          0.00    0.00   clock network delay (ideal)
                  0.00    0.00    0.00 ^ _2682_/CLK (sky130_fd_sc_hd__dfxtp_2)
     2    0.00    0.03    0.29    0.29 ^ _2682_/Q (sky130_fd_sc_hd__dfxtp_2)
                                         regfile.regfile[21][31] (net)
                  0.03    0.00    0.29 ^ _1825_/A (sky130_fd_sc_hd__and2_2)
     1    0.00    0.03    0.12    0.41 ^ _1825_/X (sky130_fd_sc_hd__and2_2)
                                         _0594_ (net)
                  0.03    0.00    0.41 ^ _1826_/A (sky130_fd_sc_hd__buf_1)
     1    0.00    0.03    0.07    0.47 ^ _1826_/X (sky130_fd_sc_hd__buf_1)
                                         _0036_ (net)
                  0.03    0.00    0.47 ^ _2682_/D (sky130_fd_sc_hd__dfxtp_2)
                                  0.47   data arrival time

                  0.00    0.00    0.00   clock core_clock (rise edge)
                          0.00    0.00   clock network delay (ideal)
                          0.00    0.00   clock reconvergence pessimism
                                  0.00 ^ _2682_/CLK (sky130_fd_sc_hd__dfxtp_2)
                         -0.03   -0.03   library hold time
                                 -0.03   data required time
-----------------------------------------------------------------------------
                                 -0.03   data required time
                                 -0.47   data arrival time
-----------------------------------------------------------------------------
                                  0.51   slack (MET)


Startpoint: _2655_ (rising edge-triggered flip-flop clocked by core_clock)
Endpoint: _2655_ (rising edge-triggered flip-flop clocked by core_clock)
Path Group: core_clock
Path Type: min

Fanout     Cap    Slew   Delay    Time   Description
-----------------------------------------------------------------------------
                  0.00    0.00    0.00   clock core_clock (rise edge)
                          0.00    0.00   clock network delay (ideal)
                  0.00    0.00    0.00 ^ _2655_/CLK (sky130_fd_sc_hd__dfxtp_2)
     2    0.00    0.03    0.29    0.29 ^ _2655_/Q (sky130_fd_sc_hd__dfxtp_2)
                                         regfile.regfile[21][4] (net)
                  0.03    0.00    0.29 ^ _1769_/A (sky130_fd_sc_hd__and2_2)
     1    0.00    0.03    0.12    0.41 ^ _1769_/X (sky130_fd_sc_hd__and2_2)
                                         _0565_ (net)
                  0.03    0.00    0.41 ^ _1770_/A (sky130_fd_sc_hd__buf_1)
     1    0.00    0.03    0.07    0.47 ^ _1770_/X (sky130_fd_sc_hd__buf_1)
                                         _0009_ (net)
                  0.03    0.00    0.47 ^ _2655_/D (sky130_fd_sc_hd__dfxtp_2)
                                  0.47   data arrival time

                  0.00    0.00    0.00   clock core_clock (rise edge)
                          0.00    0.00   clock network delay (ideal)
                          0.00    0.00   clock reconvergence pessimism
                                  0.00 ^ _2655_/CLK (sky130_fd_sc_hd__dfxtp_2)
                         -0.03   -0.03   library hold time
                                 -0.03   data required time
-----------------------------------------------------------------------------
                                 -0.03   data required time
                                 -0.47   data arrival time
-----------------------------------------------------------------------------
                                  0.51   slack (MET)


Startpoint: _2657_ (rising edge-triggered flip-flop clocked by core_clock)
Endpoint: _2657_ (rising edge-triggered flip-flop clocked by core_clock)
Path Group: core_clock
Path Type: min

Fanout     Cap    Slew   Delay    Time   Description
-----------------------------------------------------------------------------
                  0.00    0.00    0.00   clock core_clock (rise edge)
                          0.00    0.00   clock network delay (ideal)
                  0.00    0.00    0.00 ^ _2657_/CLK (sky130_fd_sc_hd__dfxtp_2)
     2    0.00    0.03    0.29    0.29 ^ _2657_/Q (sky130_fd_sc_hd__dfxtp_2)
                                         regfile.regfile[21][6] (net)
                  0.03    0.00    0.29 ^ _1773_/A (sky130_fd_sc_hd__and2_2)
     1    0.00    0.03    0.12    0.41 ^ _1773_/X (sky130_fd_sc_hd__and2_2)
                                         _0567_ (net)
                  0.03    0.00    0.41 ^ _1774_/A (sky130_fd_sc_hd__buf_1)
     1    0.00    0.03    0.07    0.47 ^ _1774_/X (sky130_fd_sc_hd__buf_1)
                                         _0011_ (net)
                  0.03    0.00    0.47 ^ _2657_/D (sky130_fd_sc_hd__dfxtp_2)
                                  0.47   data arrival time

                  0.00    0.00    0.00   clock core_clock (rise edge)
                          0.00    0.00   clock network delay (ideal)
                          0.00    0.00   clock reconvergence pessimism
                                  0.00 ^ _2657_/CLK (sky130_fd_sc_hd__dfxtp_2)
                         -0.03   -0.03   library hold time
                                 -0.03   data required time
-----------------------------------------------------------------------------
                                 -0.03   data required time
                                 -0.47   data arrival time
-----------------------------------------------------------------------------
                                  0.51   slack (MET)


Startpoint: _2658_ (rising edge-triggered flip-flop clocked by core_clock)
Endpoint: _2658_ (rising edge-triggered flip-flop clocked by core_clock)
Path Group: core_clock
Path Type: min

Fanout     Cap    Slew   Delay    Time   Description
-----------------------------------------------------------------------------
                  0.00    0.00    0.00   clock core_clock (rise edge)
                          0.00    0.00   clock network delay (ideal)
                  0.00    0.00    0.00 ^ _2658_/CLK (sky130_fd_sc_hd__dfxtp_2)
     2    0.00    0.03    0.29    0.29 ^ _2658_/Q (sky130_fd_sc_hd__dfxtp_2)
                                         regfile.regfile[21][7] (net)
                  0.03    0.00    0.29 ^ _1775_/A (sky130_fd_sc_hd__and2_2)
     1    0.00    0.03    0.12    0.41 ^ _1775_/X (sky130_fd_sc_hd__and2_2)
                                         _0568_ (net)
                  0.03    0.00    0.41 ^ _1776_/A (sky130_fd_sc_hd__buf_1)
     1    0.00    0.03    0.07    0.47 ^ _1776_/X (sky130_fd_sc_hd__buf_1)
                                         _0012_ (net)
                  0.03    0.00    0.47 ^ _2658_/D (sky130_fd_sc_hd__dfxtp_2)
                                  0.47   data arrival time

                  0.00    0.00    0.00   clock core_clock (rise edge)
                          0.00    0.00   clock network delay (ideal)
                          0.00    0.00   clock reconvergence pessimism
                                  0.00 ^ _2658_/CLK (sky130_fd_sc_hd__dfxtp_2)
                         -0.03   -0.03   library hold time
                                 -0.03   data required time
-----------------------------------------------------------------------------
                                 -0.03   data required time
                                 -0.47   data arrival time
-----------------------------------------------------------------------------
                                  0.51   slack (MET)


Startpoint: _2659_ (rising edge-triggered flip-flop clocked by core_clock)
Endpoint: _2659_ (rising edge-triggered flip-flop clocked by core_clock)
Path Group: core_clock
Path Type: min

Fanout     Cap    Slew   Delay    Time   Description
-----------------------------------------------------------------------------
                  0.00    0.00    0.00   clock core_clock (rise edge)
                          0.00    0.00   clock network delay (ideal)
                  0.00    0.00    0.00 ^ _2659_/CLK (sky130_fd_sc_hd__dfxtp_2)
     2    0.00    0.03    0.29    0.29 ^ _2659_/Q (sky130_fd_sc_hd__dfxtp_2)
                                         regfile.regfile[21][8] (net)
                  0.03    0.00    0.29 ^ _1777_/A (sky130_fd_sc_hd__and2_2)
     1    0.00    0.03    0.12    0.41 ^ _1777_/X (sky130_fd_sc_hd__and2_2)
                                         _0569_ (net)
                  0.03    0.00    0.41 ^ _1778_/A (sky130_fd_sc_hd__buf_1)
     1    0.00    0.03    0.07    0.47 ^ _1778_/X (sky130_fd_sc_hd__buf_1)
                                         _0013_ (net)
                  0.03    0.00    0.47 ^ _2659_/D (sky130_fd_sc_hd__dfxtp_2)
                                  0.47   data arrival time

                  0.00    0.00    0.00   clock core_clock (rise edge)
                          0.00    0.00   clock network delay (ideal)
                          0.00    0.00   clock reconvergence pessimism
                                  0.00 ^ _2659_/CLK (sky130_fd_sc_hd__dfxtp_2)
                         -0.03   -0.03   library hold time
                                 -0.03   data required time
-----------------------------------------------------------------------------
                                 -0.03   data required time
                                 -0.47   data arrival time
-----------------------------------------------------------------------------
                                  0.51   slack (MET)


Startpoint: _2660_ (rising edge-triggered flip-flop clocked by core_clock)
Endpoint: _2660_ (rising edge-triggered flip-flop clocked by core_clock)
Path Group: core_clock
Path Type: min

Fanout     Cap    Slew   Delay    Time   Description
-----------------------------------------------------------------------------
                  0.00    0.00    0.00   clock core_clock (rise edge)
                          0.00    0.00   clock network delay (ideal)
                  0.00    0.00    0.00 ^ _2660_/CLK (sky130_fd_sc_hd__dfxtp_2)
     2    0.00    0.03    0.29    0.29 ^ _2660_/Q (sky130_fd_sc_hd__dfxtp_2)
                                         regfile.regfile[21][9] (net)
                  0.03    0.00    0.29 ^ _1779_/A (sky130_fd_sc_hd__and2_2)
     1    0.00    0.03    0.12    0.41 ^ _1779_/X (sky130_fd_sc_hd__and2_2)
                                         _0570_ (net)
                  0.03    0.00    0.41 ^ _1780_/A (sky130_fd_sc_hd__buf_1)
     1    0.00    0.03    0.07    0.47 ^ _1780_/X (sky130_fd_sc_hd__buf_1)
                                         _0014_ (net)
                  0.03    0.00    0.47 ^ _2660_/D (sky130_fd_sc_hd__dfxtp_2)
                                  0.47   data arrival time

                  0.00    0.00    0.00   clock core_clock (rise edge)
                          0.00    0.00   clock network delay (ideal)
                          0.00    0.00   clock reconvergence pessimism
                                  0.00 ^ _2660_/CLK (sky130_fd_sc_hd__dfxtp_2)
                         -0.03   -0.03   library hold time
                                 -0.03   data required time
-----------------------------------------------------------------------------
                                 -0.03   data required time
                                 -0.47   data arrival time
-----------------------------------------------------------------------------
                                  0.51   slack (MET)


Startpoint: _2661_ (rising edge-triggered flip-flop clocked by core_clock)
Endpoint: _2661_ (rising edge-triggered flip-flop clocked by core_clock)
Path Group: core_clock
Path Type: min

Fanout     Cap    Slew   Delay    Time   Description
-----------------------------------------------------------------------------
                  0.00    0.00    0.00   clock core_clock (rise edge)
                          0.00    0.00   clock network delay (ideal)
                  0.00    0.00    0.00 ^ _2661_/CLK (sky130_fd_sc_hd__dfxtp_2)
     2    0.00    0.03    0.29    0.29 ^ _2661_/Q (sky130_fd_sc_hd__dfxtp_2)
                                         regfile.regfile[21][10] (net)
                  0.03    0.00    0.29 ^ _1782_/A (sky130_fd_sc_hd__and2_2)
     1    0.00    0.03    0.12    0.41 ^ _1782_/X (sky130_fd_sc_hd__and2_2)
                                         _0572_ (net)
                  0.03    0.00    0.41 ^ _1783_/A (sky130_fd_sc_hd__buf_1)
     1    0.00    0.03    0.07    0.47 ^ _1783_/X (sky130_fd_sc_hd__buf_1)
                                         _0015_ (net)
                  0.03    0.00    0.47 ^ _2661_/D (sky130_fd_sc_hd__dfxtp_2)
                                  0.47   data arrival time

                  0.00    0.00    0.00   clock core_clock (rise edge)
                          0.00    0.00   clock network delay (ideal)
                          0.00    0.00   clock reconvergence pessimism
                                  0.00 ^ _2661_/CLK (sky130_fd_sc_hd__dfxtp_2)
                         -0.03   -0.03   library hold time
                                 -0.03   data required time
-----------------------------------------------------------------------------
                                 -0.03   data required time
                                 -0.47   data arrival time
-----------------------------------------------------------------------------
                                  0.51   slack (MET)


Startpoint: _2662_ (rising edge-triggered flip-flop clocked by core_clock)
Endpoint: _2662_ (rising edge-triggered flip-flop clocked by core_clock)
Path Group: core_clock
Path Type: min

Fanout     Cap    Slew   Delay    Time   Description
-----------------------------------------------------------------------------
                  0.00    0.00    0.00   clock core_clock (rise edge)
                          0.00    0.00   clock network delay (ideal)
                  0.00    0.00    0.00 ^ _2662_/CLK (sky130_fd_sc_hd__dfxtp_2)
     2    0.00    0.03    0.29    0.29 ^ _2662_/Q (sky130_fd_sc_hd__dfxtp_2)
                                         regfile.regfile[21][11] (net)
                  0.03    0.00    0.29 ^ _1784_/A (sky130_fd_sc_hd__and2_2)
     1    0.00    0.03    0.12    0.41 ^ _1784_/X (sky130_fd_sc_hd__and2_2)
                                         _0573_ (net)
                  0.03    0.00    0.41 ^ _1785_/A (sky130_fd_sc_hd__buf_1)
     1    0.00    0.03    0.07    0.47 ^ _1785_/X (sky130_fd_sc_hd__buf_1)
                                         _0016_ (net)
                  0.03    0.00    0.47 ^ _2662_/D (sky130_fd_sc_hd__dfxtp_2)
                                  0.47   data arrival time

                  0.00    0.00    0.00   clock core_clock (rise edge)
                          0.00    0.00   clock network delay (ideal)
                          0.00    0.00   clock reconvergence pessimism
                                  0.00 ^ _2662_/CLK (sky130_fd_sc_hd__dfxtp_2)
                         -0.03   -0.03   library hold time
                                 -0.03   data required time
-----------------------------------------------------------------------------
                                 -0.03   data required time
                                 -0.47   data arrival time
-----------------------------------------------------------------------------
                                  0.51   slack (MET)


Startpoint: _2663_ (rising edge-triggered flip-flop clocked by core_clock)
Endpoint: _2663_ (rising edge-triggered flip-flop clocked by core_clock)
Path Group: core_clock
Path Type: min

Fanout     Cap    Slew   Delay    Time   Description
-----------------------------------------------------------------------------
                  0.00    0.00    0.00   clock core_clock (rise edge)
                          0.00    0.00   clock network delay (ideal)
                  0.00    0.00    0.00 ^ _2663_/CLK (sky130_fd_sc_hd__dfxtp_2)
     2    0.00    0.03    0.29    0.29 ^ _2663_/Q (sky130_fd_sc_hd__dfxtp_2)
                                         regfile.regfile[21][12] (net)
                  0.03    0.00    0.29 ^ _1786_/A (sky130_fd_sc_hd__and2_2)
     1    0.00    0.03    0.12    0.41 ^ _1786_/X (sky130_fd_sc_hd__and2_2)
                                         _0574_ (net)
                  0.03    0.00    0.41 ^ _1787_/A (sky130_fd_sc_hd__buf_1)
     1    0.00    0.03    0.07    0.47 ^ _1787_/X (sky130_fd_sc_hd__buf_1)
                                         _0017_ (net)
                  0.03    0.00    0.47 ^ _2663_/D (sky130_fd_sc_hd__dfxtp_2)
                                  0.47   data arrival time

                  0.00    0.00    0.00   clock core_clock (rise edge)
                          0.00    0.00   clock network delay (ideal)
                          0.00    0.00   clock reconvergence pessimism
                                  0.00 ^ _2663_/CLK (sky130_fd_sc_hd__dfxtp_2)
                         -0.03   -0.03   library hold time
                                 -0.03   data required time
-----------------------------------------------------------------------------
                                 -0.03   data required time
                                 -0.47   data arrival time
-----------------------------------------------------------------------------
                                  0.51   slack (MET)


Startpoint: _2664_ (rising edge-triggered flip-flop clocked by core_clock)
Endpoint: _2664_ (rising edge-triggered flip-flop clocked by core_clock)
Path Group: core_clock
Path Type: min

Fanout     Cap    Slew   Delay    Time   Description
-----------------------------------------------------------------------------
                  0.00    0.00    0.00   clock core_clock (rise edge)
                          0.00    0.00   clock network delay (ideal)
                  0.00    0.00    0.00 ^ _2664_/CLK (sky130_fd_sc_hd__dfxtp_2)
     2    0.00    0.03    0.29    0.29 ^ _2664_/Q (sky130_fd_sc_hd__dfxtp_2)
                                         regfile.regfile[21][13] (net)
                  0.03    0.00    0.29 ^ _1788_/A (sky130_fd_sc_hd__and2_2)
     1    0.00    0.03    0.12    0.41 ^ _1788_/X (sky130_fd_sc_hd__and2_2)
                                         _0575_ (net)
                  0.03    0.00    0.41 ^ _1789_/A (sky130_fd_sc_hd__buf_1)
     1    0.00    0.03    0.07    0.47 ^ _1789_/X (sky130_fd_sc_hd__buf_1)
                                         _0018_ (net)
                  0.03    0.00    0.47 ^ _2664_/D (sky130_fd_sc_hd__dfxtp_2)
                                  0.47   data arrival time

                  0.00    0.00    0.00   clock core_clock (rise edge)
                          0.00    0.00   clock network delay (ideal)
                          0.00    0.00   clock reconvergence pessimism
                                  0.00 ^ _2664_/CLK (sky130_fd_sc_hd__dfxtp_2)
                         -0.03   -0.03   library hold time
                                 -0.03   data required time
-----------------------------------------------------------------------------
                                 -0.03   data required time
                                 -0.47   data arrival time
-----------------------------------------------------------------------------
                                  0.51   slack (MET)


Startpoint: _2665_ (rising edge-triggered flip-flop clocked by core_clock)
Endpoint: _2665_ (rising edge-triggered flip-flop clocked by core_clock)
Path Group: core_clock
Path Type: min

Fanout     Cap    Slew   Delay    Time   Description
-----------------------------------------------------------------------------
                  0.00    0.00    0.00   clock core_clock (rise edge)
                          0.00    0.00   clock network delay (ideal)
                  0.00    0.00    0.00 ^ _2665_/CLK (sky130_fd_sc_hd__dfxtp_2)
     2    0.00    0.03    0.29    0.29 ^ _2665_/Q (sky130_fd_sc_hd__dfxtp_2)
                                         regfile.regfile[21][14] (net)
                  0.03    0.00    0.29 ^ _1790_/A (sky130_fd_sc_hd__and2_2)
     1    0.00    0.03    0.12    0.41 ^ _1790_/X (sky130_fd_sc_hd__and2_2)
                                         _0576_ (net)
                  0.03    0.00    0.41 ^ _1791_/A (sky130_fd_sc_hd__buf_1)
     1    0.00    0.03    0.07    0.47 ^ _1791_/X (sky130_fd_sc_hd__buf_1)
                                         _0019_ (net)
                  0.03    0.00    0.47 ^ _2665_/D (sky130_fd_sc_hd__dfxtp_2)
                                  0.47   data arrival time

                  0.00    0.00    0.00   clock core_clock (rise edge)
                          0.00    0.00   clock network delay (ideal)
                          0.00    0.00   clock reconvergence pessimism
                                  0.00 ^ _2665_/CLK (sky130_fd_sc_hd__dfxtp_2)
                         -0.03   -0.03   library hold time
                                 -0.03   data required time
-----------------------------------------------------------------------------
                                 -0.03   data required time
                                 -0.47   data arrival time
-----------------------------------------------------------------------------
                                  0.51   slack (MET)


Startpoint: _2666_ (rising edge-triggered flip-flop clocked by core_clock)
Endpoint: _2666_ (rising edge-triggered flip-flop clocked by core_clock)
Path Group: core_clock
Path Type: min

Fanout     Cap    Slew   Delay    Time   Description
-----------------------------------------------------------------------------
                  0.00    0.00    0.00   clock core_clock (rise edge)
                          0.00    0.00   clock network delay (ideal)
                  0.00    0.00    0.00 ^ _2666_/CLK (sky130_fd_sc_hd__dfxtp_2)
     2    0.00    0.03    0.29    0.29 ^ _2666_/Q (sky130_fd_sc_hd__dfxtp_2)
                                         regfile.regfile[21][15] (net)
                  0.03    0.00    0.29 ^ _1792_/A (sky130_fd_sc_hd__and2_2)
     1    0.00    0.03    0.12    0.41 ^ _1792_/X (sky130_fd_sc_hd__and2_2)
                                         _0577_ (net)
                  0.03    0.00    0.41 ^ _1793_/A (sky130_fd_sc_hd__buf_1)
     1    0.00    0.03    0.07    0.47 ^ _1793_/X (sky130_fd_sc_hd__buf_1)
                                         _0020_ (net)
                  0.03    0.00    0.47 ^ _2666_/D (sky130_fd_sc_hd__dfxtp_2)
                                  0.47   data arrival time

                  0.00    0.00    0.00   clock core_clock (rise edge)
                          0.00    0.00   clock network delay (ideal)
                          0.00    0.00   clock reconvergence pessimism
                                  0.00 ^ _2666_/CLK (sky130_fd_sc_hd__dfxtp_2)
                         -0.03   -0.03   library hold time
                                 -0.03   data required time
-----------------------------------------------------------------------------
                                 -0.03   data required time
                                 -0.47   data arrival time
-----------------------------------------------------------------------------
                                  0.51   slack (MET)


Startpoint: _2667_ (rising edge-triggered flip-flop clocked by core_clock)
Endpoint: _2667_ (rising edge-triggered flip-flop clocked by core_clock)
Path Group: core_clock
Path Type: min

Fanout     Cap    Slew   Delay    Time   Description
-----------------------------------------------------------------------------
                  0.00    0.00    0.00   clock core_clock (rise edge)
                          0.00    0.00   clock network delay (ideal)
                  0.00    0.00    0.00 ^ _2667_/CLK (sky130_fd_sc_hd__dfxtp_2)
     2    0.00    0.03    0.29    0.29 ^ _2667_/Q (sky130_fd_sc_hd__dfxtp_2)
                                         regfile.regfile[21][16] (net)
                  0.03    0.00    0.29 ^ _1794_/A (sky130_fd_sc_hd__and2_2)
     1    0.00    0.03    0.12    0.41 ^ _1794_/X (sky130_fd_sc_hd__and2_2)
                                         _0578_ (net)
                  0.03    0.00    0.41 ^ _1795_/A (sky130_fd_sc_hd__buf_1)
     1    0.00    0.03    0.07    0.47 ^ _1795_/X (sky130_fd_sc_hd__buf_1)
                                         _0021_ (net)
                  0.03    0.00    0.47 ^ _2667_/D (sky130_fd_sc_hd__dfxtp_2)
                                  0.47   data arrival time

                  0.00    0.00    0.00   clock core_clock (rise edge)
                          0.00    0.00   clock network delay (ideal)
                          0.00    0.00   clock reconvergence pessimism
                                  0.00 ^ _2667_/CLK (sky130_fd_sc_hd__dfxtp_2)
                         -0.03   -0.03   library hold time
                                 -0.03   data required time
-----------------------------------------------------------------------------
                                 -0.03   data required time
                                 -0.47   data arrival time
-----------------------------------------------------------------------------
                                  0.51   slack (MET)


Startpoint: _2668_ (rising edge-triggered flip-flop clocked by core_clock)
Endpoint: _2668_ (rising edge-triggered flip-flop clocked by core_clock)
Path Group: core_clock
Path Type: min

Fanout     Cap    Slew   Delay    Time   Description
-----------------------------------------------------------------------------
                  0.00    0.00    0.00   clock core_clock (rise edge)
                          0.00    0.00   clock network delay (ideal)
                  0.00    0.00    0.00 ^ _2668_/CLK (sky130_fd_sc_hd__dfxtp_2)
     2    0.00    0.03    0.29    0.29 ^ _2668_/Q (sky130_fd_sc_hd__dfxtp_2)
                                         regfile.regfile[21][17] (net)
                  0.03    0.00    0.29 ^ _1796_/A (sky130_fd_sc_hd__and2_2)
     1    0.00    0.03    0.12    0.41 ^ _1796_/X (sky130_fd_sc_hd__and2_2)
                                         _0579_ (net)
                  0.03    0.00    0.41 ^ _1797_/A (sky130_fd_sc_hd__buf_1)
     1    0.00    0.03    0.07    0.47 ^ _1797_/X (sky130_fd_sc_hd__buf_1)
                                         _0022_ (net)
                  0.03    0.00    0.47 ^ _2668_/D (sky130_fd_sc_hd__dfxtp_2)
                                  0.47   data arrival time

                  0.00    0.00    0.00   clock core_clock (rise edge)
                          0.00    0.00   clock network delay (ideal)
                          0.00    0.00   clock reconvergence pessimism
                                  0.00 ^ _2668_/CLK (sky130_fd_sc_hd__dfxtp_2)
                         -0.03   -0.03   library hold time
                                 -0.03   data required time
-----------------------------------------------------------------------------
                                 -0.03   data required time
                                 -0.47   data arrival time
-----------------------------------------------------------------------------
                                  0.51   slack (MET)


Startpoint: _2669_ (rising edge-triggered flip-flop clocked by core_clock)
Endpoint: _2669_ (rising edge-triggered flip-flop clocked by core_clock)
Path Group: core_clock
Path Type: min

Fanout     Cap    Slew   Delay    Time   Description
-----------------------------------------------------------------------------
                  0.00    0.00    0.00   clock core_clock (rise edge)
                          0.00    0.00   clock network delay (ideal)
                  0.00    0.00    0.00 ^ _2669_/CLK (sky130_fd_sc_hd__dfxtp_2)
     2    0.00    0.03    0.29    0.29 ^ _2669_/Q (sky130_fd_sc_hd__dfxtp_2)
                                         regfile.regfile[21][18] (net)
                  0.03    0.00    0.29 ^ _1798_/A (sky130_fd_sc_hd__and2_2)
     1    0.00    0.03    0.12    0.41 ^ _1798_/X (sky130_fd_sc_hd__and2_2)
                                         _0580_ (net)
                  0.03    0.00    0.41 ^ _1799_/A (sky130_fd_sc_hd__buf_1)
     1    0.00    0.03    0.07    0.47 ^ _1799_/X (sky130_fd_sc_hd__buf_1)
                                         _0023_ (net)
                  0.03    0.00    0.47 ^ _2669_/D (sky130_fd_sc_hd__dfxtp_2)
                                  0.47   data arrival time

                  0.00    0.00    0.00   clock core_clock (rise edge)
                          0.00    0.00   clock network delay (ideal)
                          0.00    0.00   clock reconvergence pessimism
                                  0.00 ^ _2669_/CLK (sky130_fd_sc_hd__dfxtp_2)
                         -0.03   -0.03   library hold time
                                 -0.03   data required time
-----------------------------------------------------------------------------
                                 -0.03   data required time
                                 -0.47   data arrival time
-----------------------------------------------------------------------------
                                  0.51   slack (MET)


Startpoint: _2670_ (rising edge-triggered flip-flop clocked by core_clock)
Endpoint: _2670_ (rising edge-triggered flip-flop clocked by core_clock)
Path Group: core_clock
Path Type: min

Fanout     Cap    Slew   Delay    Time   Description
-----------------------------------------------------------------------------
                  0.00    0.00    0.00   clock core_clock (rise edge)
                          0.00    0.00   clock network delay (ideal)
                  0.00    0.00    0.00 ^ _2670_/CLK (sky130_fd_sc_hd__dfxtp_2)
     2    0.00    0.03    0.29    0.29 ^ _2670_/Q (sky130_fd_sc_hd__dfxtp_2)
                                         regfile.regfile[21][19] (net)
                  0.03    0.00    0.29 ^ _1800_/A (sky130_fd_sc_hd__and2_2)
     1    0.00    0.03    0.12    0.41 ^ _1800_/X (sky130_fd_sc_hd__and2_2)
                                         _0581_ (net)
                  0.03    0.00    0.41 ^ _1801_/A (sky130_fd_sc_hd__buf_1)
     1    0.00    0.03    0.07    0.47 ^ _1801_/X (sky130_fd_sc_hd__buf_1)
                                         _0024_ (net)
                  0.03    0.00    0.47 ^ _2670_/D (sky130_fd_sc_hd__dfxtp_2)
                                  0.47   data arrival time

                  0.00    0.00    0.00   clock core_clock (rise edge)
                          0.00    0.00   clock network delay (ideal)
                          0.00    0.00   clock reconvergence pessimism
                                  0.00 ^ _2670_/CLK (sky130_fd_sc_hd__dfxtp_2)
                         -0.03   -0.03   library hold time
                                 -0.03   data required time
-----------------------------------------------------------------------------
                                 -0.03   data required time
                                 -0.47   data arrival time
-----------------------------------------------------------------------------
                                  0.51   slack (MET)


Startpoint: _2671_ (rising edge-triggered flip-flop clocked by core_clock)
Endpoint: _2671_ (rising edge-triggered flip-flop clocked by core_clock)
Path Group: core_clock
Path Type: min

Fanout     Cap    Slew   Delay    Time   Description
-----------------------------------------------------------------------------
                  0.00    0.00    0.00   clock core_clock (rise edge)
                          0.00    0.00   clock network delay (ideal)
                  0.00    0.00    0.00 ^ _2671_/CLK (sky130_fd_sc_hd__dfxtp_2)
     2    0.00    0.03    0.29    0.29 ^ _2671_/Q (sky130_fd_sc_hd__dfxtp_2)
                                         regfile.regfile[21][20] (net)
                  0.03    0.00    0.29 ^ _1803_/A (sky130_fd_sc_hd__and2_2)
     1    0.00    0.03    0.12    0.41 ^ _1803_/X (sky130_fd_sc_hd__and2_2)
                                         _0583_ (net)
                  0.03    0.00    0.41 ^ _1804_/A (sky130_fd_sc_hd__buf_1)
     1    0.00    0.03    0.07    0.47 ^ _1804_/X (sky130_fd_sc_hd__buf_1)
                                         _0025_ (net)
                  0.03    0.00    0.47 ^ _2671_/D (sky130_fd_sc_hd__dfxtp_2)
                                  0.47   data arrival time

                  0.00    0.00    0.00   clock core_clock (rise edge)
                          0.00    0.00   clock network delay (ideal)
                          0.00    0.00   clock reconvergence pessimism
                                  0.00 ^ _2671_/CLK (sky130_fd_sc_hd__dfxtp_2)
                         -0.03   -0.03   library hold time
                                 -0.03   data required time
-----------------------------------------------------------------------------
                                 -0.03   data required time
                                 -0.47   data arrival time
-----------------------------------------------------------------------------
                                  0.51   slack (MET)


Startpoint: _2672_ (rising edge-triggered flip-flop clocked by core_clock)
Endpoint: _2672_ (rising edge-triggered flip-flop clocked by core_clock)
Path Group: core_clock
Path Type: min

Fanout     Cap    Slew   Delay    Time   Description
-----------------------------------------------------------------------------
                  0.00    0.00    0.00   clock core_clock (rise edge)
                          0.00    0.00   clock network delay (ideal)
                  0.00    0.00    0.00 ^ _2672_/CLK (sky130_fd_sc_hd__dfxtp_2)
     2    0.00    0.03    0.29    0.29 ^ _2672_/Q (sky130_fd_sc_hd__dfxtp_2)
                                         regfile.regfile[21][21] (net)
                  0.03    0.00    0.29 ^ _1805_/A (sky130_fd_sc_hd__and2_2)
     1    0.00    0.03    0.12    0.41 ^ _1805_/X (sky130_fd_sc_hd__and2_2)
                                         _0584_ (net)
                  0.03    0.00    0.41 ^ _1806_/A (sky130_fd_sc_hd__buf_1)
     1    0.00    0.03    0.07    0.47 ^ _1806_/X (sky130_fd_sc_hd__buf_1)
                                         _0026_ (net)
                  0.03    0.00    0.47 ^ _2672_/D (sky130_fd_sc_hd__dfxtp_2)
                                  0.47   data arrival time

                  0.00    0.00    0.00   clock core_clock (rise edge)
                          0.00    0.00   clock network delay (ideal)
                          0.00    0.00   clock reconvergence pessimism
                                  0.00 ^ _2672_/CLK (sky130_fd_sc_hd__dfxtp_2)
                         -0.03   -0.03   library hold time
                                 -0.03   data required time
-----------------------------------------------------------------------------
                                 -0.03   data required time
                                 -0.47   data arrival time
-----------------------------------------------------------------------------
                                  0.51   slack (MET)


Startpoint: _2673_ (rising edge-triggered flip-flop clocked by core_clock)
Endpoint: _2673_ (rising edge-triggered flip-flop clocked by core_clock)
Path Group: core_clock
Path Type: min

Fanout     Cap    Slew   Delay    Time   Description
-----------------------------------------------------------------------------
                  0.00    0.00    0.00   clock core_clock (rise edge)
                          0.00    0.00   clock network delay (ideal)
                  0.00    0.00    0.00 ^ _2673_/CLK (sky130_fd_sc_hd__dfxtp_2)
     2    0.00    0.03    0.29    0.29 ^ _2673_/Q (sky130_fd_sc_hd__dfxtp_2)
                                         regfile.regfile[21][22] (net)
                  0.03    0.00    0.29 ^ _1807_/A (sky130_fd_sc_hd__and2_2)
     1    0.00    0.03    0.12    0.41 ^ _1807_/X (sky130_fd_sc_hd__and2_2)
                                         _0585_ (net)
                  0.03    0.00    0.41 ^ _1808_/A (sky130_fd_sc_hd__buf_1)
     1    0.00    0.03    0.07    0.47 ^ _1808_/X (sky130_fd_sc_hd__buf_1)
                                         _0027_ (net)
                  0.03    0.00    0.47 ^ _2673_/D (sky130_fd_sc_hd__dfxtp_2)
                                  0.47   data arrival time

                  0.00    0.00    0.00   clock core_clock (rise edge)
                          0.00    0.00   clock network delay (ideal)
                          0.00    0.00   clock reconvergence pessimism
                                  0.00 ^ _2673_/CLK (sky130_fd_sc_hd__dfxtp_2)
                         -0.03   -0.03   library hold time
                                 -0.03   data required time
-----------------------------------------------------------------------------
                                 -0.03   data required time
                                 -0.47   data arrival time
-----------------------------------------------------------------------------
                                  0.51   slack (MET)


Startpoint: _2674_ (rising edge-triggered flip-flop clocked by core_clock)
Endpoint: _2674_ (rising edge-triggered flip-flop clocked by core_clock)
Path Group: core_clock
Path Type: min

Fanout     Cap    Slew   Delay    Time   Description
-----------------------------------------------------------------------------
                  0.00    0.00    0.00   clock core_clock (rise edge)
                          0.00    0.00   clock network delay (ideal)
                  0.00    0.00    0.00 ^ _2674_/CLK (sky130_fd_sc_hd__dfxtp_2)
     2    0.00    0.03    0.29    0.29 ^ _2674_/Q (sky130_fd_sc_hd__dfxtp_2)
                                         regfile.regfile[21][23] (net)
                  0.03    0.00    0.29 ^ _1809_/A (sky130_fd_sc_hd__and2_2)
     1    0.00    0.03    0.12    0.41 ^ _1809_/X (sky130_fd_sc_hd__and2_2)
                                         _0586_ (net)
                  0.03    0.00    0.41 ^ _1810_/A (sky130_fd_sc_hd__buf_1)
     1    0.00    0.03    0.07    0.47 ^ _1810_/X (sky130_fd_sc_hd__buf_1)
                                         _0028_ (net)
                  0.03    0.00    0.47 ^ _2674_/D (sky130_fd_sc_hd__dfxtp_2)
                                  0.47   data arrival time

                  0.00    0.00    0.00   clock core_clock (rise edge)
                          0.00    0.00   clock network delay (ideal)
                          0.00    0.00   clock reconvergence pessimism
                                  0.00 ^ _2674_/CLK (sky130_fd_sc_hd__dfxtp_2)
                         -0.03   -0.03   library hold time
                                 -0.03   data required time
-----------------------------------------------------------------------------
                                 -0.03   data required time
                                 -0.47   data arrival time
-----------------------------------------------------------------------------
                                  0.51   slack (MET)


Startpoint: _2675_ (rising edge-triggered flip-flop clocked by core_clock)
Endpoint: _2675_ (rising edge-triggered flip-flop clocked by core_clock)
Path Group: core_clock
Path Type: min

Fanout     Cap    Slew   Delay    Time   Description
-----------------------------------------------------------------------------
                  0.00    0.00    0.00   clock core_clock (rise edge)
                          0.00    0.00   clock network delay (ideal)
                  0.00    0.00    0.00 ^ _2675_/CLK (sky130_fd_sc_hd__dfxtp_2)
     2    0.00    0.03    0.29    0.29 ^ _2675_/Q (sky130_fd_sc_hd__dfxtp_2)
                                         regfile.regfile[21][24] (net)
                  0.03    0.00    0.29 ^ _1811_/A (sky130_fd_sc_hd__and2_2)
     1    0.00    0.03    0.12    0.41 ^ _1811_/X (sky130_fd_sc_hd__and2_2)
                                         _0587_ (net)
                  0.03    0.00    0.41 ^ _1812_/A (sky130_fd_sc_hd__buf_1)
     1    0.00    0.03    0.07    0.47 ^ _1812_/X (sky130_fd_sc_hd__buf_1)
                                         _0029_ (net)
                  0.03    0.00    0.47 ^ _2675_/D (sky130_fd_sc_hd__dfxtp_2)
                                  0.47   data arrival time

                  0.00    0.00    0.00   clock core_clock (rise edge)
                          0.00    0.00   clock network delay (ideal)
                          0.00    0.00   clock reconvergence pessimism
                                  0.00 ^ _2675_/CLK (sky130_fd_sc_hd__dfxtp_2)
                         -0.03   -0.03   library hold time
                                 -0.03   data required time
-----------------------------------------------------------------------------
                                 -0.03   data required time
                                 -0.47   data arrival time
-----------------------------------------------------------------------------
                                  0.51   slack (MET)


Startpoint: _2676_ (rising edge-triggered flip-flop clocked by core_clock)
Endpoint: _2676_ (rising edge-triggered flip-flop clocked by core_clock)
Path Group: core_clock
Path Type: min

Fanout     Cap    Slew   Delay    Time   Description
-----------------------------------------------------------------------------
                  0.00    0.00    0.00   clock core_clock (rise edge)
                          0.00    0.00   clock network delay (ideal)
                  0.00    0.00    0.00 ^ _2676_/CLK (sky130_fd_sc_hd__dfxtp_2)
     2    0.00    0.03    0.29    0.29 ^ _2676_/Q (sky130_fd_sc_hd__dfxtp_2)
                                         regfile.regfile[21][25] (net)
                  0.03    0.00    0.29 ^ _1813_/A (sky130_fd_sc_hd__and2_2)
     1    0.00    0.03    0.12    0.41 ^ _1813_/X (sky130_fd_sc_hd__and2_2)
                                         _0588_ (net)
                  0.03    0.00    0.41 ^ _1814_/A (sky130_fd_sc_hd__buf_1)
     1    0.00    0.03    0.07    0.47 ^ _1814_/X (sky130_fd_sc_hd__buf_1)
                                         _0030_ (net)
                  0.03    0.00    0.47 ^ _2676_/D (sky130_fd_sc_hd__dfxtp_2)
                                  0.47   data arrival time

                  0.00    0.00    0.00   clock core_clock (rise edge)
                          0.00    0.00   clock network delay (ideal)
                          0.00    0.00   clock reconvergence pessimism
                                  0.00 ^ _2676_/CLK (sky130_fd_sc_hd__dfxtp_2)
                         -0.03   -0.03   library hold time
                                 -0.03   data required time
-----------------------------------------------------------------------------
                                 -0.03   data required time
                                 -0.47   data arrival time
-----------------------------------------------------------------------------
                                  0.51   slack (MET)


Startpoint: _2677_ (rising edge-triggered flip-flop clocked by core_clock)
Endpoint: _2677_ (rising edge-triggered flip-flop clocked by core_clock)
Path Group: core_clock
Path Type: min

Fanout     Cap    Slew   Delay    Time   Description
-----------------------------------------------------------------------------
                  0.00    0.00    0.00   clock core_clock (rise edge)
                          0.00    0.00   clock network delay (ideal)
                  0.00    0.00    0.00 ^ _2677_/CLK (sky130_fd_sc_hd__dfxtp_2)
     2    0.00    0.03    0.29    0.29 ^ _2677_/Q (sky130_fd_sc_hd__dfxtp_2)
                                         regfile.regfile[21][26] (net)
                  0.03    0.00    0.29 ^ _1815_/A (sky130_fd_sc_hd__and2_2)
     1    0.00    0.03    0.12    0.41 ^ _1815_/X (sky130_fd_sc_hd__and2_2)
                                         _0589_ (net)
                  0.03    0.00    0.41 ^ _1816_/A (sky130_fd_sc_hd__buf_1)
     1    0.00    0.03    0.07    0.47 ^ _1816_/X (sky130_fd_sc_hd__buf_1)
                                         _0031_ (net)
                  0.03    0.00    0.47 ^ _2677_/D (sky130_fd_sc_hd__dfxtp_2)
                                  0.47   data arrival time

                  0.00    0.00    0.00   clock core_clock (rise edge)
                          0.00    0.00   clock network delay (ideal)
                          0.00    0.00   clock reconvergence pessimism
                                  0.00 ^ _2677_/CLK (sky130_fd_sc_hd__dfxtp_2)
                         -0.03   -0.03   library hold time
                                 -0.03   data required time
-----------------------------------------------------------------------------
                                 -0.03   data required time
                                 -0.47   data arrival time
-----------------------------------------------------------------------------
                                  0.51   slack (MET)


Startpoint: _2678_ (rising edge-triggered flip-flop clocked by core_clock)
Endpoint: _2678_ (rising edge-triggered flip-flop clocked by core_clock)
Path Group: core_clock
Path Type: min

Fanout     Cap    Slew   Delay    Time   Description
-----------------------------------------------------------------------------
                  0.00    0.00    0.00   clock core_clock (rise edge)
                          0.00    0.00   clock network delay (ideal)
                  0.00    0.00    0.00 ^ _2678_/CLK (sky130_fd_sc_hd__dfxtp_2)
     2    0.00    0.03    0.29    0.29 ^ _2678_/Q (sky130_fd_sc_hd__dfxtp_2)
                                         regfile.regfile[21][27] (net)
                  0.03    0.00    0.29 ^ _1817_/A (sky130_fd_sc_hd__and2_2)
     1    0.00    0.03    0.12    0.41 ^ _1817_/X (sky130_fd_sc_hd__and2_2)
                                         _0590_ (net)
                  0.03    0.00    0.41 ^ _1818_/A (sky130_fd_sc_hd__buf_1)
     1    0.00    0.03    0.07    0.47 ^ _1818_/X (sky130_fd_sc_hd__buf_1)
                                         _0032_ (net)
                  0.03    0.00    0.47 ^ _2678_/D (sky130_fd_sc_hd__dfxtp_2)
                                  0.47   data arrival time

                  0.00    0.00    0.00   clock core_clock (rise edge)
                          0.00    0.00   clock network delay (ideal)
                          0.00    0.00   clock reconvergence pessimism
                                  0.00 ^ _2678_/CLK (sky130_fd_sc_hd__dfxtp_2)
                         -0.03   -0.03   library hold time
                                 -0.03   data required time
-----------------------------------------------------------------------------
                                 -0.03   data required time
                                 -0.47   data arrival time
-----------------------------------------------------------------------------
                                  0.51   slack (MET)


Startpoint: _2679_ (rising edge-triggered flip-flop clocked by core_clock)
Endpoint: _2679_ (rising edge-triggered flip-flop clocked by core_clock)
Path Group: core_clock
Path Type: min

Fanout     Cap    Slew   Delay    Time   Description
-----------------------------------------------------------------------------
                  0.00    0.00    0.00   clock core_clock (rise edge)
                          0.00    0.00   clock network delay (ideal)
                  0.00    0.00    0.00 ^ _2679_/CLK (sky130_fd_sc_hd__dfxtp_2)
     2    0.00    0.03    0.29    0.29 ^ _2679_/Q (sky130_fd_sc_hd__dfxtp_2)
                                         regfile.regfile[21][28] (net)
                  0.03    0.00    0.29 ^ _1819_/A (sky130_fd_sc_hd__and2_2)
     1    0.00    0.03    0.12    0.41 ^ _1819_/X (sky130_fd_sc_hd__and2_2)
                                         _0591_ (net)
                  0.03    0.00    0.41 ^ _1820_/A (sky130_fd_sc_hd__buf_1)
     1    0.00    0.03    0.07    0.47 ^ _1820_/X (sky130_fd_sc_hd__buf_1)
                                         _0033_ (net)
                  0.03    0.00    0.47 ^ _2679_/D (sky130_fd_sc_hd__dfxtp_2)
                                  0.47   data arrival time

                  0.00    0.00    0.00   clock core_clock (rise edge)
                          0.00    0.00   clock network delay (ideal)
                          0.00    0.00   clock reconvergence pessimism
                                  0.00 ^ _2679_/CLK (sky130_fd_sc_hd__dfxtp_2)
                         -0.03   -0.03   library hold time
                                 -0.03   data required time
-----------------------------------------------------------------------------
                                 -0.03   data required time
                                 -0.47   data arrival time
-----------------------------------------------------------------------------
                                  0.51   slack (MET)


Startpoint: _2680_ (rising edge-triggered flip-flop clocked by core_clock)
Endpoint: _2680_ (rising edge-triggered flip-flop clocked by core_clock)
Path Group: core_clock
Path Type: min

Fanout     Cap    Slew   Delay    Time   Description
-----------------------------------------------------------------------------
                  0.00    0.00    0.00   clock core_clock (rise edge)
                          0.00    0.00   clock network delay (ideal)
                  0.00    0.00    0.00 ^ _2680_/CLK (sky130_fd_sc_hd__dfxtp_2)
     2    0.00    0.03    0.29    0.29 ^ _2680_/Q (sky130_fd_sc_hd__dfxtp_2)
                                         regfile.regfile[21][29] (net)
                  0.03    0.00    0.29 ^ _1821_/A (sky130_fd_sc_hd__and2_2)
     1    0.00    0.03    0.12    0.41 ^ _1821_/X (sky130_fd_sc_hd__and2_2)
                                         _0592_ (net)
                  0.03    0.00    0.41 ^ _1822_/A (sky130_fd_sc_hd__buf_1)
     1    0.00    0.03    0.07    0.47 ^ _1822_/X (sky130_fd_sc_hd__buf_1)
                                         _0034_ (net)
                  0.03    0.00    0.47 ^ _2680_/D (sky130_fd_sc_hd__dfxtp_2)
                                  0.47   data arrival time

                  0.00    0.00    0.00   clock core_clock (rise edge)
                          0.00    0.00   clock network delay (ideal)
                          0.00    0.00   clock reconvergence pessimism
                                  0.00 ^ _2680_/CLK (sky130_fd_sc_hd__dfxtp_2)
                         -0.03   -0.03   library hold time
                                 -0.03   data required time
-----------------------------------------------------------------------------
                                 -0.03   data required time
                                 -0.47   data arrival time
-----------------------------------------------------------------------------
                                  0.51   slack (MET)


Startpoint: _2656_ (rising edge-triggered flip-flop clocked by core_clock)
Endpoint: _2656_ (rising edge-triggered flip-flop clocked by core_clock)
Path Group: core_clock
Path Type: min

Fanout     Cap    Slew   Delay    Time   Description
-----------------------------------------------------------------------------
                  0.00    0.00    0.00   clock core_clock (rise edge)
                          0.00    0.00   clock network delay (ideal)
                  0.00    0.00    0.00 ^ _2656_/CLK (sky130_fd_sc_hd__dfxtp_2)
     2    0.00    0.04    0.29    0.29 ^ _2656_/Q (sky130_fd_sc_hd__dfxtp_2)
                                         regfile.regfile[21][5] (net)
                  0.04    0.00    0.29 ^ _1771_/A (sky130_fd_sc_hd__and2_2)
     1    0.00    0.03    0.12    0.41 ^ _1771_/X (sky130_fd_sc_hd__and2_2)
                                         _0566_ (net)
                  0.03    0.00    0.41 ^ _1772_/A (sky130_fd_sc_hd__buf_1)
     1    0.00    0.03    0.07    0.48 ^ _1772_/X (sky130_fd_sc_hd__buf_1)
                                         _0010_ (net)
                  0.03    0.00    0.48 ^ _2656_/D (sky130_fd_sc_hd__dfxtp_2)
                                  0.48   data arrival time

                  0.00    0.00    0.00   clock core_clock (rise edge)
                          0.00    0.00   clock network delay (ideal)
                          0.00    0.00   clock reconvergence pessimism
                                  0.00 ^ _2656_/CLK (sky130_fd_sc_hd__dfxtp_2)
                         -0.03   -0.03   library hold time
                                 -0.03   data required time
-----------------------------------------------------------------------------
                                 -0.03   data required time
                                 -0.48   data arrival time
-----------------------------------------------------------------------------
                                  0.51   slack (MET)


Startpoint: _2653_ (rising edge-triggered flip-flop clocked by core_clock)
Endpoint: _2653_ (rising edge-triggered flip-flop clocked by core_clock)
Path Group: core_clock
Path Type: min

Fanout     Cap    Slew   Delay    Time   Description
-----------------------------------------------------------------------------
                  0.00    0.00    0.00   clock core_clock (rise edge)
                          0.00    0.00   clock network delay (ideal)
                  0.00    0.00    0.00 ^ _2653_/CLK (sky130_fd_sc_hd__dfxtp_2)
     2    0.00    0.04    0.29    0.29 ^ _2653_/Q (sky130_fd_sc_hd__dfxtp_2)
                                         regfile.regfile[21][2] (net)
                  0.04    0.00    0.29 ^ _1765_/A (sky130_fd_sc_hd__and2_2)
     1    0.00    0.03    0.12    0.41 ^ _1765_/X (sky130_fd_sc_hd__and2_2)
                                         _0563_ (net)
                  0.03    0.00    0.41 ^ _1766_/A (sky130_fd_sc_hd__buf_1)
     1    0.00    0.03    0.07    0.48 ^ _1766_/X (sky130_fd_sc_hd__buf_1)
                                         _0007_ (net)
                  0.03    0.00    0.48 ^ _2653_/D (sky130_fd_sc_hd__dfxtp_2)
                                  0.48   data arrival time

                  0.00    0.00    0.00   clock core_clock (rise edge)
                          0.00    0.00   clock network delay (ideal)
                          0.00    0.00   clock reconvergence pessimism
                                  0.00 ^ _2653_/CLK (sky130_fd_sc_hd__dfxtp_2)
                         -0.03   -0.03   library hold time
                                 -0.03   data required time
-----------------------------------------------------------------------------
                                 -0.03   data required time
                                 -0.48   data arrival time
-----------------------------------------------------------------------------
                                  0.51   slack (MET)


Startpoint: _2654_ (rising edge-triggered flip-flop clocked by core_clock)
Endpoint: _2654_ (rising edge-triggered flip-flop clocked by core_clock)
Path Group: core_clock
Path Type: min

Fanout     Cap    Slew   Delay    Time   Description
-----------------------------------------------------------------------------
                  0.00    0.00    0.00   clock core_clock (rise edge)
                          0.00    0.00   clock network delay (ideal)
                  0.00    0.00    0.00 ^ _2654_/CLK (sky130_fd_sc_hd__dfxtp_2)
     2    0.00    0.04    0.29    0.29 ^ _2654_/Q (sky130_fd_sc_hd__dfxtp_2)
                                         regfile.regfile[21][3] (net)
                  0.04    0.00    0.29 ^ _1767_/A (sky130_fd_sc_hd__and2_2)
     1    0.00    0.03    0.12    0.41 ^ _1767_/X (sky130_fd_sc_hd__and2_2)
                                         _0564_ (net)
                  0.03    0.00    0.41 ^ _1768_/A (sky130_fd_sc_hd__buf_1)
     1    0.00    0.03    0.07    0.48 ^ _1768_/X (sky130_fd_sc_hd__buf_1)
                                         _0008_ (net)
                  0.03    0.00    0.48 ^ _2654_/D (sky130_fd_sc_hd__dfxtp_2)
                                  0.48   data arrival time

                  0.00    0.00    0.00   clock core_clock (rise edge)
                          0.00    0.00   clock network delay (ideal)
                          0.00    0.00   clock reconvergence pessimism
                                  0.00 ^ _2654_/CLK (sky130_fd_sc_hd__dfxtp_2)
                         -0.03   -0.03   library hold time
                                 -0.03   data required time
-----------------------------------------------------------------------------
                                 -0.03   data required time
                                 -0.48   data arrival time
-----------------------------------------------------------------------------
                                  0.51   slack (MET)


Startpoint: _2770_ (rising edge-triggered flip-flop clocked by core_clock)
Endpoint: _2770_ (rising edge-triggered flip-flop clocked by core_clock)
Path Group: core_clock
Path Type: min

Fanout     Cap    Slew   Delay    Time   Description
-----------------------------------------------------------------------------
                  0.00    0.00    0.00   clock core_clock (rise edge)
                          0.00    0.00   clock network delay (ideal)
                  0.00    0.00    0.00 ^ _2770_/CLK (sky130_fd_sc_hd__dfxtp_2)
     5    0.01    0.05    0.31    0.31 v _2770_/Q (sky130_fd_sc_hd__dfxtp_2)
                                         regfile.regfile[0][21] (net)
                  0.05    0.00    0.31 v _2562_/A (sky130_fd_sc_hd__buf_1)
     1    0.00    0.02    0.08    0.40 v _2562_/X (sky130_fd_sc_hd__buf_1)
                                         _1243_ (net)
                  0.02    0.00    0.40 v _2563_/A (sky130_fd_sc_hd__buf_1)
     1    0.00    0.02    0.07    0.47 v _2563_/X (sky130_fd_sc_hd__buf_1)
                                         _0124_ (net)
                  0.02    0.00    0.47 v _2770_/D (sky130_fd_sc_hd__dfxtp_2)
                                  0.47   data arrival time

                  0.00    0.00    0.00   clock core_clock (rise edge)
                          0.00    0.00   clock network delay (ideal)
                          0.00    0.00   clock reconvergence pessimism
                                  0.00 ^ _2770_/CLK (sky130_fd_sc_hd__dfxtp_2)
                         -0.05   -0.05   library hold time
                                 -0.05   data required time
-----------------------------------------------------------------------------
                                 -0.05   data required time
                                 -0.47   data arrival time
-----------------------------------------------------------------------------
                                  0.52   slack (MET)


Startpoint: _2811_ (rising edge-triggered flip-flop clocked by core_clock)
Endpoint: _2811_ (rising edge-triggered flip-flop clocked by core_clock)
Path Group: core_clock
Path Type: min

Fanout     Cap    Slew   Delay    Time   Description
-----------------------------------------------------------------------------
                  0.00    0.00    0.00   clock core_clock (rise edge)
                          0.00    0.00   clock network delay (ideal)
                  0.00    0.00    0.00 ^ _2811_/CLK (sky130_fd_sc_hd__dfxtp_2)
     2    0.00    0.04    0.29    0.29 ^ _2811_/Q (sky130_fd_sc_hd__dfxtp_2)
                                         regfile.regfile[18][30] (net)
                  0.04    0.00    0.29 ^ _2648_/A1 (sky130_fd_sc_hd__mux2_2)
     1    0.00    0.03    0.13    0.42 ^ _2648_/X (sky130_fd_sc_hd__mux2_2)
                                         _1288_ (net)
                  0.03    0.00    0.42 ^ _2649_/A (sky130_fd_sc_hd__buf_1)
     1    0.00    0.03    0.07    0.49 ^ _2649_/X (sky130_fd_sc_hd__buf_1)
                                         _0165_ (net)
                  0.03    0.00    0.49 ^ _2811_/D (sky130_fd_sc_hd__dfxtp_2)
                                  0.49   data arrival time

                  0.00    0.00    0.00   clock core_clock (rise edge)
                          0.00    0.00   clock network delay (ideal)
                          0.00    0.00   clock reconvergence pessimism
                                  0.00 ^ _2811_/CLK (sky130_fd_sc_hd__dfxtp_2)
                         -0.03   -0.03   library hold time
                                 -0.03   data required time
-----------------------------------------------------------------------------
                                 -0.03   data required time
                                 -0.49   data arrival time
-----------------------------------------------------------------------------
                                  0.52   slack (MET)


Startpoint: _2812_ (rising edge-triggered flip-flop clocked by core_clock)
Endpoint: _2812_ (rising edge-triggered flip-flop clocked by core_clock)
Path Group: core_clock
Path Type: min

Fanout     Cap    Slew   Delay    Time   Description
-----------------------------------------------------------------------------
                  0.00    0.00    0.00   clock core_clock (rise edge)
                          0.00    0.00   clock network delay (ideal)
                  0.00    0.00    0.00 ^ _2812_/CLK (sky130_fd_sc_hd__dfxtp_2)
     2    0.00    0.04    0.29    0.29 ^ _2812_/Q (sky130_fd_sc_hd__dfxtp_2)
                                         regfile.regfile[18][31] (net)
                  0.04    0.00    0.29 ^ _2650_/A1 (sky130_fd_sc_hd__mux2_2)
     1    0.00    0.03    0.13    0.42 ^ _2650_/X (sky130_fd_sc_hd__mux2_2)
                                         _1289_ (net)
                  0.03    0.00    0.42 ^ _1322_/A (sky130_fd_sc_hd__buf_1)
     1    0.00    0.03    0.07    0.49 ^ _1322_/X (sky130_fd_sc_hd__buf_1)
                                         _0166_ (net)
                  0.03    0.00    0.49 ^ _2812_/D (sky130_fd_sc_hd__dfxtp_2)
                                  0.49   data arrival time

                  0.00    0.00    0.00   clock core_clock (rise edge)
                          0.00    0.00   clock network delay (ideal)
                          0.00    0.00   clock reconvergence pessimism
                                  0.00 ^ _2812_/CLK (sky130_fd_sc_hd__dfxtp_2)
                         -0.03   -0.03   library hold time
                                 -0.03   data required time
-----------------------------------------------------------------------------
                                 -0.03   data required time
                                 -0.49   data arrival time
-----------------------------------------------------------------------------
                                  0.52   slack (MET)


Startpoint: _2799_ (rising edge-triggered flip-flop clocked by core_clock)
Endpoint: _2799_ (rising edge-triggered flip-flop clocked by core_clock)
Path Group: core_clock
Path Type: min

Fanout     Cap    Slew   Delay    Time   Description
-----------------------------------------------------------------------------
                  0.00    0.00    0.00   clock core_clock (rise edge)
                          0.00    0.00   clock network delay (ideal)
                  0.00    0.00    0.00 ^ _2799_/CLK (sky130_fd_sc_hd__dfxtp_2)
     2    0.00    0.04    0.29    0.29 ^ _2799_/Q (sky130_fd_sc_hd__dfxtp_2)
                                         regfile.regfile[18][18] (net)
                  0.04    0.00    0.29 ^ _2623_/A1 (sky130_fd_sc_hd__mux2_2)
     1    0.00    0.03    0.13    0.42 ^ _2623_/X (sky130_fd_sc_hd__mux2_2)
                                         _1275_ (net)
                  0.03    0.00    0.42 ^ _2624_/A (sky130_fd_sc_hd__buf_1)
     1    0.00    0.03    0.07    0.49 ^ _2624_/X (sky130_fd_sc_hd__buf_1)
                                         _0153_ (net)
                  0.03    0.00    0.49 ^ _2799_/D (sky130_fd_sc_hd__dfxtp_2)
                                  0.49   data arrival time

                  0.00    0.00    0.00   clock core_clock (rise edge)
                          0.00    0.00   clock network delay (ideal)
                          0.00    0.00   clock reconvergence pessimism
                                  0.00 ^ _2799_/CLK (sky130_fd_sc_hd__dfxtp_2)
                         -0.03   -0.03   library hold time
                                 -0.03   data required time
-----------------------------------------------------------------------------
                                 -0.03   data required time
                                 -0.49   data arrival time
-----------------------------------------------------------------------------
                                  0.52   slack (MET)


Startpoint: _2800_ (rising edge-triggered flip-flop clocked by core_clock)
Endpoint: _2800_ (rising edge-triggered flip-flop clocked by core_clock)
Path Group: core_clock
Path Type: min

Fanout     Cap    Slew   Delay    Time   Description
-----------------------------------------------------------------------------
                  0.00    0.00    0.00   clock core_clock (rise edge)
                          0.00    0.00   clock network delay (ideal)
                  0.00    0.00    0.00 ^ _2800_/CLK (sky130_fd_sc_hd__dfxtp_2)
     2    0.00    0.04    0.29    0.29 ^ _2800_/Q (sky130_fd_sc_hd__dfxtp_2)
                                         regfile.regfile[18][19] (net)
                  0.04    0.00    0.29 ^ _2625_/A1 (sky130_fd_sc_hd__mux2_2)
     1    0.00    0.03    0.13    0.42 ^ _2625_/X (sky130_fd_sc_hd__mux2_2)
                                         _1276_ (net)
                  0.03    0.00    0.42 ^ _2626_/A (sky130_fd_sc_hd__buf_1)
     1    0.00    0.03    0.07    0.49 ^ _2626_/X (sky130_fd_sc_hd__buf_1)
                                         _0154_ (net)
                  0.03    0.00    0.49 ^ _2800_/D (sky130_fd_sc_hd__dfxtp_2)
                                  0.49   data arrival time

                  0.00    0.00    0.00   clock core_clock (rise edge)
                          0.00    0.00   clock network delay (ideal)
                          0.00    0.00   clock reconvergence pessimism
                                  0.00 ^ _2800_/CLK (sky130_fd_sc_hd__dfxtp_2)
                         -0.03   -0.03   library hold time
                                 -0.03   data required time
-----------------------------------------------------------------------------
                                 -0.03   data required time
                                 -0.49   data arrival time
-----------------------------------------------------------------------------
                                  0.52   slack (MET)


Startpoint: _2801_ (rising edge-triggered flip-flop clocked by core_clock)
Endpoint: _2801_ (rising edge-triggered flip-flop clocked by core_clock)
Path Group: core_clock
Path Type: min

Fanout     Cap    Slew   Delay    Time   Description
-----------------------------------------------------------------------------
                  0.00    0.00    0.00   clock core_clock (rise edge)
                          0.00    0.00   clock network delay (ideal)
                  0.00    0.00    0.00 ^ _2801_/CLK (sky130_fd_sc_hd__dfxtp_2)
     2    0.00    0.04    0.29    0.29 ^ _2801_/Q (sky130_fd_sc_hd__dfxtp_2)
                                         regfile.regfile[18][20] (net)
                  0.04    0.00    0.29 ^ _2628_/A1 (sky130_fd_sc_hd__mux2_2)
     1    0.00    0.03    0.13    0.42 ^ _2628_/X (sky130_fd_sc_hd__mux2_2)
                                         _1278_ (net)
                  0.03    0.00    0.42 ^ _2629_/A (sky130_fd_sc_hd__buf_1)
     1    0.00    0.03    0.07    0.49 ^ _2629_/X (sky130_fd_sc_hd__buf_1)
                                         _0155_ (net)
                  0.03    0.00    0.49 ^ _2801_/D (sky130_fd_sc_hd__dfxtp_2)
                                  0.49   data arrival time

                  0.00    0.00    0.00   clock core_clock (rise edge)
                          0.00    0.00   clock network delay (ideal)
                          0.00    0.00   clock reconvergence pessimism
                                  0.00 ^ _2801_/CLK (sky130_fd_sc_hd__dfxtp_2)
                         -0.03   -0.03   library hold time
                                 -0.03   data required time
-----------------------------------------------------------------------------
                                 -0.03   data required time
                                 -0.49   data arrival time
-----------------------------------------------------------------------------
                                  0.52   slack (MET)


Startpoint: _2802_ (rising edge-triggered flip-flop clocked by core_clock)
Endpoint: _2802_ (rising edge-triggered flip-flop clocked by core_clock)
Path Group: core_clock
Path Type: min

Fanout     Cap    Slew   Delay    Time   Description
-----------------------------------------------------------------------------
                  0.00    0.00    0.00   clock core_clock (rise edge)
                          0.00    0.00   clock network delay (ideal)
                  0.00    0.00    0.00 ^ _2802_/CLK (sky130_fd_sc_hd__dfxtp_2)
     2    0.00    0.04    0.29    0.29 ^ _2802_/Q (sky130_fd_sc_hd__dfxtp_2)
                                         regfile.regfile[18][21] (net)
                  0.04    0.00    0.29 ^ _2630_/A1 (sky130_fd_sc_hd__mux2_2)
     1    0.00    0.03    0.13    0.42 ^ _2630_/X (sky130_fd_sc_hd__mux2_2)
                                         _1279_ (net)
                  0.03    0.00    0.42 ^ _2631_/A (sky130_fd_sc_hd__buf_1)
     1    0.00    0.03    0.07    0.49 ^ _2631_/X (sky130_fd_sc_hd__buf_1)
                                         _0156_ (net)
                  0.03    0.00    0.49 ^ _2802_/D (sky130_fd_sc_hd__dfxtp_2)
                                  0.49   data arrival time

                  0.00    0.00    0.00   clock core_clock (rise edge)
                          0.00    0.00   clock network delay (ideal)
                          0.00    0.00   clock reconvergence pessimism
                                  0.00 ^ _2802_/CLK (sky130_fd_sc_hd__dfxtp_2)
                         -0.03   -0.03   library hold time
                                 -0.03   data required time
-----------------------------------------------------------------------------
                                 -0.03   data required time
                                 -0.49   data arrival time
-----------------------------------------------------------------------------
                                  0.52   slack (MET)


Startpoint: _2803_ (rising edge-triggered flip-flop clocked by core_clock)
Endpoint: _2803_ (rising edge-triggered flip-flop clocked by core_clock)
Path Group: core_clock
Path Type: min

Fanout     Cap    Slew   Delay    Time   Description
-----------------------------------------------------------------------------
                  0.00    0.00    0.00   clock core_clock (rise edge)
                          0.00    0.00   clock network delay (ideal)
                  0.00    0.00    0.00 ^ _2803_/CLK (sky130_fd_sc_hd__dfxtp_2)
     2    0.00    0.04    0.29    0.29 ^ _2803_/Q (sky130_fd_sc_hd__dfxtp_2)
                                         regfile.regfile[18][22] (net)
                  0.04    0.00    0.29 ^ _2632_/A1 (sky130_fd_sc_hd__mux2_2)
     1    0.00    0.03    0.13    0.42 ^ _2632_/X (sky130_fd_sc_hd__mux2_2)
                                         _1280_ (net)
                  0.03    0.00    0.42 ^ _2633_/A (sky130_fd_sc_hd__buf_1)
     1    0.00    0.03    0.07    0.49 ^ _2633_/X (sky130_fd_sc_hd__buf_1)
                                         _0157_ (net)
                  0.03    0.00    0.49 ^ _2803_/D (sky130_fd_sc_hd__dfxtp_2)
                                  0.49   data arrival time

                  0.00    0.00    0.00   clock core_clock (rise edge)
                          0.00    0.00   clock network delay (ideal)
                          0.00    0.00   clock reconvergence pessimism
                                  0.00 ^ _2803_/CLK (sky130_fd_sc_hd__dfxtp_2)
                         -0.03   -0.03   library hold time
                                 -0.03   data required time
-----------------------------------------------------------------------------
                                 -0.03   data required time
                                 -0.49   data arrival time
-----------------------------------------------------------------------------
                                  0.52   slack (MET)


Startpoint: _2804_ (rising edge-triggered flip-flop clocked by core_clock)
Endpoint: _2804_ (rising edge-triggered flip-flop clocked by core_clock)
Path Group: core_clock
Path Type: min

Fanout     Cap    Slew   Delay    Time   Description
-----------------------------------------------------------------------------
                  0.00    0.00    0.00   clock core_clock (rise edge)
                          0.00    0.00   clock network delay (ideal)
                  0.00    0.00    0.00 ^ _2804_/CLK (sky130_fd_sc_hd__dfxtp_2)
     2    0.00    0.04    0.29    0.29 ^ _2804_/Q (sky130_fd_sc_hd__dfxtp_2)
                                         regfile.regfile[18][23] (net)
                  0.04    0.00    0.29 ^ _2634_/A1 (sky130_fd_sc_hd__mux2_2)
     1    0.00    0.03    0.13    0.42 ^ _2634_/X (sky130_fd_sc_hd__mux2_2)
                                         _1281_ (net)
                  0.03    0.00    0.42 ^ _2635_/A (sky130_fd_sc_hd__buf_1)
     1    0.00    0.03    0.07    0.49 ^ _2635_/X (sky130_fd_sc_hd__buf_1)
                                         _0158_ (net)
                  0.03    0.00    0.49 ^ _2804_/D (sky130_fd_sc_hd__dfxtp_2)
                                  0.49   data arrival time

                  0.00    0.00    0.00   clock core_clock (rise edge)
                          0.00    0.00   clock network delay (ideal)
                          0.00    0.00   clock reconvergence pessimism
                                  0.00 ^ _2804_/CLK (sky130_fd_sc_hd__dfxtp_2)
                         -0.03   -0.03   library hold time
                                 -0.03   data required time
-----------------------------------------------------------------------------
                                 -0.03   data required time
                                 -0.49   data arrival time
-----------------------------------------------------------------------------
                                  0.52   slack (MET)


Startpoint: _2805_ (rising edge-triggered flip-flop clocked by core_clock)
Endpoint: _2805_ (rising edge-triggered flip-flop clocked by core_clock)
Path Group: core_clock
Path Type: min

Fanout     Cap    Slew   Delay    Time   Description
-----------------------------------------------------------------------------
                  0.00    0.00    0.00   clock core_clock (rise edge)
                          0.00    0.00   clock network delay (ideal)
                  0.00    0.00    0.00 ^ _2805_/CLK (sky130_fd_sc_hd__dfxtp_2)
     2    0.00    0.04    0.29    0.29 ^ _2805_/Q (sky130_fd_sc_hd__dfxtp_2)
                                         regfile.regfile[18][24] (net)
                  0.04    0.00    0.29 ^ _2636_/A1 (sky130_fd_sc_hd__mux2_2)
     1    0.00    0.03    0.13    0.42 ^ _2636_/X (sky130_fd_sc_hd__mux2_2)
                                         _1282_ (net)
                  0.03    0.00    0.42 ^ _2637_/A (sky130_fd_sc_hd__buf_1)
     1    0.00    0.03    0.07    0.49 ^ _2637_/X (sky130_fd_sc_hd__buf_1)
                                         _0159_ (net)
                  0.03    0.00    0.49 ^ _2805_/D (sky130_fd_sc_hd__dfxtp_2)
                                  0.49   data arrival time

                  0.00    0.00    0.00   clock core_clock (rise edge)
                          0.00    0.00   clock network delay (ideal)
                          0.00    0.00   clock reconvergence pessimism
                                  0.00 ^ _2805_/CLK (sky130_fd_sc_hd__dfxtp_2)
                         -0.03   -0.03   library hold time
                                 -0.03   data required time
-----------------------------------------------------------------------------
                                 -0.03   data required time
                                 -0.49   data arrival time
-----------------------------------------------------------------------------
                                  0.52   slack (MET)


Startpoint: _2806_ (rising edge-triggered flip-flop clocked by core_clock)
Endpoint: _2806_ (rising edge-triggered flip-flop clocked by core_clock)
Path Group: core_clock
Path Type: min

Fanout     Cap    Slew   Delay    Time   Description
-----------------------------------------------------------------------------
                  0.00    0.00    0.00   clock core_clock (rise edge)
                          0.00    0.00   clock network delay (ideal)
                  0.00    0.00    0.00 ^ _2806_/CLK (sky130_fd_sc_hd__dfxtp_2)
     2    0.00    0.04    0.29    0.29 ^ _2806_/Q (sky130_fd_sc_hd__dfxtp_2)
                                         regfile.regfile[18][25] (net)
                  0.04    0.00    0.29 ^ _2638_/A1 (sky130_fd_sc_hd__mux2_2)
     1    0.00    0.03    0.13    0.42 ^ _2638_/X (sky130_fd_sc_hd__mux2_2)
                                         _1283_ (net)
                  0.03    0.00    0.42 ^ _2639_/A (sky130_fd_sc_hd__buf_1)
     1    0.00    0.03    0.07    0.49 ^ _2639_/X (sky130_fd_sc_hd__buf_1)
                                         _0160_ (net)
                  0.03    0.00    0.49 ^ _2806_/D (sky130_fd_sc_hd__dfxtp_2)
                                  0.49   data arrival time

                  0.00    0.00    0.00   clock core_clock (rise edge)
                          0.00    0.00   clock network delay (ideal)
                          0.00    0.00   clock reconvergence pessimism
                                  0.00 ^ _2806_/CLK (sky130_fd_sc_hd__dfxtp_2)
                         -0.03   -0.03   library hold time
                                 -0.03   data required time
-----------------------------------------------------------------------------
                                 -0.03   data required time
                                 -0.49   data arrival time
-----------------------------------------------------------------------------
                                  0.52   slack (MET)


Startpoint: _2807_ (rising edge-triggered flip-flop clocked by core_clock)
Endpoint: _2807_ (rising edge-triggered flip-flop clocked by core_clock)
Path Group: core_clock
Path Type: min

Fanout     Cap    Slew   Delay    Time   Description
-----------------------------------------------------------------------------
                  0.00    0.00    0.00   clock core_clock (rise edge)
                          0.00    0.00   clock network delay (ideal)
                  0.00    0.00    0.00 ^ _2807_/CLK (sky130_fd_sc_hd__dfxtp_2)
     2    0.00    0.04    0.29    0.29 ^ _2807_/Q (sky130_fd_sc_hd__dfxtp_2)
                                         regfile.regfile[18][26] (net)
                  0.04    0.00    0.29 ^ _2640_/A1 (sky130_fd_sc_hd__mux2_2)
     1    0.00    0.03    0.13    0.42 ^ _2640_/X (sky130_fd_sc_hd__mux2_2)
                                         _1284_ (net)
                  0.03    0.00    0.42 ^ _2641_/A (sky130_fd_sc_hd__buf_1)
     1    0.00    0.03    0.07    0.49 ^ _2641_/X (sky130_fd_sc_hd__buf_1)
                                         _0161_ (net)
                  0.03    0.00    0.49 ^ _2807_/D (sky130_fd_sc_hd__dfxtp_2)
                                  0.49   data arrival time

                  0.00    0.00    0.00   clock core_clock (rise edge)
                          0.00    0.00   clock network delay (ideal)
                          0.00    0.00   clock reconvergence pessimism
                                  0.00 ^ _2807_/CLK (sky130_fd_sc_hd__dfxtp_2)
                         -0.03   -0.03   library hold time
                                 -0.03   data required time
-----------------------------------------------------------------------------
                                 -0.03   data required time
                                 -0.49   data arrival time
-----------------------------------------------------------------------------
                                  0.52   slack (MET)


Startpoint: _2808_ (rising edge-triggered flip-flop clocked by core_clock)
Endpoint: _2808_ (rising edge-triggered flip-flop clocked by core_clock)
Path Group: core_clock
Path Type: min

Fanout     Cap    Slew   Delay    Time   Description
-----------------------------------------------------------------------------
                  0.00    0.00    0.00   clock core_clock (rise edge)
                          0.00    0.00   clock network delay (ideal)
                  0.00    0.00    0.00 ^ _2808_/CLK (sky130_fd_sc_hd__dfxtp_2)
     2    0.00    0.04    0.29    0.29 ^ _2808_/Q (sky130_fd_sc_hd__dfxtp_2)
                                         regfile.regfile[18][27] (net)
                  0.04    0.00    0.29 ^ _2642_/A1 (sky130_fd_sc_hd__mux2_2)
     1    0.00    0.03    0.13    0.42 ^ _2642_/X (sky130_fd_sc_hd__mux2_2)
                                         _1285_ (net)
                  0.03    0.00    0.42 ^ _2643_/A (sky130_fd_sc_hd__buf_1)
     1    0.00    0.03    0.07    0.49 ^ _2643_/X (sky130_fd_sc_hd__buf_1)
                                         _0162_ (net)
                  0.03    0.00    0.49 ^ _2808_/D (sky130_fd_sc_hd__dfxtp_2)
                                  0.49   data arrival time

                  0.00    0.00    0.00   clock core_clock (rise edge)
                          0.00    0.00   clock network delay (ideal)
                          0.00    0.00   clock reconvergence pessimism
                                  0.00 ^ _2808_/CLK (sky130_fd_sc_hd__dfxtp_2)
                         -0.03   -0.03   library hold time
                                 -0.03   data required time
-----------------------------------------------------------------------------
                                 -0.03   data required time
                                 -0.49   data arrival time
-----------------------------------------------------------------------------
                                  0.52   slack (MET)


Startpoint: _2809_ (rising edge-triggered flip-flop clocked by core_clock)
Endpoint: _2809_ (rising edge-triggered flip-flop clocked by core_clock)
Path Group: core_clock
Path Type: min

Fanout     Cap    Slew   Delay    Time   Description
-----------------------------------------------------------------------------
                  0.00    0.00    0.00   clock core_clock (rise edge)
                          0.00    0.00   clock network delay (ideal)
                  0.00    0.00    0.00 ^ _2809_/CLK (sky130_fd_sc_hd__dfxtp_2)
     2    0.00    0.04    0.29    0.29 ^ _2809_/Q (sky130_fd_sc_hd__dfxtp_2)
                                         regfile.regfile[18][28] (net)
                  0.04    0.00    0.29 ^ _2644_/A1 (sky130_fd_sc_hd__mux2_2)
     1    0.00    0.03    0.13    0.42 ^ _2644_/X (sky130_fd_sc_hd__mux2_2)
                                         _1286_ (net)
                  0.03    0.00    0.42 ^ _2645_/A (sky130_fd_sc_hd__buf_1)
     1    0.00    0.03    0.07    0.49 ^ _2645_/X (sky130_fd_sc_hd__buf_1)
                                         _0163_ (net)
                  0.03    0.00    0.49 ^ _2809_/D (sky130_fd_sc_hd__dfxtp_2)
                                  0.49   data arrival time

                  0.00    0.00    0.00   clock core_clock (rise edge)
                          0.00    0.00   clock network delay (ideal)
                          0.00    0.00   clock reconvergence pessimism
                                  0.00 ^ _2809_/CLK (sky130_fd_sc_hd__dfxtp_2)
                         -0.03   -0.03   library hold time
                                 -0.03   data required time
-----------------------------------------------------------------------------
                                 -0.03   data required time
                                 -0.49   data arrival time
-----------------------------------------------------------------------------
                                  0.52   slack (MET)


Startpoint: _2810_ (rising edge-triggered flip-flop clocked by core_clock)
Endpoint: _2810_ (rising edge-triggered flip-flop clocked by core_clock)
Path Group: core_clock
Path Type: min

Fanout     Cap    Slew   Delay    Time   Description
-----------------------------------------------------------------------------
                  0.00    0.00    0.00   clock core_clock (rise edge)
                          0.00    0.00   clock network delay (ideal)
                  0.00    0.00    0.00 ^ _2810_/CLK (sky130_fd_sc_hd__dfxtp_2)
     2    0.00    0.04    0.29    0.29 ^ _2810_/Q (sky130_fd_sc_hd__dfxtp_2)
                                         regfile.regfile[18][29] (net)
                  0.04    0.00    0.29 ^ _2646_/A1 (sky130_fd_sc_hd__mux2_2)
     1    0.00    0.03    0.13    0.42 ^ _2646_/X (sky130_fd_sc_hd__mux2_2)
                                         _1287_ (net)
                  0.03    0.00    0.42 ^ _2647_/A (sky130_fd_sc_hd__buf_1)
     1    0.00    0.03    0.07    0.49 ^ _2647_/X (sky130_fd_sc_hd__buf_1)
                                         _0164_ (net)
                  0.03    0.00    0.49 ^ _2810_/D (sky130_fd_sc_hd__dfxtp_2)
                                  0.49   data arrival time

                  0.00    0.00    0.00   clock core_clock (rise edge)
                          0.00    0.00   clock network delay (ideal)
                          0.00    0.00   clock reconvergence pessimism
                                  0.00 ^ _2810_/CLK (sky130_fd_sc_hd__dfxtp_2)
                         -0.03   -0.03   library hold time
                                 -0.03   data required time
-----------------------------------------------------------------------------
                                 -0.03   data required time
                                 -0.49   data arrival time
-----------------------------------------------------------------------------
                                  0.52   slack (MET)


Startpoint: _2781_ (rising edge-triggered flip-flop clocked by core_clock)
Endpoint: _2781_ (rising edge-triggered flip-flop clocked by core_clock)
Path Group: core_clock
Path Type: min

Fanout     Cap    Slew   Delay    Time   Description
-----------------------------------------------------------------------------
                  0.00    0.00    0.00   clock core_clock (rise edge)
                          0.00    0.00   clock network delay (ideal)
                  0.00    0.00    0.00 ^ _2781_/CLK (sky130_fd_sc_hd__dfxtp_2)
     2    0.00    0.04    0.29    0.29 ^ _2781_/Q (sky130_fd_sc_hd__dfxtp_2)
                                         regfile.regfile[18][0] (net)
                  0.04    0.00    0.29 ^ _2586_/A1 (sky130_fd_sc_hd__mux2_2)
     1    0.00    0.03    0.13    0.42 ^ _2586_/X (sky130_fd_sc_hd__mux2_2)
                                         _1256_ (net)
                  0.03    0.00    0.42 ^ _2587_/A (sky130_fd_sc_hd__buf_1)
     1    0.00    0.03    0.07    0.49 ^ _2587_/X (sky130_fd_sc_hd__buf_1)
                                         _0135_ (net)
                  0.03    0.00    0.49 ^ _2781_/D (sky130_fd_sc_hd__dfxtp_2)
                                  0.49   data arrival time

                  0.00    0.00    0.00   clock core_clock (rise edge)
                          0.00    0.00   clock network delay (ideal)
                          0.00    0.00   clock reconvergence pessimism
                                  0.00 ^ _2781_/CLK (sky130_fd_sc_hd__dfxtp_2)
                         -0.03   -0.03   library hold time
                                 -0.03   data required time
-----------------------------------------------------------------------------
                                 -0.03   data required time
                                 -0.49   data arrival time
-----------------------------------------------------------------------------
                                  0.52   slack (MET)


Startpoint: _2783_ (rising edge-triggered flip-flop clocked by core_clock)
Endpoint: _2783_ (rising edge-triggered flip-flop clocked by core_clock)
Path Group: core_clock
Path Type: min

Fanout     Cap    Slew   Delay    Time   Description
-----------------------------------------------------------------------------
                  0.00    0.00    0.00   clock core_clock (rise edge)
                          0.00    0.00   clock network delay (ideal)
                  0.00    0.00    0.00 ^ _2783_/CLK (sky130_fd_sc_hd__dfxtp_2)
     2    0.00    0.04    0.29    0.29 ^ _2783_/Q (sky130_fd_sc_hd__dfxtp_2)
                                         regfile.regfile[18][2] (net)
                  0.04    0.00    0.29 ^ _2590_/A1 (sky130_fd_sc_hd__mux2_2)
     1    0.00    0.03    0.13    0.42 ^ _2590_/X (sky130_fd_sc_hd__mux2_2)
                                         _1258_ (net)
                  0.03    0.00    0.42 ^ _2591_/A (sky130_fd_sc_hd__buf_1)
     1    0.00    0.03    0.07    0.49 ^ _2591_/X (sky130_fd_sc_hd__buf_1)
                                         _0137_ (net)
                  0.03    0.00    0.49 ^ _2783_/D (sky130_fd_sc_hd__dfxtp_2)
                                  0.49   data arrival time

                  0.00    0.00    0.00   clock core_clock (rise edge)
                          0.00    0.00   clock network delay (ideal)
                          0.00    0.00   clock reconvergence pessimism
                                  0.00 ^ _2783_/CLK (sky130_fd_sc_hd__dfxtp_2)
                         -0.03   -0.03   library hold time
                                 -0.03   data required time
-----------------------------------------------------------------------------
                                 -0.03   data required time
                                 -0.49   data arrival time
-----------------------------------------------------------------------------
                                  0.52   slack (MET)


Startpoint: _2784_ (rising edge-triggered flip-flop clocked by core_clock)
Endpoint: _2784_ (rising edge-triggered flip-flop clocked by core_clock)
Path Group: core_clock
Path Type: min

Fanout     Cap    Slew   Delay    Time   Description
-----------------------------------------------------------------------------
                  0.00    0.00    0.00   clock core_clock (rise edge)
                          0.00    0.00   clock network delay (ideal)
                  0.00    0.00    0.00 ^ _2784_/CLK (sky130_fd_sc_hd__dfxtp_2)
     2    0.00    0.04    0.29    0.29 ^ _2784_/Q (sky130_fd_sc_hd__dfxtp_2)
                                         regfile.regfile[18][3] (net)
                  0.04    0.00    0.29 ^ _2592_/A1 (sky130_fd_sc_hd__mux2_2)
     1    0.00    0.03    0.13    0.42 ^ _2592_/X (sky130_fd_sc_hd__mux2_2)
                                         _1259_ (net)
                  0.03    0.00    0.42 ^ _2593_/A (sky130_fd_sc_hd__buf_1)
     1    0.00    0.03    0.07    0.49 ^ _2593_/X (sky130_fd_sc_hd__buf_1)
                                         _0138_ (net)
                  0.03    0.00    0.49 ^ _2784_/D (sky130_fd_sc_hd__dfxtp_2)
                                  0.49   data arrival time

                  0.00    0.00    0.00   clock core_clock (rise edge)
                          0.00    0.00   clock network delay (ideal)
                          0.00    0.00   clock reconvergence pessimism
                                  0.00 ^ _2784_/CLK (sky130_fd_sc_hd__dfxtp_2)
                         -0.03   -0.03   library hold time
                                 -0.03   data required time
-----------------------------------------------------------------------------
                                 -0.03   data required time
                                 -0.49   data arrival time
-----------------------------------------------------------------------------
                                  0.52   slack (MET)


Startpoint: _2785_ (rising edge-triggered flip-flop clocked by core_clock)
Endpoint: _2785_ (rising edge-triggered flip-flop clocked by core_clock)
Path Group: core_clock
Path Type: min

Fanout     Cap    Slew   Delay    Time   Description
-----------------------------------------------------------------------------
                  0.00    0.00    0.00   clock core_clock (rise edge)
                          0.00    0.00   clock network delay (ideal)
                  0.00    0.00    0.00 ^ _2785_/CLK (sky130_fd_sc_hd__dfxtp_2)
     2    0.00    0.04    0.29    0.29 ^ _2785_/Q (sky130_fd_sc_hd__dfxtp_2)
                                         regfile.regfile[18][4] (net)
                  0.04    0.00    0.29 ^ _2594_/A1 (sky130_fd_sc_hd__mux2_2)
     1    0.00    0.03    0.13    0.42 ^ _2594_/X (sky130_fd_sc_hd__mux2_2)
                                         _1260_ (net)
                  0.03    0.00    0.42 ^ _2595_/A (sky130_fd_sc_hd__buf_1)
     1    0.00    0.03    0.07    0.49 ^ _2595_/X (sky130_fd_sc_hd__buf_1)
                                         _0139_ (net)
                  0.03    0.00    0.49 ^ _2785_/D (sky130_fd_sc_hd__dfxtp_2)
                                  0.49   data arrival time

                  0.00    0.00    0.00   clock core_clock (rise edge)
                          0.00    0.00   clock network delay (ideal)
                          0.00    0.00   clock reconvergence pessimism
                                  0.00 ^ _2785_/CLK (sky130_fd_sc_hd__dfxtp_2)
                         -0.03   -0.03   library hold time
                                 -0.03   data required time
-----------------------------------------------------------------------------
                                 -0.03   data required time
                                 -0.49   data arrival time
-----------------------------------------------------------------------------
                                  0.52   slack (MET)


Startpoint: _2787_ (rising edge-triggered flip-flop clocked by core_clock)
Endpoint: _2787_ (rising edge-triggered flip-flop clocked by core_clock)
Path Group: core_clock
Path Type: min

Fanout     Cap    Slew   Delay    Time   Description
-----------------------------------------------------------------------------
                  0.00    0.00    0.00   clock core_clock (rise edge)
                          0.00    0.00   clock network delay (ideal)
                  0.00    0.00    0.00 ^ _2787_/CLK (sky130_fd_sc_hd__dfxtp_2)
     2    0.00    0.04    0.29    0.29 ^ _2787_/Q (sky130_fd_sc_hd__dfxtp_2)
                                         regfile.regfile[18][6] (net)
                  0.04    0.00    0.29 ^ _2598_/A1 (sky130_fd_sc_hd__mux2_2)
     1    0.00    0.03    0.13    0.42 ^ _2598_/X (sky130_fd_sc_hd__mux2_2)
                                         _1262_ (net)
                  0.03    0.00    0.42 ^ _2599_/A (sky130_fd_sc_hd__buf_1)
     1    0.00    0.03    0.07    0.49 ^ _2599_/X (sky130_fd_sc_hd__buf_1)
                                         _0141_ (net)
                  0.03    0.00    0.49 ^ _2787_/D (sky130_fd_sc_hd__dfxtp_2)
                                  0.49   data arrival time

                  0.00    0.00    0.00   clock core_clock (rise edge)
                          0.00    0.00   clock network delay (ideal)
                          0.00    0.00   clock reconvergence pessimism
                                  0.00 ^ _2787_/CLK (sky130_fd_sc_hd__dfxtp_2)
                         -0.03   -0.03   library hold time
                                 -0.03   data required time
-----------------------------------------------------------------------------
                                 -0.03   data required time
                                 -0.49   data arrival time
-----------------------------------------------------------------------------
                                  0.52   slack (MET)


Startpoint: _2795_ (rising edge-triggered flip-flop clocked by core_clock)
Endpoint: _2795_ (rising edge-triggered flip-flop clocked by core_clock)
Path Group: core_clock
Path Type: min

Fanout     Cap    Slew   Delay    Time   Description
-----------------------------------------------------------------------------
                  0.00    0.00    0.00   clock core_clock (rise edge)
                          0.00    0.00   clock network delay (ideal)
                  0.00    0.00    0.00 ^ _2795_/CLK (sky130_fd_sc_hd__dfxtp_2)
     2    0.00    0.04    0.29    0.29 ^ _2795_/Q (sky130_fd_sc_hd__dfxtp_2)
                                         regfile.regfile[18][14] (net)
                  0.04    0.00    0.29 ^ _2615_/A1 (sky130_fd_sc_hd__mux2_2)
     1    0.00    0.03    0.13    0.42 ^ _2615_/X (sky130_fd_sc_hd__mux2_2)
                                         _1271_ (net)
                  0.03    0.00    0.42 ^ _2616_/A (sky130_fd_sc_hd__buf_1)
     1    0.00    0.03    0.07    0.49 ^ _2616_/X (sky130_fd_sc_hd__buf_1)
                                         _0149_ (net)
                  0.03    0.00    0.49 ^ _2795_/D (sky130_fd_sc_hd__dfxtp_2)
                                  0.49   data arrival time

                  0.00    0.00    0.00   clock core_clock (rise edge)
                          0.00    0.00   clock network delay (ideal)
                          0.00    0.00   clock reconvergence pessimism
                                  0.00 ^ _2795_/CLK (sky130_fd_sc_hd__dfxtp_2)
                         -0.03   -0.03   library hold time
                                 -0.03   data required time
-----------------------------------------------------------------------------
                                 -0.03   data required time
                                 -0.49   data arrival time
-----------------------------------------------------------------------------
                                  0.52   slack (MET)


Startpoint: _2796_ (rising edge-triggered flip-flop clocked by core_clock)
Endpoint: _2796_ (rising edge-triggered flip-flop clocked by core_clock)
Path Group: core_clock
Path Type: min

Fanout     Cap    Slew   Delay    Time   Description
-----------------------------------------------------------------------------
                  0.00    0.00    0.00   clock core_clock (rise edge)
                          0.00    0.00   clock network delay (ideal)
                  0.00    0.00    0.00 ^ _2796_/CLK (sky130_fd_sc_hd__dfxtp_2)
     2    0.00    0.04    0.29    0.29 ^ _2796_/Q (sky130_fd_sc_hd__dfxtp_2)
                                         regfile.regfile[18][15] (net)
                  0.04    0.00    0.29 ^ _2617_/A1 (sky130_fd_sc_hd__mux2_2)
     1    0.00    0.03    0.13    0.42 ^ _2617_/X (sky130_fd_sc_hd__mux2_2)
                                         _1272_ (net)
                  0.03    0.00    0.42 ^ _2618_/A (sky130_fd_sc_hd__buf_1)
     1    0.00    0.03    0.07    0.49 ^ _2618_/X (sky130_fd_sc_hd__buf_1)
                                         _0150_ (net)
                  0.03    0.00    0.49 ^ _2796_/D (sky130_fd_sc_hd__dfxtp_2)
                                  0.49   data arrival time

                  0.00    0.00    0.00   clock core_clock (rise edge)
                          0.00    0.00   clock network delay (ideal)
                          0.00    0.00   clock reconvergence pessimism
                                  0.00 ^ _2796_/CLK (sky130_fd_sc_hd__dfxtp_2)
                         -0.03   -0.03   library hold time
                                 -0.03   data required time
-----------------------------------------------------------------------------
                                 -0.03   data required time
                                 -0.49   data arrival time
-----------------------------------------------------------------------------
                                  0.52   slack (MET)


Startpoint: _2782_ (rising edge-triggered flip-flop clocked by core_clock)
Endpoint: _2782_ (rising edge-triggered flip-flop clocked by core_clock)
Path Group: core_clock
Path Type: min

Fanout     Cap    Slew   Delay    Time   Description
-----------------------------------------------------------------------------
                  0.00    0.00    0.00   clock core_clock (rise edge)
                          0.00    0.00   clock network delay (ideal)
                  0.00    0.00    0.00 ^ _2782_/CLK (sky130_fd_sc_hd__dfxtp_2)
     2    0.00    0.04    0.29    0.29 ^ _2782_/Q (sky130_fd_sc_hd__dfxtp_2)
                                         regfile.regfile[18][1] (net)
                  0.04    0.00    0.29 ^ _2588_/A1 (sky130_fd_sc_hd__mux2_2)
     1    0.00    0.03    0.13    0.42 ^ _2588_/X (sky130_fd_sc_hd__mux2_2)
                                         _1257_ (net)
                  0.03    0.00    0.42 ^ _2589_/A (sky130_fd_sc_hd__buf_1)
     1    0.00    0.03    0.07    0.49 ^ _2589_/X (sky130_fd_sc_hd__buf_1)
                                         _0136_ (net)
                  0.03    0.00    0.49 ^ _2782_/D (sky130_fd_sc_hd__dfxtp_2)
                                  0.49   data arrival time

                  0.00    0.00    0.00   clock core_clock (rise edge)
                          0.00    0.00   clock network delay (ideal)
                          0.00    0.00   clock reconvergence pessimism
                                  0.00 ^ _2782_/CLK (sky130_fd_sc_hd__dfxtp_2)
                         -0.03   -0.03   library hold time
                                 -0.03   data required time
-----------------------------------------------------------------------------
                                 -0.03   data required time
                                 -0.49   data arrival time
-----------------------------------------------------------------------------
                                  0.52   slack (MET)


Startpoint: _2786_ (rising edge-triggered flip-flop clocked by core_clock)
Endpoint: _2786_ (rising edge-triggered flip-flop clocked by core_clock)
Path Group: core_clock
Path Type: min

Fanout     Cap    Slew   Delay    Time   Description
-----------------------------------------------------------------------------
                  0.00    0.00    0.00   clock core_clock (rise edge)
                          0.00    0.00   clock network delay (ideal)
                  0.00    0.00    0.00 ^ _2786_/CLK (sky130_fd_sc_hd__dfxtp_2)
     2    0.00    0.04    0.29    0.29 ^ _2786_/Q (sky130_fd_sc_hd__dfxtp_2)
                                         regfile.regfile[18][5] (net)
                  0.04    0.00    0.29 ^ _2596_/A1 (sky130_fd_sc_hd__mux2_2)
     1    0.00    0.03    0.13    0.42 ^ _2596_/X (sky130_fd_sc_hd__mux2_2)
                                         _1261_ (net)
                  0.03    0.00    0.42 ^ _2597_/A (sky130_fd_sc_hd__buf_1)
     1    0.00    0.03    0.07    0.49 ^ _2597_/X (sky130_fd_sc_hd__buf_1)
                                         _0140_ (net)
                  0.03    0.00    0.49 ^ _2786_/D (sky130_fd_sc_hd__dfxtp_2)
                                  0.49   data arrival time

                  0.00    0.00    0.00   clock core_clock (rise edge)
                          0.00    0.00   clock network delay (ideal)
                          0.00    0.00   clock reconvergence pessimism
                                  0.00 ^ _2786_/CLK (sky130_fd_sc_hd__dfxtp_2)
                         -0.03   -0.03   library hold time
                                 -0.03   data required time
-----------------------------------------------------------------------------
                                 -0.03   data required time
                                 -0.49   data arrival time
-----------------------------------------------------------------------------
                                  0.52   slack (MET)


Startpoint: _2788_ (rising edge-triggered flip-flop clocked by core_clock)
Endpoint: _2788_ (rising edge-triggered flip-flop clocked by core_clock)
Path Group: core_clock
Path Type: min

Fanout     Cap    Slew   Delay    Time   Description
-----------------------------------------------------------------------------
                  0.00    0.00    0.00   clock core_clock (rise edge)
                          0.00    0.00   clock network delay (ideal)
                  0.00    0.00    0.00 ^ _2788_/CLK (sky130_fd_sc_hd__dfxtp_2)
     2    0.00    0.04    0.29    0.29 ^ _2788_/Q (sky130_fd_sc_hd__dfxtp_2)
                                         regfile.regfile[18][7] (net)
                  0.04    0.00    0.29 ^ _2600_/A1 (sky130_fd_sc_hd__mux2_2)
     1    0.00    0.03    0.13    0.42 ^ _2600_/X (sky130_fd_sc_hd__mux2_2)
                                         _1263_ (net)
                  0.03    0.00    0.42 ^ _2601_/A (sky130_fd_sc_hd__buf_1)
     1    0.00    0.03    0.07    0.49 ^ _2601_/X (sky130_fd_sc_hd__buf_1)
                                         _0142_ (net)
                  0.03    0.00    0.49 ^ _2788_/D (sky130_fd_sc_hd__dfxtp_2)
                                  0.49   data arrival time

                  0.00    0.00    0.00   clock core_clock (rise edge)
                          0.00    0.00   clock network delay (ideal)
                          0.00    0.00   clock reconvergence pessimism
                                  0.00 ^ _2788_/CLK (sky130_fd_sc_hd__dfxtp_2)
                         -0.03   -0.03   library hold time
                                 -0.03   data required time
-----------------------------------------------------------------------------
                                 -0.03   data required time
                                 -0.49   data arrival time
-----------------------------------------------------------------------------
                                  0.52   slack (MET)


Startpoint: _2789_ (rising edge-triggered flip-flop clocked by core_clock)
Endpoint: _2789_ (rising edge-triggered flip-flop clocked by core_clock)
Path Group: core_clock
Path Type: min

Fanout     Cap    Slew   Delay    Time   Description
-----------------------------------------------------------------------------
                  0.00    0.00    0.00   clock core_clock (rise edge)
                          0.00    0.00   clock network delay (ideal)
                  0.00    0.00    0.00 ^ _2789_/CLK (sky130_fd_sc_hd__dfxtp_2)
     2    0.00    0.04    0.29    0.29 ^ _2789_/Q (sky130_fd_sc_hd__dfxtp_2)
                                         regfile.regfile[18][8] (net)
                  0.04    0.00    0.29 ^ _2602_/A1 (sky130_fd_sc_hd__mux2_2)
     1    0.00    0.03    0.13    0.42 ^ _2602_/X (sky130_fd_sc_hd__mux2_2)
                                         _1264_ (net)
                  0.03    0.00    0.42 ^ _2603_/A (sky130_fd_sc_hd__buf_1)
     1    0.00    0.03    0.07    0.49 ^ _2603_/X (sky130_fd_sc_hd__buf_1)
                                         _0143_ (net)
                  0.03    0.00    0.49 ^ _2789_/D (sky130_fd_sc_hd__dfxtp_2)
                                  0.49   data arrival time

                  0.00    0.00    0.00   clock core_clock (rise edge)
                          0.00    0.00   clock network delay (ideal)
                          0.00    0.00   clock reconvergence pessimism
                                  0.00 ^ _2789_/CLK (sky130_fd_sc_hd__dfxtp_2)
                         -0.03   -0.03   library hold time
                                 -0.03   data required time
-----------------------------------------------------------------------------
                                 -0.03   data required time
                                 -0.49   data arrival time
-----------------------------------------------------------------------------
                                  0.52   slack (MET)


Startpoint: _2790_ (rising edge-triggered flip-flop clocked by core_clock)
Endpoint: _2790_ (rising edge-triggered flip-flop clocked by core_clock)
Path Group: core_clock
Path Type: min

Fanout     Cap    Slew   Delay    Time   Description
-----------------------------------------------------------------------------
                  0.00    0.00    0.00   clock core_clock (rise edge)
                          0.00    0.00   clock network delay (ideal)
                  0.00    0.00    0.00 ^ _2790_/CLK (sky130_fd_sc_hd__dfxtp_2)
     2    0.00    0.04    0.29    0.29 ^ _2790_/Q (sky130_fd_sc_hd__dfxtp_2)
                                         regfile.regfile[18][9] (net)
                  0.04    0.00    0.29 ^ _2604_/A1 (sky130_fd_sc_hd__mux2_2)
     1    0.00    0.03    0.13    0.42 ^ _2604_/X (sky130_fd_sc_hd__mux2_2)
                                         _1265_ (net)
                  0.03    0.00    0.42 ^ _2605_/A (sky130_fd_sc_hd__buf_1)
     1    0.00    0.03    0.07    0.49 ^ _2605_/X (sky130_fd_sc_hd__buf_1)
                                         _0144_ (net)
                  0.03    0.00    0.49 ^ _2790_/D (sky130_fd_sc_hd__dfxtp_2)
                                  0.49   data arrival time

                  0.00    0.00    0.00   clock core_clock (rise edge)
                          0.00    0.00   clock network delay (ideal)
                          0.00    0.00   clock reconvergence pessimism
                                  0.00 ^ _2790_/CLK (sky130_fd_sc_hd__dfxtp_2)
                         -0.03   -0.03   library hold time
                                 -0.03   data required time
-----------------------------------------------------------------------------
                                 -0.03   data required time
                                 -0.49   data arrival time
-----------------------------------------------------------------------------
                                  0.52   slack (MET)


Startpoint: _2791_ (rising edge-triggered flip-flop clocked by core_clock)
Endpoint: _2791_ (rising edge-triggered flip-flop clocked by core_clock)
Path Group: core_clock
Path Type: min

Fanout     Cap    Slew   Delay    Time   Description
-----------------------------------------------------------------------------
                  0.00    0.00    0.00   clock core_clock (rise edge)
                          0.00    0.00   clock network delay (ideal)
                  0.00    0.00    0.00 ^ _2791_/CLK (sky130_fd_sc_hd__dfxtp_2)
     2    0.00    0.04    0.29    0.29 ^ _2791_/Q (sky130_fd_sc_hd__dfxtp_2)
                                         regfile.regfile[18][10] (net)
                  0.04    0.00    0.29 ^ _2607_/A1 (sky130_fd_sc_hd__mux2_2)
     1    0.00    0.03    0.13    0.42 ^ _2607_/X (sky130_fd_sc_hd__mux2_2)
                                         _1267_ (net)
                  0.03    0.00    0.42 ^ _2608_/A (sky130_fd_sc_hd__buf_1)
     1    0.00    0.03    0.07    0.49 ^ _2608_/X (sky130_fd_sc_hd__buf_1)
                                         _0145_ (net)
                  0.03    0.00    0.49 ^ _2791_/D (sky130_fd_sc_hd__dfxtp_2)
                                  0.49   data arrival time

                  0.00    0.00    0.00   clock core_clock (rise edge)
                          0.00    0.00   clock network delay (ideal)
                          0.00    0.00   clock reconvergence pessimism
                                  0.00 ^ _2791_/CLK (sky130_fd_sc_hd__dfxtp_2)
                         -0.03   -0.03   library hold time
                                 -0.03   data required time
-----------------------------------------------------------------------------
                                 -0.03   data required time
                                 -0.49   data arrival time
-----------------------------------------------------------------------------
                                  0.52   slack (MET)


Startpoint: _2792_ (rising edge-triggered flip-flop clocked by core_clock)
Endpoint: _2792_ (rising edge-triggered flip-flop clocked by core_clock)
Path Group: core_clock
Path Type: min

Fanout     Cap    Slew   Delay    Time   Description
-----------------------------------------------------------------------------
                  0.00    0.00    0.00   clock core_clock (rise edge)
                          0.00    0.00   clock network delay (ideal)
                  0.00    0.00    0.00 ^ _2792_/CLK (sky130_fd_sc_hd__dfxtp_2)
     2    0.00    0.04    0.29    0.29 ^ _2792_/Q (sky130_fd_sc_hd__dfxtp_2)
                                         regfile.regfile[18][11] (net)
                  0.04    0.00    0.29 ^ _2609_/A1 (sky130_fd_sc_hd__mux2_2)
     1    0.00    0.03    0.13    0.42 ^ _2609_/X (sky130_fd_sc_hd__mux2_2)
                                         _1268_ (net)
                  0.03    0.00    0.42 ^ _2610_/A (sky130_fd_sc_hd__buf_1)
     1    0.00    0.03    0.07    0.49 ^ _2610_/X (sky130_fd_sc_hd__buf_1)
                                         _0146_ (net)
                  0.03    0.00    0.49 ^ _2792_/D (sky130_fd_sc_hd__dfxtp_2)
                                  0.49   data arrival time

                  0.00    0.00    0.00   clock core_clock (rise edge)
                          0.00    0.00   clock network delay (ideal)
                          0.00    0.00   clock reconvergence pessimism
                                  0.00 ^ _2792_/CLK (sky130_fd_sc_hd__dfxtp_2)
                         -0.03   -0.03   library hold time
                                 -0.03   data required time
-----------------------------------------------------------------------------
                                 -0.03   data required time
                                 -0.49   data arrival time
-----------------------------------------------------------------------------
                                  0.52   slack (MET)


Startpoint: _2793_ (rising edge-triggered flip-flop clocked by core_clock)
Endpoint: _2793_ (rising edge-triggered flip-flop clocked by core_clock)
Path Group: core_clock
Path Type: min

Fanout     Cap    Slew   Delay    Time   Description
-----------------------------------------------------------------------------
                  0.00    0.00    0.00   clock core_clock (rise edge)
                          0.00    0.00   clock network delay (ideal)
                  0.00    0.00    0.00 ^ _2793_/CLK (sky130_fd_sc_hd__dfxtp_2)
     2    0.00    0.04    0.29    0.29 ^ _2793_/Q (sky130_fd_sc_hd__dfxtp_2)
                                         regfile.regfile[18][12] (net)
                  0.04    0.00    0.29 ^ _2611_/A1 (sky130_fd_sc_hd__mux2_2)
     1    0.00    0.03    0.13    0.42 ^ _2611_/X (sky130_fd_sc_hd__mux2_2)
                                         _1269_ (net)
                  0.03    0.00    0.42 ^ _2612_/A (sky130_fd_sc_hd__buf_1)
     1    0.00    0.03    0.07    0.49 ^ _2612_/X (sky130_fd_sc_hd__buf_1)
                                         _0147_ (net)
                  0.03    0.00    0.49 ^ _2793_/D (sky130_fd_sc_hd__dfxtp_2)
                                  0.49   data arrival time

                  0.00    0.00    0.00   clock core_clock (rise edge)
                          0.00    0.00   clock network delay (ideal)
                          0.00    0.00   clock reconvergence pessimism
                                  0.00 ^ _2793_/CLK (sky130_fd_sc_hd__dfxtp_2)
                         -0.03   -0.03   library hold time
                                 -0.03   data required time
-----------------------------------------------------------------------------
                                 -0.03   data required time
                                 -0.49   data arrival time
-----------------------------------------------------------------------------
                                  0.52   slack (MET)


Startpoint: _2797_ (rising edge-triggered flip-flop clocked by core_clock)
Endpoint: _2797_ (rising edge-triggered flip-flop clocked by core_clock)
Path Group: core_clock
Path Type: min

Fanout     Cap    Slew   Delay    Time   Description
-----------------------------------------------------------------------------
                  0.00    0.00    0.00   clock core_clock (rise edge)
                          0.00    0.00   clock network delay (ideal)
                  0.00    0.00    0.00 ^ _2797_/CLK (sky130_fd_sc_hd__dfxtp_2)
     2    0.00    0.04    0.29    0.29 ^ _2797_/Q (sky130_fd_sc_hd__dfxtp_2)
                                         regfile.regfile[18][16] (net)
                  0.04    0.00    0.29 ^ _2619_/A1 (sky130_fd_sc_hd__mux2_2)
     1    0.00    0.03    0.13    0.42 ^ _2619_/X (sky130_fd_sc_hd__mux2_2)
                                         _1273_ (net)
                  0.03    0.00    0.42 ^ _2620_/A (sky130_fd_sc_hd__buf_1)
     1    0.00    0.03    0.07    0.49 ^ _2620_/X (sky130_fd_sc_hd__buf_1)
                                         _0151_ (net)
                  0.03    0.00    0.49 ^ _2797_/D (sky130_fd_sc_hd__dfxtp_2)
                                  0.49   data arrival time

                  0.00    0.00    0.00   clock core_clock (rise edge)
                          0.00    0.00   clock network delay (ideal)
                          0.00    0.00   clock reconvergence pessimism
                                  0.00 ^ _2797_/CLK (sky130_fd_sc_hd__dfxtp_2)
                         -0.03   -0.03   library hold time
                                 -0.03   data required time
-----------------------------------------------------------------------------
                                 -0.03   data required time
                                 -0.49   data arrival time
-----------------------------------------------------------------------------
                                  0.52   slack (MET)


Startpoint: _2798_ (rising edge-triggered flip-flop clocked by core_clock)
Endpoint: _2798_ (rising edge-triggered flip-flop clocked by core_clock)
Path Group: core_clock
Path Type: min

Fanout     Cap    Slew   Delay    Time   Description
-----------------------------------------------------------------------------
                  0.00    0.00    0.00   clock core_clock (rise edge)
                          0.00    0.00   clock network delay (ideal)
                  0.00    0.00    0.00 ^ _2798_/CLK (sky130_fd_sc_hd__dfxtp_2)
     2    0.00    0.04    0.29    0.29 ^ _2798_/Q (sky130_fd_sc_hd__dfxtp_2)
                                         regfile.regfile[18][17] (net)
                  0.04    0.00    0.29 ^ _2621_/A1 (sky130_fd_sc_hd__mux2_2)
     1    0.00    0.03    0.13    0.42 ^ _2621_/X (sky130_fd_sc_hd__mux2_2)
                                         _1274_ (net)
                  0.03    0.00    0.42 ^ _2622_/A (sky130_fd_sc_hd__buf_1)
     1    0.00    0.03    0.07    0.49 ^ _2622_/X (sky130_fd_sc_hd__buf_1)
                                         _0152_ (net)
                  0.03    0.00    0.49 ^ _2798_/D (sky130_fd_sc_hd__dfxtp_2)
                                  0.49   data arrival time

                  0.00    0.00    0.00   clock core_clock (rise edge)
                          0.00    0.00   clock network delay (ideal)
                          0.00    0.00   clock reconvergence pessimism
                                  0.00 ^ _2798_/CLK (sky130_fd_sc_hd__dfxtp_2)
                         -0.03   -0.03   library hold time
                                 -0.03   data required time
-----------------------------------------------------------------------------
                                 -0.03   data required time
                                 -0.49   data arrival time
-----------------------------------------------------------------------------
                                  0.52   slack (MET)


Startpoint: _2651_ (rising edge-triggered flip-flop clocked by core_clock)
Endpoint: _2651_ (rising edge-triggered flip-flop clocked by core_clock)
Path Group: core_clock
Path Type: min

Fanout     Cap    Slew   Delay    Time   Description
-----------------------------------------------------------------------------
                  0.00    0.00    0.00   clock core_clock (rise edge)
                          0.00    0.00   clock network delay (ideal)
                  0.00    0.00    0.00 ^ _2651_/CLK (sky130_fd_sc_hd__dfxtp_2)
     2    0.01    0.05    0.30    0.30 ^ _2651_/Q (sky130_fd_sc_hd__dfxtp_2)
                                         regfile.regfile[21][0] (net)
                  0.05    0.00    0.30 ^ _1761_/A (sky130_fd_sc_hd__and2_2)
     1    0.00    0.03    0.12    0.42 ^ _1761_/X (sky130_fd_sc_hd__and2_2)
                                         _0561_ (net)
                  0.03    0.00    0.42 ^ _1762_/A (sky130_fd_sc_hd__buf_1)
     1    0.00    0.03    0.07    0.49 ^ _1762_/X (sky130_fd_sc_hd__buf_1)
                                         _0005_ (net)
                  0.03    0.00    0.49 ^ _2651_/D (sky130_fd_sc_hd__dfxtp_2)
                                  0.49   data arrival time

                  0.00    0.00    0.00   clock core_clock (rise edge)
                          0.00    0.00   clock network delay (ideal)
                          0.00    0.00   clock reconvergence pessimism
                                  0.00 ^ _2651_/CLK (sky130_fd_sc_hd__dfxtp_2)
                         -0.03   -0.03   library hold time
                                 -0.03   data required time
-----------------------------------------------------------------------------
                                 -0.03   data required time
                                 -0.49   data arrival time
-----------------------------------------------------------------------------
                                  0.53   slack (MET)


Startpoint: _2815_ (rising edge-triggered flip-flop clocked by core_clock)
Endpoint: _2815_ (rising edge-triggered flip-flop clocked by core_clock)
Path Group: core_clock
Path Type: min

Fanout     Cap    Slew   Delay    Time   Description
-----------------------------------------------------------------------------
                  0.00    0.00    0.00   clock core_clock (rise edge)
                          0.00    0.00   clock network delay (ideal)
                  0.00    0.00    0.00 ^ _2815_/CLK (sky130_fd_sc_hd__dfrtp_2)
     7    0.02    0.11    0.38    0.38 ^ _2815_/Q (sky130_fd_sc_hd__dfrtp_2)
                                         imem.pc[2] (net)
                  0.11    0.00    0.38 ^ _1399_/A (sky130_fd_sc_hd__nor2_2)
     1    0.00    0.03    0.05    0.43 v _1399_/Y (sky130_fd_sc_hd__nor2_2)
                                         _0209_ (net)
                  0.03    0.00    0.43 v _1400_/B (sky130_fd_sc_hd__nor2_2)
     1    0.00    0.05    0.06    0.49 ^ _1400_/Y (sky130_fd_sc_hd__nor2_2)
                                         _0169_ (net)
                  0.05    0.00    0.49 ^ _2815_/D (sky130_fd_sc_hd__dfrtp_2)
                                  0.49   data arrival time

                  0.00    0.00    0.00   clock core_clock (rise edge)
                          0.00    0.00   clock network delay (ideal)
                          0.00    0.00   clock reconvergence pessimism
                                  0.00 ^ _2815_/CLK (sky130_fd_sc_hd__dfrtp_2)
                         -0.04   -0.04   library hold time
                                 -0.04   data required time
-----------------------------------------------------------------------------
                                 -0.04   data required time
                                 -0.49   data arrival time
-----------------------------------------------------------------------------
                                  0.53   slack (MET)


Startpoint: _2813_ (rising edge-triggered flip-flop clocked by core_clock)
Endpoint: _2813_ (rising edge-triggered flip-flop clocked by core_clock)
Path Group: core_clock
Path Type: min

Fanout     Cap    Slew   Delay    Time   Description
-----------------------------------------------------------------------------
                  0.00    0.00    0.00   clock core_clock (rise edge)
                          0.00    0.00   clock network delay (ideal)
                  0.00    0.00    0.00 ^ _2813_/CLK (sky130_fd_sc_hd__dfrtp_2)
     9    0.03    0.15    0.41    0.41 ^ _2813_/Q (sky130_fd_sc_hd__dfrtp_2)
                                         imem.pc[0] (net)
                  0.15    0.00    0.41 ^ _1403_/B (sky130_fd_sc_hd__xor2_2)
     1    0.00    0.03    0.07    0.48 v _1403_/X (sky130_fd_sc_hd__xor2_2)
                                         _0167_ (net)
                  0.03    0.00    0.48 v _2813_/D (sky130_fd_sc_hd__dfrtp_2)
                                  0.48   data arrival time

                  0.00    0.00    0.00   clock core_clock (rise edge)
                          0.00    0.00   clock network delay (ideal)
                          0.00    0.00   clock reconvergence pessimism
                                  0.00 ^ _2813_/CLK (sky130_fd_sc_hd__dfrtp_2)
                         -0.05   -0.05   library hold time
                                 -0.05   data required time
-----------------------------------------------------------------------------
                                 -0.05   data required time
                                 -0.48   data arrival time
-----------------------------------------------------------------------------
                                  0.53   slack (MET)


Startpoint: _2794_ (rising edge-triggered flip-flop clocked by core_clock)
Endpoint: _2794_ (rising edge-triggered flip-flop clocked by core_clock)
Path Group: core_clock
Path Type: min

Fanout     Cap    Slew   Delay    Time   Description
-----------------------------------------------------------------------------
                  0.00    0.00    0.00   clock core_clock (rise edge)
                          0.00    0.00   clock network delay (ideal)
                  0.00    0.00    0.00 ^ _2794_/CLK (sky130_fd_sc_hd__dfxtp_2)
     2    0.01    0.05    0.30    0.30 ^ _2794_/Q (sky130_fd_sc_hd__dfxtp_2)
                                         regfile.regfile[18][13] (net)
                  0.05    0.00    0.30 ^ _2613_/A1 (sky130_fd_sc_hd__mux2_2)
     1    0.00    0.03    0.13    0.43 ^ _2613_/X (sky130_fd_sc_hd__mux2_2)
                                         _1270_ (net)
                  0.03    0.00    0.43 ^ _2614_/A (sky130_fd_sc_hd__buf_1)
     1    0.00    0.03    0.07    0.50 ^ _2614_/X (sky130_fd_sc_hd__buf_1)
                                         _0148_ (net)
                  0.03    0.00    0.50 ^ _2794_/D (sky130_fd_sc_hd__dfxtp_2)
                                  0.50   data arrival time

                  0.00    0.00    0.00   clock core_clock (rise edge)
                          0.00    0.00   clock network delay (ideal)
                          0.00    0.00   clock reconvergence pessimism
                                  0.00 ^ _2794_/CLK (sky130_fd_sc_hd__dfxtp_2)
                         -0.03   -0.03   library hold time
                                 -0.03   data required time
-----------------------------------------------------------------------------
                                 -0.03   data required time
                                 -0.50   data arrival time
-----------------------------------------------------------------------------
                                  0.53   slack (MET)


Startpoint: _2814_ (rising edge-triggered flip-flop clocked by core_clock)
Endpoint: _2814_ (rising edge-triggered flip-flop clocked by core_clock)
Path Group: core_clock
Path Type: min

Fanout     Cap    Slew   Delay    Time   Description
-----------------------------------------------------------------------------
                  0.00    0.00    0.00   clock core_clock (rise edge)
                          0.00    0.00   clock network delay (ideal)
                  0.00    0.00    0.00 ^ _2814_/CLK (sky130_fd_sc_hd__dfrtp_2)
     9    0.03    0.15    0.41    0.41 ^ _2814_/Q (sky130_fd_sc_hd__dfrtp_2)
                                         imem.pc[1] (net)
                  0.15    0.00    0.41 ^ _1401_/B1 (sky130_fd_sc_hd__a21oi_2)
     1    0.00    0.03    0.05    0.46 v _1401_/Y (sky130_fd_sc_hd__a21oi_2)
                                         _0210_ (net)
                  0.03    0.00    0.46 v _1402_/B (sky130_fd_sc_hd__nor2_2)
     1    0.00    0.05    0.06    0.52 ^ _1402_/Y (sky130_fd_sc_hd__nor2_2)
                                         _0168_ (net)
                  0.05    0.00    0.52 ^ _2814_/D (sky130_fd_sc_hd__dfrtp_2)
                                  0.52   data arrival time

                  0.00    0.00    0.00   clock core_clock (rise edge)
                          0.00    0.00   clock network delay (ideal)
                          0.00    0.00   clock reconvergence pessimism
                                  0.00 ^ _2814_/CLK (sky130_fd_sc_hd__dfrtp_2)
                         -0.04   -0.04   library hold time
                                 -0.04   data required time
-----------------------------------------------------------------------------
                                 -0.04   data required time
                                 -0.52   data arrival time
-----------------------------------------------------------------------------
                                  0.56   slack (MET)


Startpoint: _2816_ (rising edge-triggered flip-flop clocked by core_clock)
Endpoint: _2816_ (rising edge-triggered flip-flop clocked by core_clock)
Path Group: core_clock
Path Type: min

Fanout     Cap    Slew   Delay    Time   Description
-----------------------------------------------------------------------------
                  0.00    0.00    0.00   clock core_clock (rise edge)
                          0.00    0.00   clock network delay (ideal)
                  0.00    0.00    0.00 ^ _2816_/CLK (sky130_fd_sc_hd__dfrtp_2)
     7    0.02    0.11    0.38    0.38 ^ _2816_/Q (sky130_fd_sc_hd__dfrtp_2)
                                         imem.pc[3] (net)
                  0.11    0.00    0.38 ^ _1396_/A (sky130_fd_sc_hd__or2_2)
     1    0.00    0.02    0.11    0.49 ^ _1396_/X (sky130_fd_sc_hd__or2_2)
                                         _0207_ (net)
                  0.02    0.00    0.49 ^ _1397_/B (sky130_fd_sc_hd__and2_2)
     1    0.00    0.03    0.12    0.61 ^ _1397_/X (sky130_fd_sc_hd__and2_2)
                                         _0208_ (net)
                  0.03    0.00    0.61 ^ _1398_/A (sky130_fd_sc_hd__buf_1)
     1    0.00    0.04    0.07    0.68 ^ _1398_/X (sky130_fd_sc_hd__buf_1)
                                         _0170_ (net)
                  0.04    0.00    0.68 ^ _2816_/D (sky130_fd_sc_hd__dfrtp_2)
                                  0.68   data arrival time

                  0.00    0.00    0.00   clock core_clock (rise edge)
                          0.00    0.00   clock network delay (ideal)
                          0.00    0.00   clock reconvergence pessimism
                                  0.00 ^ _2816_/CLK (sky130_fd_sc_hd__dfrtp_2)
                         -0.04   -0.04   library hold time
                                 -0.04   data required time
-----------------------------------------------------------------------------
                                 -0.04   data required time
                                 -0.68   data arrival time
-----------------------------------------------------------------------------
                                  0.72   slack (MET)



worst slack corner Typical: 0.4684
min_report_end
max_report

===========================================================================
report_checks -path_delay max (Setup)
============================================================================
======================= Typical Corner ===================================

Startpoint: _2816_ (rising edge-triggered flip-flop clocked by core_clock)
Endpoint: _2812_ (rising edge-triggered flip-flop clocked by core_clock)
Path Group: core_clock
Path Type: max

Fanout     Cap    Slew   Delay    Time   Description
-----------------------------------------------------------------------------
                  0.00    0.00    0.00   clock core_clock (rise edge)
                          0.00    0.00   clock network delay (ideal)
                  0.00    0.00    0.00 ^ _2816_/CLK (sky130_fd_sc_hd__dfrtp_2)
     7    0.02    0.07    0.41    0.41 v _2816_/Q (sky130_fd_sc_hd__dfrtp_2)
                                         imem.pc[3] (net)
                  0.07    0.00    0.41 v _1412_/A (sky130_fd_sc_hd__or3_2)
     8    0.01    0.12    0.54    0.95 v _1412_/X (sky130_fd_sc_hd__or3_2)
                                         _0219_ (net)
                  0.12    0.00    0.95 v _1413_/B (sky130_fd_sc_hd__or2_2)
     5    0.01    0.08    0.32    1.27 v _1413_/X (sky130_fd_sc_hd__or2_2)
                                         _0220_ (net)
                  0.08    0.00    1.27 v _1427_/A (sky130_fd_sc_hd__buf_1)
    10    0.02    0.12    0.17    1.44 v _1427_/X (sky130_fd_sc_hd__buf_1)
                                         _0234_ (net)
                  0.12    0.00    1.44 v _1448_/A2 (sky130_fd_sc_hd__a21o_2)
     1    0.00    0.03    0.23    1.67 v _1448_/X (sky130_fd_sc_hd__a21o_2)
                                         _0255_ (net)
                  0.03    0.00    1.67 v _1452_/A2 (sky130_fd_sc_hd__a31o_2)
     3    0.00    0.04    0.22    1.90 v _1452_/X (sky130_fd_sc_hd__a31o_2)
                                         _0259_ (net)
                  0.04    0.00    1.90 v _1469_/A (sky130_fd_sc_hd__or4_2)
     2    0.00    0.10    0.65    2.55 v _1469_/X (sky130_fd_sc_hd__or4_2)
                                         _0276_ (net)
                  0.10    0.00    2.55 v _1932_/A (sky130_fd_sc_hd__or4_2)
     1    0.00    0.09    0.66    3.21 v _1932_/X (sky130_fd_sc_hd__or4_2)
                                         _0698_ (net)
                  0.09    0.00    3.21 v _1933_/A (sky130_fd_sc_hd__buf_1)
     8    0.02    0.13    0.20    3.40 v _1933_/X (sky130_fd_sc_hd__buf_1)
                                         _0699_ (net)
                  0.13    0.00    3.40 v _1968_/A2 (sky130_fd_sc_hd__a211o_2)
     2    0.00    0.05    0.36    3.76 v _1968_/X (sky130_fd_sc_hd__a211o_2)
                                         _0734_ (net)
                  0.05    0.00    3.76 v _1969_/C (sky130_fd_sc_hd__and3_2)
     3    0.01    0.04    0.21    3.97 v _1969_/X (sky130_fd_sc_hd__and3_2)
                                         _0735_ (net)
                  0.04    0.00    3.97 v _2017_/C (sky130_fd_sc_hd__or4b_2)
     2    0.00    0.10    0.60    4.57 v _2017_/X (sky130_fd_sc_hd__or4b_2)
                                         _0783_ (net)
                  0.10    0.00    4.57 v _2019_/C (sky130_fd_sc_hd__or4b_2)
     1    0.00    0.10    0.61    5.18 v _2019_/X (sky130_fd_sc_hd__or4b_2)
                                         _0785_ (net)
                  0.10    0.00    5.18 v _2020_/C1 (sky130_fd_sc_hd__a211o_2)
     4    0.01    0.08    0.32    5.50 v _2020_/X (sky130_fd_sc_hd__a211o_2)
                                         _0786_ (net)
                  0.08    0.00    5.50 v _2265_/A1 (sky130_fd_sc_hd__a2111o_2)
     2    0.00    0.07    0.42    5.93 v _2265_/X (sky130_fd_sc_hd__a2111o_2)
                                         _1031_ (net)
                  0.07    0.00    5.93 v _2300_/A1 (sky130_fd_sc_hd__a211o_2)
     5    0.01    0.08    0.33    6.26 v _2300_/X (sky130_fd_sc_hd__a211o_2)
                                         _1066_ (net)
                  0.08    0.00    6.26 v _2357_/A1 (sky130_fd_sc_hd__a311o_2)
     3    0.01    0.07    0.35    6.61 v _2357_/X (sky130_fd_sc_hd__a311o_2)
                                         _1123_ (net)
                  0.07    0.00    6.61 v _2372_/A1 (sky130_fd_sc_hd__a21oi_2)
     3    0.01    0.18    0.20    6.80 ^ _2372_/Y (sky130_fd_sc_hd__a21oi_2)
                                         _1138_ (net)
                  0.18    0.00    6.80 ^ _2384_/A2 (sky130_fd_sc_hd__o21ai_2)
     1    0.00    0.04    0.06    6.86 v _2384_/Y (sky130_fd_sc_hd__o21ai_2)
                                         _1150_ (net)
                  0.04    0.00    6.86 v _2391_/A1 (sky130_fd_sc_hd__a21bo_2)
     1    0.00    0.03    0.18    7.04 v _2391_/X (sky130_fd_sc_hd__a21bo_2)
                                         _1157_ (net)
                  0.03    0.00    7.04 v _2650_/A0 (sky130_fd_sc_hd__mux2_2)
     1    0.00    0.05    0.24    7.29 v _2650_/X (sky130_fd_sc_hd__mux2_2)
                                         _1289_ (net)
                  0.05    0.00    7.29 v _1322_/A (sky130_fd_sc_hd__buf_1)
     1    0.00    0.02    0.08    7.37 v _1322_/X (sky130_fd_sc_hd__buf_1)
                                         _0166_ (net)
                  0.02    0.00    7.37 v _2812_/D (sky130_fd_sc_hd__dfxtp_2)
                                  7.37   data arrival time

                  0.00   10.00   10.00   clock core_clock (rise edge)
                          0.00   10.00   clock network delay (ideal)
                          0.00   10.00   clock reconvergence pessimism
                                 10.00 ^ _2812_/CLK (sky130_fd_sc_hd__dfxtp_2)
                         -0.11    9.89   library setup time
                                  9.89   data required time
-----------------------------------------------------------------------------
                                  9.89   data required time
                                 -7.37   data arrival time
-----------------------------------------------------------------------------
                                  2.52   slack (MET)


Startpoint: _2816_ (rising edge-triggered flip-flop clocked by core_clock)
Endpoint: _2810_ (rising edge-triggered flip-flop clocked by core_clock)
Path Group: core_clock
Path Type: max

Fanout     Cap    Slew   Delay    Time   Description
-----------------------------------------------------------------------------
                  0.00    0.00    0.00   clock core_clock (rise edge)
                          0.00    0.00   clock network delay (ideal)
                  0.00    0.00    0.00 ^ _2816_/CLK (sky130_fd_sc_hd__dfrtp_2)
     7    0.02    0.07    0.41    0.41 v _2816_/Q (sky130_fd_sc_hd__dfrtp_2)
                                         imem.pc[3] (net)
                  0.07    0.00    0.41 v _1412_/A (sky130_fd_sc_hd__or3_2)
     8    0.01    0.12    0.54    0.95 v _1412_/X (sky130_fd_sc_hd__or3_2)
                                         _0219_ (net)
                  0.12    0.00    0.95 v _1413_/B (sky130_fd_sc_hd__or2_2)
     5    0.01    0.08    0.32    1.27 v _1413_/X (sky130_fd_sc_hd__or2_2)
                                         _0220_ (net)
                  0.08    0.00    1.27 v _1427_/A (sky130_fd_sc_hd__buf_1)
    10    0.02    0.12    0.17    1.44 v _1427_/X (sky130_fd_sc_hd__buf_1)
                                         _0234_ (net)
                  0.12    0.00    1.44 v _1448_/A2 (sky130_fd_sc_hd__a21o_2)
     1    0.00    0.03    0.23    1.67 v _1448_/X (sky130_fd_sc_hd__a21o_2)
                                         _0255_ (net)
                  0.03    0.00    1.67 v _1452_/A2 (sky130_fd_sc_hd__a31o_2)
     3    0.00    0.04    0.22    1.90 v _1452_/X (sky130_fd_sc_hd__a31o_2)
                                         _0259_ (net)
                  0.04    0.00    1.90 v _1469_/A (sky130_fd_sc_hd__or4_2)
     2    0.00    0.10    0.65    2.55 v _1469_/X (sky130_fd_sc_hd__or4_2)
                                         _0276_ (net)
                  0.10    0.00    2.55 v _1932_/A (sky130_fd_sc_hd__or4_2)
     1    0.00    0.09    0.66    3.21 v _1932_/X (sky130_fd_sc_hd__or4_2)
                                         _0698_ (net)
                  0.09    0.00    3.21 v _1933_/A (sky130_fd_sc_hd__buf_1)
     8    0.02    0.13    0.20    3.40 v _1933_/X (sky130_fd_sc_hd__buf_1)
                                         _0699_ (net)
                  0.13    0.00    3.40 v _1968_/A2 (sky130_fd_sc_hd__a211o_2)
     2    0.00    0.05    0.36    3.76 v _1968_/X (sky130_fd_sc_hd__a211o_2)
                                         _0734_ (net)
                  0.05    0.00    3.76 v _1969_/C (sky130_fd_sc_hd__and3_2)
     3    0.01    0.04    0.21    3.97 v _1969_/X (sky130_fd_sc_hd__and3_2)
                                         _0735_ (net)
                  0.04    0.00    3.97 v _2017_/C (sky130_fd_sc_hd__or4b_2)
     2    0.00    0.10    0.60    4.57 v _2017_/X (sky130_fd_sc_hd__or4b_2)
                                         _0783_ (net)
                  0.10    0.00    4.57 v _2019_/C (sky130_fd_sc_hd__or4b_2)
     1    0.00    0.10    0.61    5.18 v _2019_/X (sky130_fd_sc_hd__or4b_2)
                                         _0785_ (net)
                  0.10    0.00    5.18 v _2020_/C1 (sky130_fd_sc_hd__a211o_2)
     4    0.01    0.08    0.32    5.50 v _2020_/X (sky130_fd_sc_hd__a211o_2)
                                         _0786_ (net)
                  0.08    0.00    5.50 v _2265_/A1 (sky130_fd_sc_hd__a2111o_2)
     2    0.00    0.07    0.42    5.93 v _2265_/X (sky130_fd_sc_hd__a2111o_2)
                                         _1031_ (net)
                  0.07    0.00    5.93 v _2300_/A1 (sky130_fd_sc_hd__a211o_2)
     5    0.01    0.08    0.33    6.26 v _2300_/X (sky130_fd_sc_hd__a211o_2)
                                         _1066_ (net)
                  0.08    0.00    6.26 v _2357_/A1 (sky130_fd_sc_hd__a311o_2)
     3    0.01    0.07    0.35    6.61 v _2357_/X (sky130_fd_sc_hd__a311o_2)
                                         _1123_ (net)
                  0.07    0.00    6.61 v _2358_/B1 (sky130_fd_sc_hd__o31a_2)
     1    0.00    0.05    0.12    6.72 v _2358_/X (sky130_fd_sc_hd__o31a_2)
                                         _1124_ (net)
                  0.05    0.00    6.72 v _2363_/A2 (sky130_fd_sc_hd__a21bo_2)
     1    0.00    0.03    0.20    6.92 v _2363_/X (sky130_fd_sc_hd__a21bo_2)
                                         _1129_ (net)
                  0.03    0.00    6.92 v _2646_/A0 (sky130_fd_sc_hd__mux2_2)
     1    0.00    0.05    0.24    7.17 v _2646_/X (sky130_fd_sc_hd__mux2_2)
                                         _1287_ (net)
                  0.05    0.00    7.17 v _2647_/A (sky130_fd_sc_hd__buf_1)
     1    0.00    0.02    0.08    7.25 v _2647_/X (sky130_fd_sc_hd__buf_1)
                                         _0164_ (net)
                  0.02    0.00    7.25 v _2810_/D (sky130_fd_sc_hd__dfxtp_2)
                                  7.25   data arrival time

                  0.00   10.00   10.00   clock core_clock (rise edge)
                          0.00   10.00   clock network delay (ideal)
                          0.00   10.00   clock reconvergence pessimism
                                 10.00 ^ _2810_/CLK (sky130_fd_sc_hd__dfxtp_2)
                         -0.11    9.89   library setup time
                                  9.89   data required time
-----------------------------------------------------------------------------
                                  9.89   data required time
                                 -7.25   data arrival time
-----------------------------------------------------------------------------
                                  2.64   slack (MET)


Startpoint: _2816_ (rising edge-triggered flip-flop clocked by core_clock)
Endpoint: _2811_ (rising edge-triggered flip-flop clocked by core_clock)
Path Group: core_clock
Path Type: max

Fanout     Cap    Slew   Delay    Time   Description
-----------------------------------------------------------------------------
                  0.00    0.00    0.00   clock core_clock (rise edge)
                          0.00    0.00   clock network delay (ideal)
                  0.00    0.00    0.00 ^ _2816_/CLK (sky130_fd_sc_hd__dfrtp_2)
     7    0.02    0.07    0.41    0.41 v _2816_/Q (sky130_fd_sc_hd__dfrtp_2)
                                         imem.pc[3] (net)
                  0.07    0.00    0.41 v _1412_/A (sky130_fd_sc_hd__or3_2)
     8    0.01    0.12    0.54    0.95 v _1412_/X (sky130_fd_sc_hd__or3_2)
                                         _0219_ (net)
                  0.12    0.00    0.95 v _1413_/B (sky130_fd_sc_hd__or2_2)
     5    0.01    0.08    0.32    1.27 v _1413_/X (sky130_fd_sc_hd__or2_2)
                                         _0220_ (net)
                  0.08    0.00    1.27 v _1427_/A (sky130_fd_sc_hd__buf_1)
    10    0.02    0.12    0.17    1.44 v _1427_/X (sky130_fd_sc_hd__buf_1)
                                         _0234_ (net)
                  0.12    0.00    1.44 v _1448_/A2 (sky130_fd_sc_hd__a21o_2)
     1    0.00    0.03    0.23    1.67 v _1448_/X (sky130_fd_sc_hd__a21o_2)
                                         _0255_ (net)
                  0.03    0.00    1.67 v _1452_/A2 (sky130_fd_sc_hd__a31o_2)
     3    0.00    0.04    0.22    1.90 v _1452_/X (sky130_fd_sc_hd__a31o_2)
                                         _0259_ (net)
                  0.04    0.00    1.90 v _1469_/A (sky130_fd_sc_hd__or4_2)
     2    0.00    0.10    0.65    2.55 v _1469_/X (sky130_fd_sc_hd__or4_2)
                                         _0276_ (net)
                  0.10    0.00    2.55 v _1932_/A (sky130_fd_sc_hd__or4_2)
     1    0.00    0.09    0.66    3.21 v _1932_/X (sky130_fd_sc_hd__or4_2)
                                         _0698_ (net)
                  0.09    0.00    3.21 v _1933_/A (sky130_fd_sc_hd__buf_1)
     8    0.02    0.13    0.20    3.40 v _1933_/X (sky130_fd_sc_hd__buf_1)
                                         _0699_ (net)
                  0.13    0.00    3.40 v _1968_/A2 (sky130_fd_sc_hd__a211o_2)
     2    0.00    0.05    0.36    3.76 v _1968_/X (sky130_fd_sc_hd__a211o_2)
                                         _0734_ (net)
                  0.05    0.00    3.76 v _1969_/C (sky130_fd_sc_hd__and3_2)
     3    0.01    0.04    0.21    3.97 v _1969_/X (sky130_fd_sc_hd__and3_2)
                                         _0735_ (net)
                  0.04    0.00    3.97 v _2017_/C (sky130_fd_sc_hd__or4b_2)
     2    0.00    0.10    0.60    4.57 v _2017_/X (sky130_fd_sc_hd__or4b_2)
                                         _0783_ (net)
                  0.10    0.00    4.57 v _2019_/C (sky130_fd_sc_hd__or4b_2)
     1    0.00    0.10    0.61    5.18 v _2019_/X (sky130_fd_sc_hd__or4b_2)
                                         _0785_ (net)
                  0.10    0.00    5.18 v _2020_/C1 (sky130_fd_sc_hd__a211o_2)
     4    0.01    0.08    0.32    5.50 v _2020_/X (sky130_fd_sc_hd__a211o_2)
                                         _0786_ (net)
                  0.08    0.00    5.50 v _2265_/A1 (sky130_fd_sc_hd__a2111o_2)
     2    0.00    0.07    0.42    5.93 v _2265_/X (sky130_fd_sc_hd__a2111o_2)
                                         _1031_ (net)
                  0.07    0.00    5.93 v _2300_/A1 (sky130_fd_sc_hd__a211o_2)
     5    0.01    0.08    0.33    6.26 v _2300_/X (sky130_fd_sc_hd__a211o_2)
                                         _1066_ (net)
                  0.08    0.00    6.26 v _2357_/A1 (sky130_fd_sc_hd__a311o_2)
     3    0.01    0.07    0.35    6.61 v _2357_/X (sky130_fd_sc_hd__a311o_2)
                                         _1123_ (net)
                  0.07    0.00    6.61 v _2372_/A1 (sky130_fd_sc_hd__a21oi_2)
     3    0.01    0.18    0.20    6.80 ^ _2372_/Y (sky130_fd_sc_hd__a21oi_2)
                                         _1138_ (net)
                  0.18    0.00    6.80 ^ _2378_/A1 (sky130_fd_sc_hd__o21ai_2)
     1    0.00    0.04    0.08    6.88 v _2378_/Y (sky130_fd_sc_hd__o21ai_2)
                                         _1144_ (net)
                  0.04    0.00    6.88 v _2648_/A0 (sky130_fd_sc_hd__mux2_2)
     1    0.00    0.05    0.25    7.12 v _2648_/X (sky130_fd_sc_hd__mux2_2)
                                         _1288_ (net)
                  0.05    0.00    7.12 v _2649_/A (sky130_fd_sc_hd__buf_1)
     1    0.00    0.02    0.08    7.21 v _2649_/X (sky130_fd_sc_hd__buf_1)
                                         _0165_ (net)
                  0.02    0.00    7.21 v _2811_/D (sky130_fd_sc_hd__dfxtp_2)
                                  7.21   data arrival time

                  0.00   10.00   10.00   clock core_clock (rise edge)
                          0.00   10.00   clock network delay (ideal)
                          0.00   10.00   clock reconvergence pessimism
                                 10.00 ^ _2811_/CLK (sky130_fd_sc_hd__dfxtp_2)
                         -0.11    9.89   library setup time
                                  9.89   data required time
-----------------------------------------------------------------------------
                                  9.89   data required time
                                 -7.21   data arrival time
-----------------------------------------------------------------------------
                                  2.68   slack (MET)


Startpoint: _2816_ (rising edge-triggered flip-flop clocked by core_clock)
Endpoint: _2809_ (rising edge-triggered flip-flop clocked by core_clock)
Path Group: core_clock
Path Type: max

Fanout     Cap    Slew   Delay    Time   Description
-----------------------------------------------------------------------------
                  0.00    0.00    0.00   clock core_clock (rise edge)
                          0.00    0.00   clock network delay (ideal)
                  0.00    0.00    0.00 ^ _2816_/CLK (sky130_fd_sc_hd__dfrtp_2)
     7    0.02    0.07    0.41    0.41 v _2816_/Q (sky130_fd_sc_hd__dfrtp_2)
                                         imem.pc[3] (net)
                  0.07    0.00    0.41 v _1412_/A (sky130_fd_sc_hd__or3_2)
     8    0.01    0.12    0.54    0.95 v _1412_/X (sky130_fd_sc_hd__or3_2)
                                         _0219_ (net)
                  0.12    0.00    0.95 v _1413_/B (sky130_fd_sc_hd__or2_2)
     5    0.01    0.08    0.32    1.27 v _1413_/X (sky130_fd_sc_hd__or2_2)
                                         _0220_ (net)
                  0.08    0.00    1.27 v _1427_/A (sky130_fd_sc_hd__buf_1)
    10    0.02    0.12    0.17    1.44 v _1427_/X (sky130_fd_sc_hd__buf_1)
                                         _0234_ (net)
                  0.12    0.00    1.44 v _1448_/A2 (sky130_fd_sc_hd__a21o_2)
     1    0.00    0.03    0.23    1.67 v _1448_/X (sky130_fd_sc_hd__a21o_2)
                                         _0255_ (net)
                  0.03    0.00    1.67 v _1452_/A2 (sky130_fd_sc_hd__a31o_2)
     3    0.00    0.04    0.22    1.90 v _1452_/X (sky130_fd_sc_hd__a31o_2)
                                         _0259_ (net)
                  0.04    0.00    1.90 v _1469_/A (sky130_fd_sc_hd__or4_2)
     2    0.00    0.10    0.65    2.55 v _1469_/X (sky130_fd_sc_hd__or4_2)
                                         _0276_ (net)
                  0.10    0.00    2.55 v _1932_/A (sky130_fd_sc_hd__or4_2)
     1    0.00    0.09    0.66    3.21 v _1932_/X (sky130_fd_sc_hd__or4_2)
                                         _0698_ (net)
                  0.09    0.00    3.21 v _1933_/A (sky130_fd_sc_hd__buf_1)
     8    0.02    0.13    0.20    3.40 v _1933_/X (sky130_fd_sc_hd__buf_1)
                                         _0699_ (net)
                  0.13    0.00    3.40 v _1968_/A2 (sky130_fd_sc_hd__a211o_2)
     2    0.00    0.05    0.36    3.76 v _1968_/X (sky130_fd_sc_hd__a211o_2)
                                         _0734_ (net)
                  0.05    0.00    3.76 v _1969_/C (sky130_fd_sc_hd__and3_2)
     3    0.01    0.04    0.21    3.97 v _1969_/X (sky130_fd_sc_hd__and3_2)
                                         _0735_ (net)
                  0.04    0.00    3.97 v _2017_/C (sky130_fd_sc_hd__or4b_2)
     2    0.00    0.10    0.60    4.57 v _2017_/X (sky130_fd_sc_hd__or4b_2)
                                         _0783_ (net)
                  0.10    0.00    4.57 v _2019_/C (sky130_fd_sc_hd__or4b_2)
     1    0.00    0.10    0.61    5.18 v _2019_/X (sky130_fd_sc_hd__or4b_2)
                                         _0785_ (net)
                  0.10    0.00    5.18 v _2020_/C1 (sky130_fd_sc_hd__a211o_2)
     4    0.01    0.08    0.32    5.50 v _2020_/X (sky130_fd_sc_hd__a211o_2)
                                         _0786_ (net)
                  0.08    0.00    5.50 v _2265_/A1 (sky130_fd_sc_hd__a2111o_2)
     2    0.00    0.07    0.42    5.93 v _2265_/X (sky130_fd_sc_hd__a2111o_2)
                                         _1031_ (net)
                  0.07    0.00    5.93 v _2300_/A1 (sky130_fd_sc_hd__a211o_2)
     5    0.01    0.08    0.33    6.26 v _2300_/X (sky130_fd_sc_hd__a211o_2)
                                         _1066_ (net)
                  0.08    0.00    6.26 v _2338_/A1 (sky130_fd_sc_hd__a31o_2)
     2    0.01    0.04    0.22    6.48 v _2338_/X (sky130_fd_sc_hd__a31o_2)
                                         _1104_ (net)
                  0.04    0.00    6.48 v _2339_/B (sky130_fd_sc_hd__and2_2)
     1    0.00    0.03    0.18    6.65 v _2339_/X (sky130_fd_sc_hd__and2_2)
                                         _1105_ (net)
                  0.03    0.00    6.65 v _2341_/A (sky130_fd_sc_hd__or2_2)
     1    0.00    0.06    0.29    6.94 v _2341_/X (sky130_fd_sc_hd__or2_2)
                                         _1107_ (net)
                  0.06    0.00    6.94 v _2347_/A2 (sky130_fd_sc_hd__o21ai_2)
     1    0.00    0.08    0.10    7.04 ^ _2347_/Y (sky130_fd_sc_hd__o21ai_2)
                                         _1113_ (net)
                  0.08    0.00    7.04 ^ _2644_/A0 (sky130_fd_sc_hd__mux2_2)
     1    0.00    0.04    0.14    7.18 ^ _2644_/X (sky130_fd_sc_hd__mux2_2)
                                         _1286_ (net)
                  0.04    0.00    7.18 ^ _2645_/A (sky130_fd_sc_hd__buf_1)
     1    0.00    0.03    0.07    7.25 ^ _2645_/X (sky130_fd_sc_hd__buf_1)
                                         _0163_ (net)
                  0.03    0.00    7.25 ^ _2809_/D (sky130_fd_sc_hd__dfxtp_2)
                                  7.25   data arrival time

                  0.00   10.00   10.00   clock core_clock (rise edge)
                          0.00   10.00   clock network delay (ideal)
                          0.00   10.00   clock reconvergence pessimism
                                 10.00 ^ _2809_/CLK (sky130_fd_sc_hd__dfxtp_2)
                         -0.06    9.94   library setup time
                                  9.94   data required time
-----------------------------------------------------------------------------
                                  9.94   data required time
                                 -7.25   data arrival time
-----------------------------------------------------------------------------
                                  2.69   slack (MET)


Startpoint: _2816_ (rising edge-triggered flip-flop clocked by core_clock)
Endpoint: _2808_ (rising edge-triggered flip-flop clocked by core_clock)
Path Group: core_clock
Path Type: max

Fanout     Cap    Slew   Delay    Time   Description
-----------------------------------------------------------------------------
                  0.00    0.00    0.00   clock core_clock (rise edge)
                          0.00    0.00   clock network delay (ideal)
                  0.00    0.00    0.00 ^ _2816_/CLK (sky130_fd_sc_hd__dfrtp_2)
     7    0.02    0.07    0.41    0.41 v _2816_/Q (sky130_fd_sc_hd__dfrtp_2)
                                         imem.pc[3] (net)
                  0.07    0.00    0.41 v _1412_/A (sky130_fd_sc_hd__or3_2)
     8    0.01    0.12    0.54    0.95 v _1412_/X (sky130_fd_sc_hd__or3_2)
                                         _0219_ (net)
                  0.12    0.00    0.95 v _1413_/B (sky130_fd_sc_hd__or2_2)
     5    0.01    0.08    0.32    1.27 v _1413_/X (sky130_fd_sc_hd__or2_2)
                                         _0220_ (net)
                  0.08    0.00    1.27 v _1427_/A (sky130_fd_sc_hd__buf_1)
    10    0.02    0.12    0.17    1.44 v _1427_/X (sky130_fd_sc_hd__buf_1)
                                         _0234_ (net)
                  0.12    0.00    1.44 v _1448_/A2 (sky130_fd_sc_hd__a21o_2)
     1    0.00    0.03    0.23    1.67 v _1448_/X (sky130_fd_sc_hd__a21o_2)
                                         _0255_ (net)
                  0.03    0.00    1.67 v _1452_/A2 (sky130_fd_sc_hd__a31o_2)
     3    0.00    0.04    0.22    1.90 v _1452_/X (sky130_fd_sc_hd__a31o_2)
                                         _0259_ (net)
                  0.04    0.00    1.90 v _1469_/A (sky130_fd_sc_hd__or4_2)
     2    0.00    0.10    0.65    2.55 v _1469_/X (sky130_fd_sc_hd__or4_2)
                                         _0276_ (net)
                  0.10    0.00    2.55 v _1932_/A (sky130_fd_sc_hd__or4_2)
     1    0.00    0.09    0.66    3.21 v _1932_/X (sky130_fd_sc_hd__or4_2)
                                         _0698_ (net)
                  0.09    0.00    3.21 v _1933_/A (sky130_fd_sc_hd__buf_1)
     8    0.02    0.13    0.20    3.40 v _1933_/X (sky130_fd_sc_hd__buf_1)
                                         _0699_ (net)
                  0.13    0.00    3.40 v _1968_/A2 (sky130_fd_sc_hd__a211o_2)
     2    0.00    0.05    0.36    3.76 v _1968_/X (sky130_fd_sc_hd__a211o_2)
                                         _0734_ (net)
                  0.05    0.00    3.76 v _1969_/C (sky130_fd_sc_hd__and3_2)
     3    0.01    0.04    0.21    3.97 v _1969_/X (sky130_fd_sc_hd__and3_2)
                                         _0735_ (net)
                  0.04    0.00    3.97 v _2017_/C (sky130_fd_sc_hd__or4b_2)
     2    0.00    0.10    0.60    4.57 v _2017_/X (sky130_fd_sc_hd__or4b_2)
                                         _0783_ (net)
                  0.10    0.00    4.57 v _2019_/C (sky130_fd_sc_hd__or4b_2)
     1    0.00    0.10    0.61    5.18 v _2019_/X (sky130_fd_sc_hd__or4b_2)
                                         _0785_ (net)
                  0.10    0.00    5.18 v _2020_/C1 (sky130_fd_sc_hd__a211o_2)
     4    0.01    0.08    0.32    5.50 v _2020_/X (sky130_fd_sc_hd__a211o_2)
                                         _0786_ (net)
                  0.08    0.00    5.50 v _2265_/A1 (sky130_fd_sc_hd__a2111o_2)
     2    0.00    0.07    0.42    5.93 v _2265_/X (sky130_fd_sc_hd__a2111o_2)
                                         _1031_ (net)
                  0.07    0.00    5.93 v _2300_/A1 (sky130_fd_sc_hd__a211o_2)
     5    0.01    0.08    0.33    6.26 v _2300_/X (sky130_fd_sc_hd__a211o_2)
                                         _1066_ (net)
                  0.08    0.00    6.26 v _2308_/A1 (sky130_fd_sc_hd__a21o_2)
     3    0.01    0.05    0.22    6.47 v _2308_/X (sky130_fd_sc_hd__a21o_2)
                                         _1074_ (net)
                  0.05    0.00    6.47 v _2328_/A2 (sky130_fd_sc_hd__a21oi_2)
     1    0.00    0.10    0.14    6.61 ^ _2328_/Y (sky130_fd_sc_hd__a21oi_2)
                                         _1094_ (net)
                  0.10    0.00    6.61 ^ _2330_/A (sky130_fd_sc_hd__nor2_2)
     1    0.00    0.03    0.05    6.66 v _2330_/Y (sky130_fd_sc_hd__nor2_2)
                                         _1096_ (net)
                  0.03    0.00    6.66 v _2331_/B1 (sky130_fd_sc_hd__a31o_2)
     1    0.00    0.03    0.20    6.85 v _2331_/X (sky130_fd_sc_hd__a31o_2)
                                         _1097_ (net)
                  0.03    0.00    6.85 v _2642_/A0 (sky130_fd_sc_hd__mux2_2)
     1    0.00    0.05    0.25    7.10 v _2642_/X (sky130_fd_sc_hd__mux2_2)
                                         _1285_ (net)
                  0.05    0.00    7.10 v _2643_/A (sky130_fd_sc_hd__buf_1)
     1    0.00    0.02    0.08    7.18 v _2643_/X (sky130_fd_sc_hd__buf_1)
                                         _0162_ (net)
                  0.02    0.00    7.18 v _2808_/D (sky130_fd_sc_hd__dfxtp_2)
                                  7.18   data arrival time

                  0.00   10.00   10.00   clock core_clock (rise edge)
                          0.00   10.00   clock network delay (ideal)
                          0.00   10.00   clock reconvergence pessimism
                                 10.00 ^ _2808_/CLK (sky130_fd_sc_hd__dfxtp_2)
                         -0.11    9.89   library setup time
                                  9.89   data required time
-----------------------------------------------------------------------------
                                  9.89   data required time
                                 -7.18   data arrival time
-----------------------------------------------------------------------------
                                  2.71   slack (MET)


Startpoint: _2816_ (rising edge-triggered flip-flop clocked by core_clock)
Endpoint: _2806_ (rising edge-triggered flip-flop clocked by core_clock)
Path Group: core_clock
Path Type: max

Fanout     Cap    Slew   Delay    Time   Description
-----------------------------------------------------------------------------
                  0.00    0.00    0.00   clock core_clock (rise edge)
                          0.00    0.00   clock network delay (ideal)
                  0.00    0.00    0.00 ^ _2816_/CLK (sky130_fd_sc_hd__dfrtp_2)
     7    0.02    0.07    0.41    0.41 v _2816_/Q (sky130_fd_sc_hd__dfrtp_2)
                                         imem.pc[3] (net)
                  0.07    0.00    0.41 v _1412_/A (sky130_fd_sc_hd__or3_2)
     8    0.01    0.12    0.54    0.95 v _1412_/X (sky130_fd_sc_hd__or3_2)
                                         _0219_ (net)
                  0.12    0.00    0.95 v _1413_/B (sky130_fd_sc_hd__or2_2)
     5    0.01    0.08    0.32    1.27 v _1413_/X (sky130_fd_sc_hd__or2_2)
                                         _0220_ (net)
                  0.08    0.00    1.27 v _1427_/A (sky130_fd_sc_hd__buf_1)
    10    0.02    0.12    0.17    1.44 v _1427_/X (sky130_fd_sc_hd__buf_1)
                                         _0234_ (net)
                  0.12    0.00    1.44 v _1448_/A2 (sky130_fd_sc_hd__a21o_2)
     1    0.00    0.03    0.23    1.67 v _1448_/X (sky130_fd_sc_hd__a21o_2)
                                         _0255_ (net)
                  0.03    0.00    1.67 v _1452_/A2 (sky130_fd_sc_hd__a31o_2)
     3    0.00    0.04    0.22    1.90 v _1452_/X (sky130_fd_sc_hd__a31o_2)
                                         _0259_ (net)
                  0.04    0.00    1.90 v _1469_/A (sky130_fd_sc_hd__or4_2)
     2    0.00    0.10    0.65    2.55 v _1469_/X (sky130_fd_sc_hd__or4_2)
                                         _0276_ (net)
                  0.10    0.00    2.55 v _1932_/A (sky130_fd_sc_hd__or4_2)
     1    0.00    0.09    0.66    3.21 v _1932_/X (sky130_fd_sc_hd__or4_2)
                                         _0698_ (net)
                  0.09    0.00    3.21 v _1933_/A (sky130_fd_sc_hd__buf_1)
     8    0.02    0.13    0.20    3.40 v _1933_/X (sky130_fd_sc_hd__buf_1)
                                         _0699_ (net)
                  0.13    0.00    3.40 v _1968_/A2 (sky130_fd_sc_hd__a211o_2)
     2    0.00    0.05    0.36    3.76 v _1968_/X (sky130_fd_sc_hd__a211o_2)
                                         _0734_ (net)
                  0.05    0.00    3.76 v _1969_/C (sky130_fd_sc_hd__and3_2)
     3    0.01    0.04    0.21    3.97 v _1969_/X (sky130_fd_sc_hd__and3_2)
                                         _0735_ (net)
                  0.04    0.00    3.97 v _2017_/C (sky130_fd_sc_hd__or4b_2)
     2    0.00    0.10    0.60    4.57 v _2017_/X (sky130_fd_sc_hd__or4b_2)
                                         _0783_ (net)
                  0.10    0.00    4.57 v _2019_/C (sky130_fd_sc_hd__or4b_2)
     1    0.00    0.10    0.61    5.18 v _2019_/X (sky130_fd_sc_hd__or4b_2)
                                         _0785_ (net)
                  0.10    0.00    5.18 v _2020_/C1 (sky130_fd_sc_hd__a211o_2)
     4    0.01    0.08    0.32    5.50 v _2020_/X (sky130_fd_sc_hd__a211o_2)
                                         _0786_ (net)
                  0.08    0.00    5.50 v _2265_/A1 (sky130_fd_sc_hd__a2111o_2)
     2    0.00    0.07    0.42    5.93 v _2265_/X (sky130_fd_sc_hd__a2111o_2)
                                         _1031_ (net)
                  0.07    0.00    5.93 v _2300_/A1 (sky130_fd_sc_hd__a211o_2)
     5    0.01    0.08    0.33    6.26 v _2300_/X (sky130_fd_sc_hd__a211o_2)
                                         _1066_ (net)
                  0.08    0.00    6.26 v _2301_/C (sky130_fd_sc_hd__and4bb_2)
     1    0.00    0.04    0.22    6.48 v _2301_/X (sky130_fd_sc_hd__and4bb_2)
                                         _1067_ (net)
                  0.04    0.00    6.48 v _2302_/B1 (sky130_fd_sc_hd__a31o_2)
     1    0.00    0.03    0.20    6.68 v _2302_/X (sky130_fd_sc_hd__a31o_2)
                                         _1068_ (net)
                  0.03    0.00    6.68 v _2638_/A0 (sky130_fd_sc_hd__mux2_2)
     1    0.00    0.05    0.25    6.93 v _2638_/X (sky130_fd_sc_hd__mux2_2)
                                         _1283_ (net)
                  0.05    0.00    6.93 v _2639_/A (sky130_fd_sc_hd__buf_1)
     1    0.00    0.02    0.08    7.01 v _2639_/X (sky130_fd_sc_hd__buf_1)
                                         _0160_ (net)
                  0.02    0.00    7.01 v _2806_/D (sky130_fd_sc_hd__dfxtp_2)
                                  7.01   data arrival time

                  0.00   10.00   10.00   clock core_clock (rise edge)
                          0.00   10.00   clock network delay (ideal)
                          0.00   10.00   clock reconvergence pessimism
                                 10.00 ^ _2806_/CLK (sky130_fd_sc_hd__dfxtp_2)
                         -0.11    9.89   library setup time
                                  9.89   data required time
-----------------------------------------------------------------------------
                                  9.89   data required time
                                 -7.01   data arrival time
-----------------------------------------------------------------------------
                                  2.88   slack (MET)


Startpoint: _2816_ (rising edge-triggered flip-flop clocked by core_clock)
Endpoint: _2807_ (rising edge-triggered flip-flop clocked by core_clock)
Path Group: core_clock
Path Type: max

Fanout     Cap    Slew   Delay    Time   Description
-----------------------------------------------------------------------------
                  0.00    0.00    0.00   clock core_clock (rise edge)
                          0.00    0.00   clock network delay (ideal)
                  0.00    0.00    0.00 ^ _2816_/CLK (sky130_fd_sc_hd__dfrtp_2)
     7    0.02    0.07    0.41    0.41 v _2816_/Q (sky130_fd_sc_hd__dfrtp_2)
                                         imem.pc[3] (net)
                  0.07    0.00    0.41 v _1412_/A (sky130_fd_sc_hd__or3_2)
     8    0.01    0.12    0.54    0.95 v _1412_/X (sky130_fd_sc_hd__or3_2)
                                         _0219_ (net)
                  0.12    0.00    0.95 v _1413_/B (sky130_fd_sc_hd__or2_2)
     5    0.01    0.08    0.32    1.27 v _1413_/X (sky130_fd_sc_hd__or2_2)
                                         _0220_ (net)
                  0.08    0.00    1.27 v _1427_/A (sky130_fd_sc_hd__buf_1)
    10    0.02    0.12    0.17    1.44 v _1427_/X (sky130_fd_sc_hd__buf_1)
                                         _0234_ (net)
                  0.12    0.00    1.44 v _1448_/A2 (sky130_fd_sc_hd__a21o_2)
     1    0.00    0.03    0.23    1.67 v _1448_/X (sky130_fd_sc_hd__a21o_2)
                                         _0255_ (net)
                  0.03    0.00    1.67 v _1452_/A2 (sky130_fd_sc_hd__a31o_2)
     3    0.00    0.04    0.22    1.90 v _1452_/X (sky130_fd_sc_hd__a31o_2)
                                         _0259_ (net)
                  0.04    0.00    1.90 v _1469_/A (sky130_fd_sc_hd__or4_2)
     2    0.00    0.10    0.65    2.55 v _1469_/X (sky130_fd_sc_hd__or4_2)
                                         _0276_ (net)
                  0.10    0.00    2.55 v _1932_/A (sky130_fd_sc_hd__or4_2)
     1    0.00    0.09    0.66    3.21 v _1932_/X (sky130_fd_sc_hd__or4_2)
                                         _0698_ (net)
                  0.09    0.00    3.21 v _1933_/A (sky130_fd_sc_hd__buf_1)
     8    0.02    0.13    0.20    3.40 v _1933_/X (sky130_fd_sc_hd__buf_1)
                                         _0699_ (net)
                  0.13    0.00    3.40 v _1968_/A2 (sky130_fd_sc_hd__a211o_2)
     2    0.00    0.05    0.36    3.76 v _1968_/X (sky130_fd_sc_hd__a211o_2)
                                         _0734_ (net)
                  0.05    0.00    3.76 v _1969_/C (sky130_fd_sc_hd__and3_2)
     3    0.01    0.04    0.21    3.97 v _1969_/X (sky130_fd_sc_hd__and3_2)
                                         _0735_ (net)
                  0.04    0.00    3.97 v _2017_/C (sky130_fd_sc_hd__or4b_2)
     2    0.00    0.10    0.60    4.57 v _2017_/X (sky130_fd_sc_hd__or4b_2)
                                         _0783_ (net)
                  0.10    0.00    4.57 v _2019_/C (sky130_fd_sc_hd__or4b_2)
     1    0.00    0.10    0.61    5.18 v _2019_/X (sky130_fd_sc_hd__or4b_2)
                                         _0785_ (net)
                  0.10    0.00    5.18 v _2020_/C1 (sky130_fd_sc_hd__a211o_2)
     4    0.01    0.08    0.32    5.50 v _2020_/X (sky130_fd_sc_hd__a211o_2)
                                         _0786_ (net)
                  0.08    0.00    5.50 v _2265_/A1 (sky130_fd_sc_hd__a2111o_2)
     2    0.00    0.07    0.42    5.93 v _2265_/X (sky130_fd_sc_hd__a2111o_2)
                                         _1031_ (net)
                  0.07    0.00    5.93 v _2300_/A1 (sky130_fd_sc_hd__a211o_2)
     5    0.01    0.08    0.33    6.26 v _2300_/X (sky130_fd_sc_hd__a211o_2)
                                         _1066_ (net)
                  0.08    0.00    6.26 v _2308_/A1 (sky130_fd_sc_hd__a21o_2)
     3    0.01    0.05    0.22    6.47 v _2308_/X (sky130_fd_sc_hd__a21o_2)
                                         _1074_ (net)
                  0.05    0.00    6.47 v _2315_/A1 (sky130_fd_sc_hd__a21o_2)
     1    0.00    0.03    0.18    6.65 v _2315_/X (sky130_fd_sc_hd__a21o_2)
                                         _1081_ (net)
                  0.03    0.00    6.65 v _2640_/A0 (sky130_fd_sc_hd__mux2_2)
     1    0.00    0.05    0.24    6.90 v _2640_/X (sky130_fd_sc_hd__mux2_2)
                                         _1284_ (net)
                  0.05    0.00    6.90 v _2641_/A (sky130_fd_sc_hd__buf_1)
     1    0.00    0.02    0.08    6.98 v _2641_/X (sky130_fd_sc_hd__buf_1)
                                         _0161_ (net)
                  0.02    0.00    6.98 v _2807_/D (sky130_fd_sc_hd__dfxtp_2)
                                  6.98   data arrival time

                  0.00   10.00   10.00   clock core_clock (rise edge)
                          0.00   10.00   clock network delay (ideal)
                          0.00   10.00   clock reconvergence pessimism
                                 10.00 ^ _2807_/CLK (sky130_fd_sc_hd__dfxtp_2)
                         -0.11    9.89   library setup time
                                  9.89   data required time
-----------------------------------------------------------------------------
                                  9.89   data required time
                                 -6.98   data arrival time
-----------------------------------------------------------------------------
                                  2.91   slack (MET)


Startpoint: _2816_ (rising edge-triggered flip-flop clocked by core_clock)
Endpoint: _2805_ (rising edge-triggered flip-flop clocked by core_clock)
Path Group: core_clock
Path Type: max

Fanout     Cap    Slew   Delay    Time   Description
-----------------------------------------------------------------------------
                  0.00    0.00    0.00   clock core_clock (rise edge)
                          0.00    0.00   clock network delay (ideal)
                  0.00    0.00    0.00 ^ _2816_/CLK (sky130_fd_sc_hd__dfrtp_2)
     7    0.02    0.07    0.41    0.41 v _2816_/Q (sky130_fd_sc_hd__dfrtp_2)
                                         imem.pc[3] (net)
                  0.07    0.00    0.41 v _1412_/A (sky130_fd_sc_hd__or3_2)
     8    0.01    0.12    0.54    0.95 v _1412_/X (sky130_fd_sc_hd__or3_2)
                                         _0219_ (net)
                  0.12    0.00    0.95 v _1413_/B (sky130_fd_sc_hd__or2_2)
     5    0.01    0.08    0.32    1.27 v _1413_/X (sky130_fd_sc_hd__or2_2)
                                         _0220_ (net)
                  0.08    0.00    1.27 v _1427_/A (sky130_fd_sc_hd__buf_1)
    10    0.02    0.12    0.17    1.44 v _1427_/X (sky130_fd_sc_hd__buf_1)
                                         _0234_ (net)
                  0.12    0.00    1.44 v _1448_/A2 (sky130_fd_sc_hd__a21o_2)
     1    0.00    0.03    0.23    1.67 v _1448_/X (sky130_fd_sc_hd__a21o_2)
                                         _0255_ (net)
                  0.03    0.00    1.67 v _1452_/A2 (sky130_fd_sc_hd__a31o_2)
     3    0.00    0.04    0.22    1.90 v _1452_/X (sky130_fd_sc_hd__a31o_2)
                                         _0259_ (net)
                  0.04    0.00    1.90 v _1469_/A (sky130_fd_sc_hd__or4_2)
     2    0.00    0.10    0.65    2.55 v _1469_/X (sky130_fd_sc_hd__or4_2)
                                         _0276_ (net)
                  0.10    0.00    2.55 v _1932_/A (sky130_fd_sc_hd__or4_2)
     1    0.00    0.09    0.66    3.21 v _1932_/X (sky130_fd_sc_hd__or4_2)
                                         _0698_ (net)
                  0.09    0.00    3.21 v _1933_/A (sky130_fd_sc_hd__buf_1)
     8    0.02    0.13    0.20    3.40 v _1933_/X (sky130_fd_sc_hd__buf_1)
                                         _0699_ (net)
                  0.13    0.00    3.40 v _1968_/A2 (sky130_fd_sc_hd__a211o_2)
     2    0.00    0.05    0.36    3.76 v _1968_/X (sky130_fd_sc_hd__a211o_2)
                                         _0734_ (net)
                  0.05    0.00    3.76 v _1969_/C (sky130_fd_sc_hd__and3_2)
     3    0.01    0.04    0.21    3.97 v _1969_/X (sky130_fd_sc_hd__and3_2)
                                         _0735_ (net)
                  0.04    0.00    3.97 v _2017_/C (sky130_fd_sc_hd__or4b_2)
     2    0.00    0.10    0.60    4.57 v _2017_/X (sky130_fd_sc_hd__or4b_2)
                                         _0783_ (net)
                  0.10    0.00    4.57 v _2019_/C (sky130_fd_sc_hd__or4b_2)
     1    0.00    0.10    0.61    5.18 v _2019_/X (sky130_fd_sc_hd__or4b_2)
                                         _0785_ (net)
                  0.10    0.00    5.18 v _2020_/C1 (sky130_fd_sc_hd__a211o_2)
     4    0.01    0.08    0.32    5.50 v _2020_/X (sky130_fd_sc_hd__a211o_2)
                                         _0786_ (net)
                  0.08    0.00    5.50 v _2265_/A1 (sky130_fd_sc_hd__a2111o_2)
     2    0.00    0.07    0.42    5.93 v _2265_/X (sky130_fd_sc_hd__a2111o_2)
                                         _1031_ (net)
                  0.07    0.00    5.93 v _2273_/A (sky130_fd_sc_hd__and2_2)
     2    0.01    0.06    0.20    6.12 v _2273_/X (sky130_fd_sc_hd__and2_2)
                                         _1039_ (net)
                  0.06    0.00    6.12 v _2278_/A (sky130_fd_sc_hd__xor2_2)
     1    0.00    0.04    0.16    6.29 v _2278_/X (sky130_fd_sc_hd__xor2_2)
                                         _1044_ (net)
                  0.04    0.00    6.29 v _2286_/A2 (sky130_fd_sc_hd__a22o_2)
     1    0.00    0.04    0.24    6.53 v _2286_/X (sky130_fd_sc_hd__a22o_2)
                                         _1052_ (net)
                  0.04    0.00    6.53 v _2636_/A0 (sky130_fd_sc_hd__mux2_2)
     1    0.00    0.05    0.25    6.77 v _2636_/X (sky130_fd_sc_hd__mux2_2)
                                         _1282_ (net)
                  0.05    0.00    6.77 v _2637_/A (sky130_fd_sc_hd__buf_1)
     1    0.00    0.02    0.08    6.86 v _2637_/X (sky130_fd_sc_hd__buf_1)
                                         _0159_ (net)
                  0.02    0.00    6.86 v _2805_/D (sky130_fd_sc_hd__dfxtp_2)
                                  6.86   data arrival time

                  0.00   10.00   10.00   clock core_clock (rise edge)
                          0.00   10.00   clock network delay (ideal)
                          0.00   10.00   clock reconvergence pessimism
                                 10.00 ^ _2805_/CLK (sky130_fd_sc_hd__dfxtp_2)
                         -0.11    9.89   library setup time
                                  9.89   data required time
-----------------------------------------------------------------------------
                                  9.89   data required time
                                 -6.86   data arrival time
-----------------------------------------------------------------------------
                                  3.03   slack (MET)


Startpoint: _2816_ (rising edge-triggered flip-flop clocked by core_clock)
Endpoint: _2803_ (rising edge-triggered flip-flop clocked by core_clock)
Path Group: core_clock
Path Type: max

Fanout     Cap    Slew   Delay    Time   Description
-----------------------------------------------------------------------------
                  0.00    0.00    0.00   clock core_clock (rise edge)
                          0.00    0.00   clock network delay (ideal)
                  0.00    0.00    0.00 ^ _2816_/CLK (sky130_fd_sc_hd__dfrtp_2)
     7    0.02    0.07    0.41    0.41 v _2816_/Q (sky130_fd_sc_hd__dfrtp_2)
                                         imem.pc[3] (net)
                  0.07    0.00    0.41 v _1412_/A (sky130_fd_sc_hd__or3_2)
     8    0.01    0.12    0.54    0.95 v _1412_/X (sky130_fd_sc_hd__or3_2)
                                         _0219_ (net)
                  0.12    0.00    0.95 v _1413_/B (sky130_fd_sc_hd__or2_2)
     5    0.01    0.08    0.32    1.27 v _1413_/X (sky130_fd_sc_hd__or2_2)
                                         _0220_ (net)
                  0.08    0.00    1.27 v _1427_/A (sky130_fd_sc_hd__buf_1)
    10    0.02    0.12    0.17    1.44 v _1427_/X (sky130_fd_sc_hd__buf_1)
                                         _0234_ (net)
                  0.12    0.00    1.44 v _1448_/A2 (sky130_fd_sc_hd__a21o_2)
     1    0.00    0.03    0.23    1.67 v _1448_/X (sky130_fd_sc_hd__a21o_2)
                                         _0255_ (net)
                  0.03    0.00    1.67 v _1452_/A2 (sky130_fd_sc_hd__a31o_2)
     3    0.00    0.04    0.22    1.90 v _1452_/X (sky130_fd_sc_hd__a31o_2)
                                         _0259_ (net)
                  0.04    0.00    1.90 v _1469_/A (sky130_fd_sc_hd__or4_2)
     2    0.00    0.10    0.65    2.55 v _1469_/X (sky130_fd_sc_hd__or4_2)
                                         _0276_ (net)
                  0.10    0.00    2.55 v _1932_/A (sky130_fd_sc_hd__or4_2)
     1    0.00    0.09    0.66    3.21 v _1932_/X (sky130_fd_sc_hd__or4_2)
                                         _0698_ (net)
                  0.09    0.00    3.21 v _1933_/A (sky130_fd_sc_hd__buf_1)
     8    0.02    0.13    0.20    3.40 v _1933_/X (sky130_fd_sc_hd__buf_1)
                                         _0699_ (net)
                  0.13    0.00    3.40 v _1968_/A2 (sky130_fd_sc_hd__a211o_2)
     2    0.00    0.05    0.36    3.76 v _1968_/X (sky130_fd_sc_hd__a211o_2)
                                         _0734_ (net)
                  0.05    0.00    3.76 v _1969_/C (sky130_fd_sc_hd__and3_2)
     3    0.01    0.04    0.21    3.97 v _1969_/X (sky130_fd_sc_hd__and3_2)
                                         _0735_ (net)
                  0.04    0.00    3.97 v _2017_/C (sky130_fd_sc_hd__or4b_2)
     2    0.00    0.10    0.60    4.57 v _2017_/X (sky130_fd_sc_hd__or4b_2)
                                         _0783_ (net)
                  0.10    0.00    4.57 v _2019_/C (sky130_fd_sc_hd__or4b_2)
     1    0.00    0.10    0.61    5.18 v _2019_/X (sky130_fd_sc_hd__or4b_2)
                                         _0785_ (net)
                  0.10    0.00    5.18 v _2020_/C1 (sky130_fd_sc_hd__a211o_2)
     4    0.01    0.08    0.32    5.50 v _2020_/X (sky130_fd_sc_hd__a211o_2)
                                         _0786_ (net)
                  0.08    0.00    5.50 v _2188_/A1 (sky130_fd_sc_hd__a211o_2)
     3    0.01    0.07    0.32    5.82 v _2188_/X (sky130_fd_sc_hd__a211o_2)
                                         _0954_ (net)
                  0.07    0.00    5.82 v _2220_/A2 (sky130_fd_sc_hd__a21o_2)
     3    0.01    0.05    0.23    6.05 v _2220_/X (sky130_fd_sc_hd__a21o_2)
                                         _0986_ (net)
                  0.05    0.00    6.05 v _2245_/A1 (sky130_fd_sc_hd__a21o_2)
     3    0.01    0.06    0.21    6.26 v _2245_/X (sky130_fd_sc_hd__a21o_2)
                                         _1011_ (net)
                  0.06    0.00    6.26 v _2246_/B (sky130_fd_sc_hd__nand2_2)
     1    0.00    0.05    0.06    6.32 ^ _2246_/Y (sky130_fd_sc_hd__nand2_2)
                                         _1012_ (net)
                  0.05    0.00    6.32 ^ _2247_/B1 (sky130_fd_sc_hd__a31o_2)
     1    0.00    0.05    0.10    6.42 ^ _2247_/X (sky130_fd_sc_hd__a31o_2)
                                         _1013_ (net)
                  0.05    0.00    6.42 ^ _2248_/B1 (sky130_fd_sc_hd__o21ai_2)
     1    0.00    0.06    0.04    6.46 v _2248_/Y (sky130_fd_sc_hd__o21ai_2)
                                         _1014_ (net)
                  0.06    0.00    6.46 v _2632_/A0 (sky130_fd_sc_hd__mux2_2)
     1    0.00    0.05    0.25    6.71 v _2632_/X (sky130_fd_sc_hd__mux2_2)
                                         _1280_ (net)
                  0.05    0.00    6.71 v _2633_/A (sky130_fd_sc_hd__buf_1)
     1    0.00    0.02    0.08    6.80 v _2633_/X (sky130_fd_sc_hd__buf_1)
                                         _0157_ (net)
                  0.02    0.00    6.80 v _2803_/D (sky130_fd_sc_hd__dfxtp_2)
                                  6.80   data arrival time

                  0.00   10.00   10.00   clock core_clock (rise edge)
                          0.00   10.00   clock network delay (ideal)
                          0.00   10.00   clock reconvergence pessimism
                                 10.00 ^ _2803_/CLK (sky130_fd_sc_hd__dfxtp_2)
                         -0.11    9.89   library setup time
                                  9.89   data required time
-----------------------------------------------------------------------------
                                  9.89   data required time
                                 -6.80   data arrival time
-----------------------------------------------------------------------------
                                  3.09   slack (MET)


Startpoint: _2816_ (rising edge-triggered flip-flop clocked by core_clock)
Endpoint: _2804_ (rising edge-triggered flip-flop clocked by core_clock)
Path Group: core_clock
Path Type: max

Fanout     Cap    Slew   Delay    Time   Description
-----------------------------------------------------------------------------
                  0.00    0.00    0.00   clock core_clock (rise edge)
                          0.00    0.00   clock network delay (ideal)
                  0.00    0.00    0.00 ^ _2816_/CLK (sky130_fd_sc_hd__dfrtp_2)
     7    0.02    0.07    0.41    0.41 v _2816_/Q (sky130_fd_sc_hd__dfrtp_2)
                                         imem.pc[3] (net)
                  0.07    0.00    0.41 v _1412_/A (sky130_fd_sc_hd__or3_2)
     8    0.01    0.12    0.54    0.95 v _1412_/X (sky130_fd_sc_hd__or3_2)
                                         _0219_ (net)
                  0.12    0.00    0.95 v _1413_/B (sky130_fd_sc_hd__or2_2)
     5    0.01    0.08    0.32    1.27 v _1413_/X (sky130_fd_sc_hd__or2_2)
                                         _0220_ (net)
                  0.08    0.00    1.27 v _1427_/A (sky130_fd_sc_hd__buf_1)
    10    0.02    0.12    0.17    1.44 v _1427_/X (sky130_fd_sc_hd__buf_1)
                                         _0234_ (net)
                  0.12    0.00    1.44 v _1448_/A2 (sky130_fd_sc_hd__a21o_2)
     1    0.00    0.03    0.23    1.67 v _1448_/X (sky130_fd_sc_hd__a21o_2)
                                         _0255_ (net)
                  0.03    0.00    1.67 v _1452_/A2 (sky130_fd_sc_hd__a31o_2)
     3    0.00    0.04    0.22    1.90 v _1452_/X (sky130_fd_sc_hd__a31o_2)
                                         _0259_ (net)
                  0.04    0.00    1.90 v _1469_/A (sky130_fd_sc_hd__or4_2)
     2    0.00    0.10    0.65    2.55 v _1469_/X (sky130_fd_sc_hd__or4_2)
                                         _0276_ (net)
                  0.10    0.00    2.55 v _1932_/A (sky130_fd_sc_hd__or4_2)
     1    0.00    0.09    0.66    3.21 v _1932_/X (sky130_fd_sc_hd__or4_2)
                                         _0698_ (net)
                  0.09    0.00    3.21 v _1933_/A (sky130_fd_sc_hd__buf_1)
     8    0.02    0.13    0.20    3.40 v _1933_/X (sky130_fd_sc_hd__buf_1)
                                         _0699_ (net)
                  0.13    0.00    3.40 v _1968_/A2 (sky130_fd_sc_hd__a211o_2)
     2    0.00    0.05    0.36    3.76 v _1968_/X (sky130_fd_sc_hd__a211o_2)
                                         _0734_ (net)
                  0.05    0.00    3.76 v _1969_/C (sky130_fd_sc_hd__and3_2)
     3    0.01    0.04    0.21    3.97 v _1969_/X (sky130_fd_sc_hd__and3_2)
                                         _0735_ (net)
                  0.04    0.00    3.97 v _2017_/C (sky130_fd_sc_hd__or4b_2)
     2    0.00    0.10    0.60    4.57 v _2017_/X (sky130_fd_sc_hd__or4b_2)
                                         _0783_ (net)
                  0.10    0.00    4.57 v _2019_/C (sky130_fd_sc_hd__or4b_2)
     1    0.00    0.10    0.61    5.18 v _2019_/X (sky130_fd_sc_hd__or4b_2)
                                         _0785_ (net)
                  0.10    0.00    5.18 v _2020_/C1 (sky130_fd_sc_hd__a211o_2)
     4    0.01    0.08    0.32    5.50 v _2020_/X (sky130_fd_sc_hd__a211o_2)
                                         _0786_ (net)
                  0.08    0.00    5.50 v _2188_/A1 (sky130_fd_sc_hd__a211o_2)
     3    0.01    0.07    0.32    5.82 v _2188_/X (sky130_fd_sc_hd__a211o_2)
                                         _0954_ (net)
                  0.07    0.00    5.82 v _2220_/A2 (sky130_fd_sc_hd__a21o_2)
     3    0.01    0.05    0.23    6.05 v _2220_/X (sky130_fd_sc_hd__a21o_2)
                                         _0986_ (net)
                  0.05    0.00    6.05 v _2245_/A1 (sky130_fd_sc_hd__a21o_2)
     3    0.01    0.06    0.21    6.26 v _2245_/X (sky130_fd_sc_hd__a21o_2)
                                         _1011_ (net)
                  0.06    0.00    6.26 v _2255_/A2 (sky130_fd_sc_hd__a21oi_2)
     1    0.01    0.10    0.14    6.40 ^ _2255_/Y (sky130_fd_sc_hd__a21oi_2)
                                         _1021_ (net)
                  0.10    0.00    6.40 ^ _2263_/A1 (sky130_fd_sc_hd__o21ai_2)
     1    0.00    0.03    0.06    6.47 v _2263_/Y (sky130_fd_sc_hd__o21ai_2)
                                         _1029_ (net)
                  0.03    0.00    6.47 v _2634_/A0 (sky130_fd_sc_hd__mux2_2)
     1    0.00    0.05    0.24    6.71 v _2634_/X (sky130_fd_sc_hd__mux2_2)
                                         _1281_ (net)
                  0.05    0.00    6.71 v _2635_/A (sky130_fd_sc_hd__buf_1)
     1    0.00    0.02    0.08    6.79 v _2635_/X (sky130_fd_sc_hd__buf_1)
                                         _0158_ (net)
                  0.02    0.00    6.79 v _2804_/D (sky130_fd_sc_hd__dfxtp_2)
                                  6.79   data arrival time

                  0.00   10.00   10.00   clock core_clock (rise edge)
                          0.00   10.00   clock network delay (ideal)
                          0.00   10.00   clock reconvergence pessimism
                                 10.00 ^ _2804_/CLK (sky130_fd_sc_hd__dfxtp_2)
                         -0.11    9.89   library setup time
                                  9.89   data required time
-----------------------------------------------------------------------------
                                  9.89   data required time
                                 -6.79   data arrival time
-----------------------------------------------------------------------------
                                  3.09   slack (MET)


Startpoint: _2816_ (rising edge-triggered flip-flop clocked by core_clock)
Endpoint: _2802_ (rising edge-triggered flip-flop clocked by core_clock)
Path Group: core_clock
Path Type: max

Fanout     Cap    Slew   Delay    Time   Description
-----------------------------------------------------------------------------
                  0.00    0.00    0.00   clock core_clock (rise edge)
                          0.00    0.00   clock network delay (ideal)
                  0.00    0.00    0.00 ^ _2816_/CLK (sky130_fd_sc_hd__dfrtp_2)
     7    0.02    0.07    0.41    0.41 v _2816_/Q (sky130_fd_sc_hd__dfrtp_2)
                                         imem.pc[3] (net)
                  0.07    0.00    0.41 v _1412_/A (sky130_fd_sc_hd__or3_2)
     8    0.01    0.12    0.54    0.95 v _1412_/X (sky130_fd_sc_hd__or3_2)
                                         _0219_ (net)
                  0.12    0.00    0.95 v _1413_/B (sky130_fd_sc_hd__or2_2)
     5    0.01    0.08    0.32    1.27 v _1413_/X (sky130_fd_sc_hd__or2_2)
                                         _0220_ (net)
                  0.08    0.00    1.27 v _1427_/A (sky130_fd_sc_hd__buf_1)
    10    0.02    0.12    0.17    1.44 v _1427_/X (sky130_fd_sc_hd__buf_1)
                                         _0234_ (net)
                  0.12    0.00    1.44 v _1448_/A2 (sky130_fd_sc_hd__a21o_2)
     1    0.00    0.03    0.23    1.67 v _1448_/X (sky130_fd_sc_hd__a21o_2)
                                         _0255_ (net)
                  0.03    0.00    1.67 v _1452_/A2 (sky130_fd_sc_hd__a31o_2)
     3    0.00    0.04    0.22    1.90 v _1452_/X (sky130_fd_sc_hd__a31o_2)
                                         _0259_ (net)
                  0.04    0.00    1.90 v _1469_/A (sky130_fd_sc_hd__or4_2)
     2    0.00    0.10    0.65    2.55 v _1469_/X (sky130_fd_sc_hd__or4_2)
                                         _0276_ (net)
                  0.10    0.00    2.55 v _1932_/A (sky130_fd_sc_hd__or4_2)
     1    0.00    0.09    0.66    3.21 v _1932_/X (sky130_fd_sc_hd__or4_2)
                                         _0698_ (net)
                  0.09    0.00    3.21 v _1933_/A (sky130_fd_sc_hd__buf_1)
     8    0.02    0.13    0.20    3.40 v _1933_/X (sky130_fd_sc_hd__buf_1)
                                         _0699_ (net)
                  0.13    0.00    3.40 v _1968_/A2 (sky130_fd_sc_hd__a211o_2)
     2    0.00    0.05    0.36    3.76 v _1968_/X (sky130_fd_sc_hd__a211o_2)
                                         _0734_ (net)
                  0.05    0.00    3.76 v _1969_/C (sky130_fd_sc_hd__and3_2)
     3    0.01    0.04    0.21    3.97 v _1969_/X (sky130_fd_sc_hd__and3_2)
                                         _0735_ (net)
                  0.04    0.00    3.97 v _2017_/C (sky130_fd_sc_hd__or4b_2)
     2    0.00    0.10    0.60    4.57 v _2017_/X (sky130_fd_sc_hd__or4b_2)
                                         _0783_ (net)
                  0.10    0.00    4.57 v _2019_/C (sky130_fd_sc_hd__or4b_2)
     1    0.00    0.10    0.61    5.18 v _2019_/X (sky130_fd_sc_hd__or4b_2)
                                         _0785_ (net)
                  0.10    0.00    5.18 v _2020_/C1 (sky130_fd_sc_hd__a211o_2)
     4    0.01    0.08    0.32    5.50 v _2020_/X (sky130_fd_sc_hd__a211o_2)
                                         _0786_ (net)
                  0.08    0.00    5.50 v _2188_/A1 (sky130_fd_sc_hd__a211o_2)
     3    0.01    0.07    0.32    5.82 v _2188_/X (sky130_fd_sc_hd__a211o_2)
                                         _0954_ (net)
                  0.07    0.00    5.82 v _2191_/A2 (sky130_fd_sc_hd__a21o_2)
     2    0.00    0.04    0.22    6.04 v _2191_/X (sky130_fd_sc_hd__a21o_2)
                                         _0957_ (net)
                  0.04    0.00    6.04 v _2223_/A2 (sky130_fd_sc_hd__a31o_2)
     1    0.00    0.04    0.23    6.27 v _2223_/X (sky130_fd_sc_hd__a31o_2)
                                         _0989_ (net)
                  0.04    0.00    6.27 v _2225_/A (sky130_fd_sc_hd__nor2_2)
     1    0.00    0.06    0.09    6.36 ^ _2225_/Y (sky130_fd_sc_hd__nor2_2)
                                         _0991_ (net)
                  0.06    0.00    6.36 ^ _2232_/A2 (sky130_fd_sc_hd__a21bo_2)
     1    0.00    0.03    0.11    6.47 ^ _2232_/X (sky130_fd_sc_hd__a21bo_2)
                                         _0998_ (net)
                  0.03    0.00    6.47 ^ _2630_/A0 (sky130_fd_sc_hd__mux2_2)
     1    0.00    0.04    0.12    6.60 ^ _2630_/X (sky130_fd_sc_hd__mux2_2)
                                         _1279_ (net)
                  0.04    0.00    6.60 ^ _2631_/A (sky130_fd_sc_hd__buf_1)
     1    0.00    0.03    0.07    6.67 ^ _2631_/X (sky130_fd_sc_hd__buf_1)
                                         _0156_ (net)
                  0.03    0.00    6.67 ^ _2802_/D (sky130_fd_sc_hd__dfxtp_2)
                                  6.67   data arrival time

                  0.00   10.00   10.00   clock core_clock (rise edge)
                          0.00   10.00   clock network delay (ideal)
                          0.00   10.00   clock reconvergence pessimism
                                 10.00 ^ _2802_/CLK (sky130_fd_sc_hd__dfxtp_2)
                         -0.06    9.94   library setup time
                                  9.94   data required time
-----------------------------------------------------------------------------
                                  9.94   data required time
                                 -6.67   data arrival time
-----------------------------------------------------------------------------
                                  3.27   slack (MET)


Startpoint: _2816_ (rising edge-triggered flip-flop clocked by core_clock)
Endpoint: _2801_ (rising edge-triggered flip-flop clocked by core_clock)
Path Group: core_clock
Path Type: max

Fanout     Cap    Slew   Delay    Time   Description
-----------------------------------------------------------------------------
                  0.00    0.00    0.00   clock core_clock (rise edge)
                          0.00    0.00   clock network delay (ideal)
                  0.00    0.00    0.00 ^ _2816_/CLK (sky130_fd_sc_hd__dfrtp_2)
     7    0.02    0.07    0.41    0.41 v _2816_/Q (sky130_fd_sc_hd__dfrtp_2)
                                         imem.pc[3] (net)
                  0.07    0.00    0.41 v _1412_/A (sky130_fd_sc_hd__or3_2)
     8    0.01    0.12    0.54    0.95 v _1412_/X (sky130_fd_sc_hd__or3_2)
                                         _0219_ (net)
                  0.12    0.00    0.95 v _1413_/B (sky130_fd_sc_hd__or2_2)
     5    0.01    0.08    0.32    1.27 v _1413_/X (sky130_fd_sc_hd__or2_2)
                                         _0220_ (net)
                  0.08    0.00    1.27 v _1427_/A (sky130_fd_sc_hd__buf_1)
    10    0.02    0.12    0.17    1.44 v _1427_/X (sky130_fd_sc_hd__buf_1)
                                         _0234_ (net)
                  0.12    0.00    1.44 v _1448_/A2 (sky130_fd_sc_hd__a21o_2)
     1    0.00    0.03    0.23    1.67 v _1448_/X (sky130_fd_sc_hd__a21o_2)
                                         _0255_ (net)
                  0.03    0.00    1.67 v _1452_/A2 (sky130_fd_sc_hd__a31o_2)
     3    0.00    0.04    0.22    1.90 v _1452_/X (sky130_fd_sc_hd__a31o_2)
                                         _0259_ (net)
                  0.04    0.00    1.90 v _1469_/A (sky130_fd_sc_hd__or4_2)
     2    0.00    0.10    0.65    2.55 v _1469_/X (sky130_fd_sc_hd__or4_2)
                                         _0276_ (net)
                  0.10    0.00    2.55 v _1932_/A (sky130_fd_sc_hd__or4_2)
     1    0.00    0.09    0.66    3.21 v _1932_/X (sky130_fd_sc_hd__or4_2)
                                         _0698_ (net)
                  0.09    0.00    3.21 v _1933_/A (sky130_fd_sc_hd__buf_1)
     8    0.02    0.13    0.20    3.40 v _1933_/X (sky130_fd_sc_hd__buf_1)
                                         _0699_ (net)
                  0.13    0.00    3.40 v _1968_/A2 (sky130_fd_sc_hd__a211o_2)
     2    0.00    0.05    0.36    3.76 v _1968_/X (sky130_fd_sc_hd__a211o_2)
                                         _0734_ (net)
                  0.05    0.00    3.76 v _1969_/C (sky130_fd_sc_hd__and3_2)
     3    0.01    0.04    0.21    3.97 v _1969_/X (sky130_fd_sc_hd__and3_2)
                                         _0735_ (net)
                  0.04    0.00    3.97 v _2017_/C (sky130_fd_sc_hd__or4b_2)
     2    0.00    0.10    0.60    4.57 v _2017_/X (sky130_fd_sc_hd__or4b_2)
                                         _0783_ (net)
                  0.10    0.00    4.57 v _2019_/C (sky130_fd_sc_hd__or4b_2)
     1    0.00    0.10    0.61    5.18 v _2019_/X (sky130_fd_sc_hd__or4b_2)
                                         _0785_ (net)
                  0.10    0.00    5.18 v _2020_/C1 (sky130_fd_sc_hd__a211o_2)
     4    0.01    0.08    0.32    5.50 v _2020_/X (sky130_fd_sc_hd__a211o_2)
                                         _0786_ (net)
                  0.08    0.00    5.50 v _2188_/A1 (sky130_fd_sc_hd__a211o_2)
     3    0.01    0.07    0.32    5.82 v _2188_/X (sky130_fd_sc_hd__a211o_2)
                                         _0954_ (net)
                  0.07    0.00    5.82 v _2191_/A2 (sky130_fd_sc_hd__a21o_2)
     2    0.00    0.04    0.22    6.04 v _2191_/X (sky130_fd_sc_hd__a21o_2)
                                         _0957_ (net)
                  0.04    0.00    6.04 v _2210_/A2 (sky130_fd_sc_hd__a31o_2)
     1    0.00    0.03    0.22    6.26 v _2210_/X (sky130_fd_sc_hd__a31o_2)
                                         _0976_ (net)
                  0.03    0.00    6.26 v _2628_/A0 (sky130_fd_sc_hd__mux2_2)
     1    0.00    0.05    0.25    6.50 v _2628_/X (sky130_fd_sc_hd__mux2_2)
                                         _1278_ (net)
                  0.05    0.00    6.50 v _2629_/A (sky130_fd_sc_hd__buf_1)
     1    0.00    0.02    0.08    6.59 v _2629_/X (sky130_fd_sc_hd__buf_1)
                                         _0155_ (net)
                  0.02    0.00    6.59 v _2801_/D (sky130_fd_sc_hd__dfxtp_2)
                                  6.59   data arrival time

                  0.00   10.00   10.00   clock core_clock (rise edge)
                          0.00   10.00   clock network delay (ideal)
                          0.00   10.00   clock reconvergence pessimism
                                 10.00 ^ _2801_/CLK (sky130_fd_sc_hd__dfxtp_2)
                         -0.11    9.89   library setup time
                                  9.89   data required time
-----------------------------------------------------------------------------
                                  9.89   data required time
                                 -6.59   data arrival time
-----------------------------------------------------------------------------
                                  3.30   slack (MET)


Startpoint: _2816_ (rising edge-triggered flip-flop clocked by core_clock)
Endpoint: _2800_ (rising edge-triggered flip-flop clocked by core_clock)
Path Group: core_clock
Path Type: max

Fanout     Cap    Slew   Delay    Time   Description
-----------------------------------------------------------------------------
                  0.00    0.00    0.00   clock core_clock (rise edge)
                          0.00    0.00   clock network delay (ideal)
                  0.00    0.00    0.00 ^ _2816_/CLK (sky130_fd_sc_hd__dfrtp_2)
     7    0.02    0.07    0.41    0.41 v _2816_/Q (sky130_fd_sc_hd__dfrtp_2)
                                         imem.pc[3] (net)
                  0.07    0.00    0.41 v _1412_/A (sky130_fd_sc_hd__or3_2)
     8    0.01    0.12    0.54    0.95 v _1412_/X (sky130_fd_sc_hd__or3_2)
                                         _0219_ (net)
                  0.12    0.00    0.95 v _1413_/B (sky130_fd_sc_hd__or2_2)
     5    0.01    0.08    0.32    1.27 v _1413_/X (sky130_fd_sc_hd__or2_2)
                                         _0220_ (net)
                  0.08    0.00    1.27 v _1427_/A (sky130_fd_sc_hd__buf_1)
    10    0.02    0.12    0.17    1.44 v _1427_/X (sky130_fd_sc_hd__buf_1)
                                         _0234_ (net)
                  0.12    0.00    1.44 v _1448_/A2 (sky130_fd_sc_hd__a21o_2)
     1    0.00    0.03    0.23    1.67 v _1448_/X (sky130_fd_sc_hd__a21o_2)
                                         _0255_ (net)
                  0.03    0.00    1.67 v _1452_/A2 (sky130_fd_sc_hd__a31o_2)
     3    0.00    0.04    0.22    1.90 v _1452_/X (sky130_fd_sc_hd__a31o_2)
                                         _0259_ (net)
                  0.04    0.00    1.90 v _1469_/A (sky130_fd_sc_hd__or4_2)
     2    0.00    0.10    0.65    2.55 v _1469_/X (sky130_fd_sc_hd__or4_2)
                                         _0276_ (net)
                  0.10    0.00    2.55 v _1932_/A (sky130_fd_sc_hd__or4_2)
     1    0.00    0.09    0.66    3.21 v _1932_/X (sky130_fd_sc_hd__or4_2)
                                         _0698_ (net)
                  0.09    0.00    3.21 v _1933_/A (sky130_fd_sc_hd__buf_1)
     8    0.02    0.13    0.20    3.40 v _1933_/X (sky130_fd_sc_hd__buf_1)
                                         _0699_ (net)
                  0.13    0.00    3.40 v _1968_/A2 (sky130_fd_sc_hd__a211o_2)
     2    0.00    0.05    0.36    3.76 v _1968_/X (sky130_fd_sc_hd__a211o_2)
                                         _0734_ (net)
                  0.05    0.00    3.76 v _1969_/C (sky130_fd_sc_hd__and3_2)
     3    0.01    0.04    0.21    3.97 v _1969_/X (sky130_fd_sc_hd__and3_2)
                                         _0735_ (net)
                  0.04    0.00    3.97 v _2017_/C (sky130_fd_sc_hd__or4b_2)
     2    0.00    0.10    0.60    4.57 v _2017_/X (sky130_fd_sc_hd__or4b_2)
                                         _0783_ (net)
                  0.10    0.00    4.57 v _2019_/C (sky130_fd_sc_hd__or4b_2)
     1    0.00    0.10    0.61    5.18 v _2019_/X (sky130_fd_sc_hd__or4b_2)
                                         _0785_ (net)
                  0.10    0.00    5.18 v _2020_/C1 (sky130_fd_sc_hd__a211o_2)
     4    0.01    0.08    0.32    5.50 v _2020_/X (sky130_fd_sc_hd__a211o_2)
                                         _0786_ (net)
                  0.08    0.00    5.50 v _2069_/A1 (sky130_fd_sc_hd__a21oi_2)
     3    0.01    0.17    0.19    5.69 ^ _2069_/Y (sky130_fd_sc_hd__a21oi_2)
                                         _0835_ (net)
                  0.17    0.00    5.69 ^ _2081_/A1 (sky130_fd_sc_hd__o21bai_2)
     2    0.00    0.05    0.09    5.78 v _2081_/Y (sky130_fd_sc_hd__o21bai_2)
                                         _0847_ (net)
                  0.05    0.00    5.78 v _2175_/B_N (sky130_fd_sc_hd__or2b_2)
     1    0.01    0.05    0.18    5.95 ^ _2175_/X (sky130_fd_sc_hd__or2b_2)
                                         _0941_ (net)
                  0.05    0.00    5.95 ^ _2176_/B (sky130_fd_sc_hd__xnor2_2)
     1    0.00    0.05    0.05    6.00 v _2176_/Y (sky130_fd_sc_hd__xnor2_2)
                                         _0942_ (net)
                  0.05    0.00    6.00 v _2182_/A2 (sky130_fd_sc_hd__a21o_2)
     1    0.00    0.03    0.20    6.20 v _2182_/X (sky130_fd_sc_hd__a21o_2)
                                         _0948_ (net)
                  0.03    0.00    6.20 v _2625_/A0 (sky130_fd_sc_hd__mux2_2)
     1    0.00    0.05    0.24    6.45 v _2625_/X (sky130_fd_sc_hd__mux2_2)
                                         _1276_ (net)
                  0.05    0.00    6.45 v _2626_/A (sky130_fd_sc_hd__buf_1)
     1    0.00    0.02    0.08    6.53 v _2626_/X (sky130_fd_sc_hd__buf_1)
                                         _0154_ (net)
                  0.02    0.00    6.53 v _2800_/D (sky130_fd_sc_hd__dfxtp_2)
                                  6.53   data arrival time

                  0.00   10.00   10.00   clock core_clock (rise edge)
                          0.00   10.00   clock network delay (ideal)
                          0.00   10.00   clock reconvergence pessimism
                                 10.00 ^ _2800_/CLK (sky130_fd_sc_hd__dfxtp_2)
                         -0.11    9.89   library setup time
                                  9.89   data required time
-----------------------------------------------------------------------------
                                  9.89   data required time
                                 -6.53   data arrival time
-----------------------------------------------------------------------------
                                  3.36   slack (MET)


Startpoint: _2816_ (rising edge-triggered flip-flop clocked by core_clock)
Endpoint: _2799_ (rising edge-triggered flip-flop clocked by core_clock)
Path Group: core_clock
Path Type: max

Fanout     Cap    Slew   Delay    Time   Description
-----------------------------------------------------------------------------
                  0.00    0.00    0.00   clock core_clock (rise edge)
                          0.00    0.00   clock network delay (ideal)
                  0.00    0.00    0.00 ^ _2816_/CLK (sky130_fd_sc_hd__dfrtp_2)
     7    0.02    0.07    0.41    0.41 v _2816_/Q (sky130_fd_sc_hd__dfrtp_2)
                                         imem.pc[3] (net)
                  0.07    0.00    0.41 v _1412_/A (sky130_fd_sc_hd__or3_2)
     8    0.01    0.12    0.54    0.95 v _1412_/X (sky130_fd_sc_hd__or3_2)
                                         _0219_ (net)
                  0.12    0.00    0.95 v _1413_/B (sky130_fd_sc_hd__or2_2)
     5    0.01    0.08    0.32    1.27 v _1413_/X (sky130_fd_sc_hd__or2_2)
                                         _0220_ (net)
                  0.08    0.00    1.27 v _1427_/A (sky130_fd_sc_hd__buf_1)
    10    0.02    0.12    0.17    1.44 v _1427_/X (sky130_fd_sc_hd__buf_1)
                                         _0234_ (net)
                  0.12    0.00    1.44 v _1448_/A2 (sky130_fd_sc_hd__a21o_2)
     1    0.00    0.03    0.23    1.67 v _1448_/X (sky130_fd_sc_hd__a21o_2)
                                         _0255_ (net)
                  0.03    0.00    1.67 v _1452_/A2 (sky130_fd_sc_hd__a31o_2)
     3    0.00    0.04    0.22    1.90 v _1452_/X (sky130_fd_sc_hd__a31o_2)
                                         _0259_ (net)
                  0.04    0.00    1.90 v _1469_/A (sky130_fd_sc_hd__or4_2)
     2    0.00    0.10    0.65    2.55 v _1469_/X (sky130_fd_sc_hd__or4_2)
                                         _0276_ (net)
                  0.10    0.00    2.55 v _1932_/A (sky130_fd_sc_hd__or4_2)
     1    0.00    0.09    0.66    3.21 v _1932_/X (sky130_fd_sc_hd__or4_2)
                                         _0698_ (net)
                  0.09    0.00    3.21 v _1933_/A (sky130_fd_sc_hd__buf_1)
     8    0.02    0.13    0.20    3.40 v _1933_/X (sky130_fd_sc_hd__buf_1)
                                         _0699_ (net)
                  0.13    0.00    3.40 v _1968_/A2 (sky130_fd_sc_hd__a211o_2)
     2    0.00    0.05    0.36    3.76 v _1968_/X (sky130_fd_sc_hd__a211o_2)
                                         _0734_ (net)
                  0.05    0.00    3.76 v _1969_/C (sky130_fd_sc_hd__and3_2)
     3    0.01    0.04    0.21    3.97 v _1969_/X (sky130_fd_sc_hd__and3_2)
                                         _0735_ (net)
                  0.04    0.00    3.97 v _2017_/C (sky130_fd_sc_hd__or4b_2)
     2    0.00    0.10    0.60    4.57 v _2017_/X (sky130_fd_sc_hd__or4b_2)
                                         _0783_ (net)
                  0.10    0.00    4.57 v _2019_/C (sky130_fd_sc_hd__or4b_2)
     1    0.00    0.10    0.61    5.18 v _2019_/X (sky130_fd_sc_hd__or4b_2)
                                         _0785_ (net)
                  0.10    0.00    5.18 v _2020_/C1 (sky130_fd_sc_hd__a211o_2)
     4    0.01    0.08    0.32    5.50 v _2020_/X (sky130_fd_sc_hd__a211o_2)
                                         _0786_ (net)
                  0.08    0.00    5.50 v _2069_/A1 (sky130_fd_sc_hd__a21oi_2)
     3    0.01    0.17    0.19    5.69 ^ _2069_/Y (sky130_fd_sc_hd__a21oi_2)
                                         _0835_ (net)
                  0.17    0.00    5.69 ^ _2081_/A1 (sky130_fd_sc_hd__o21bai_2)
     2    0.00    0.05    0.09    5.78 v _2081_/Y (sky130_fd_sc_hd__o21bai_2)
                                         _0847_ (net)
                  0.05    0.00    5.78 v _2168_/A2 (sky130_fd_sc_hd__a31o_2)
     1    0.00    0.03    0.22    6.00 v _2168_/X (sky130_fd_sc_hd__a31o_2)
                                         _0934_ (net)
                  0.03    0.00    6.00 v _2623_/A0 (sky130_fd_sc_hd__mux2_2)
     1    0.00    0.05    0.25    6.24 v _2623_/X (sky130_fd_sc_hd__mux2_2)
                                         _1275_ (net)
                  0.05    0.00    6.24 v _2624_/A (sky130_fd_sc_hd__buf_1)
     1    0.00    0.02    0.08    6.32 v _2624_/X (sky130_fd_sc_hd__buf_1)
                                         _0153_ (net)
                  0.02    0.00    6.32 v _2799_/D (sky130_fd_sc_hd__dfxtp_2)
                                  6.32   data arrival time

                  0.00   10.00   10.00   clock core_clock (rise edge)
                          0.00   10.00   clock network delay (ideal)
                          0.00   10.00   clock reconvergence pessimism
                                 10.00 ^ _2799_/CLK (sky130_fd_sc_hd__dfxtp_2)
                         -0.11    9.89   library setup time
                                  9.89   data required time
-----------------------------------------------------------------------------
                                  9.89   data required time
                                 -6.32   data arrival time
-----------------------------------------------------------------------------
                                  3.56   slack (MET)


Startpoint: _2816_ (rising edge-triggered flip-flop clocked by core_clock)
Endpoint: _2798_ (rising edge-triggered flip-flop clocked by core_clock)
Path Group: core_clock
Path Type: max

Fanout     Cap    Slew   Delay    Time   Description
-----------------------------------------------------------------------------
                  0.00    0.00    0.00   clock core_clock (rise edge)
                          0.00    0.00   clock network delay (ideal)
                  0.00    0.00    0.00 ^ _2816_/CLK (sky130_fd_sc_hd__dfrtp_2)
     7    0.02    0.07    0.41    0.41 v _2816_/Q (sky130_fd_sc_hd__dfrtp_2)
                                         imem.pc[3] (net)
                  0.07    0.00    0.41 v _1412_/A (sky130_fd_sc_hd__or3_2)
     8    0.01    0.12    0.54    0.95 v _1412_/X (sky130_fd_sc_hd__or3_2)
                                         _0219_ (net)
                  0.12    0.00    0.95 v _1413_/B (sky130_fd_sc_hd__or2_2)
     5    0.01    0.08    0.32    1.27 v _1413_/X (sky130_fd_sc_hd__or2_2)
                                         _0220_ (net)
                  0.08    0.00    1.27 v _1427_/A (sky130_fd_sc_hd__buf_1)
    10    0.02    0.12    0.17    1.44 v _1427_/X (sky130_fd_sc_hd__buf_1)
                                         _0234_ (net)
                  0.12    0.00    1.44 v _1448_/A2 (sky130_fd_sc_hd__a21o_2)
     1    0.00    0.03    0.23    1.67 v _1448_/X (sky130_fd_sc_hd__a21o_2)
                                         _0255_ (net)
                  0.03    0.00    1.67 v _1452_/A2 (sky130_fd_sc_hd__a31o_2)
     3    0.00    0.04    0.22    1.90 v _1452_/X (sky130_fd_sc_hd__a31o_2)
                                         _0259_ (net)
                  0.04    0.00    1.90 v _1469_/A (sky130_fd_sc_hd__or4_2)
     2    0.00    0.10    0.65    2.55 v _1469_/X (sky130_fd_sc_hd__or4_2)
                                         _0276_ (net)
                  0.10    0.00    2.55 v _1932_/A (sky130_fd_sc_hd__or4_2)
     1    0.00    0.09    0.66    3.21 v _1932_/X (sky130_fd_sc_hd__or4_2)
                                         _0698_ (net)
                  0.09    0.00    3.21 v _1933_/A (sky130_fd_sc_hd__buf_1)
     8    0.02    0.13    0.20    3.40 v _1933_/X (sky130_fd_sc_hd__buf_1)
                                         _0699_ (net)
                  0.13    0.00    3.40 v _1968_/A2 (sky130_fd_sc_hd__a211o_2)
     2    0.00    0.05    0.36    3.76 v _1968_/X (sky130_fd_sc_hd__a211o_2)
                                         _0734_ (net)
                  0.05    0.00    3.76 v _1969_/C (sky130_fd_sc_hd__and3_2)
     3    0.01    0.04    0.21    3.97 v _1969_/X (sky130_fd_sc_hd__and3_2)
                                         _0735_ (net)
                  0.04    0.00    3.97 v _2017_/C (sky130_fd_sc_hd__or4b_2)
     2    0.00    0.10    0.60    4.57 v _2017_/X (sky130_fd_sc_hd__or4b_2)
                                         _0783_ (net)
                  0.10    0.00    4.57 v _2019_/C (sky130_fd_sc_hd__or4b_2)
     1    0.00    0.10    0.61    5.18 v _2019_/X (sky130_fd_sc_hd__or4b_2)
                                         _0785_ (net)
                  0.10    0.00    5.18 v _2020_/C1 (sky130_fd_sc_hd__a211o_2)
     4    0.01    0.08    0.32    5.50 v _2020_/X (sky130_fd_sc_hd__a211o_2)
                                         _0786_ (net)
                  0.08    0.00    5.50 v _2069_/A1 (sky130_fd_sc_hd__a21oi_2)
     3    0.01    0.17    0.19    5.69 ^ _2069_/Y (sky130_fd_sc_hd__a21oi_2)
                                         _0835_ (net)
                  0.17    0.00    5.69 ^ _2070_/C (sky130_fd_sc_hd__nor3_2)
     1    0.00    0.04    0.05    5.74 v _2070_/Y (sky130_fd_sc_hd__nor3_2)
                                         _0836_ (net)
                  0.04    0.00    5.74 v _2071_/B1 (sky130_fd_sc_hd__a21o_2)
     1    0.00    0.03    0.17    5.91 v _2071_/X (sky130_fd_sc_hd__a21o_2)
                                         _0837_ (net)
                  0.03    0.00    5.91 v _2621_/A0 (sky130_fd_sc_hd__mux2_2)
     1    0.00    0.05    0.24    6.15 v _2621_/X (sky130_fd_sc_hd__mux2_2)
                                         _1274_ (net)
                  0.05    0.00    6.15 v _2622_/A (sky130_fd_sc_hd__buf_1)
     1    0.00    0.02    0.08    6.23 v _2622_/X (sky130_fd_sc_hd__buf_1)
                                         _0152_ (net)
                  0.02    0.00    6.23 v _2798_/D (sky130_fd_sc_hd__dfxtp_2)
                                  6.23   data arrival time

                  0.00   10.00   10.00   clock core_clock (rise edge)
                          0.00   10.00   clock network delay (ideal)
                          0.00   10.00   clock reconvergence pessimism
                                 10.00 ^ _2798_/CLK (sky130_fd_sc_hd__dfxtp_2)
                         -0.11    9.89   library setup time
                                  9.89   data required time
-----------------------------------------------------------------------------
                                  9.89   data required time
                                 -6.23   data arrival time
-----------------------------------------------------------------------------
                                  3.65   slack (MET)


Startpoint: _2816_ (rising edge-triggered flip-flop clocked by core_clock)
Endpoint: _2797_ (rising edge-triggered flip-flop clocked by core_clock)
Path Group: core_clock
Path Type: max

Fanout     Cap    Slew   Delay    Time   Description
-----------------------------------------------------------------------------
                  0.00    0.00    0.00   clock core_clock (rise edge)
                          0.00    0.00   clock network delay (ideal)
                  0.00    0.00    0.00 ^ _2816_/CLK (sky130_fd_sc_hd__dfrtp_2)
     7    0.02    0.07    0.41    0.41 v _2816_/Q (sky130_fd_sc_hd__dfrtp_2)
                                         imem.pc[3] (net)
                  0.07    0.00    0.41 v _1412_/A (sky130_fd_sc_hd__or3_2)
     8    0.01    0.12    0.54    0.95 v _1412_/X (sky130_fd_sc_hd__or3_2)
                                         _0219_ (net)
                  0.12    0.00    0.95 v _1416_/B (sky130_fd_sc_hd__nor2_2)
     6    0.01    0.15    0.16    1.10 ^ _1416_/Y (sky130_fd_sc_hd__nor2_2)
                                         _0223_ (net)
                  0.15    0.00    1.10 ^ _1471_/A (sky130_fd_sc_hd__buf_1)
    10    0.03    0.31    0.29    1.39 ^ _1471_/X (sky130_fd_sc_hd__buf_1)
                                         _0278_ (net)
                  0.31    0.00    1.39 ^ _1472_/A (sky130_fd_sc_hd__buf_1)
    10    0.02    0.26    0.28    1.67 ^ _1472_/X (sky130_fd_sc_hd__buf_1)
                                         _0279_ (net)
                  0.26    0.00    1.67 ^ _1516_/A (sky130_fd_sc_hd__buf_1)
    10    0.03    0.40    0.37    2.04 ^ _1516_/X (sky130_fd_sc_hd__buf_1)
                                         _0323_ (net)
                  0.40    0.00    2.04 ^ _1558_/S (sky130_fd_sc_hd__mux2_2)
     1    0.00    0.04    0.37    2.41 v _1558_/X (sky130_fd_sc_hd__mux2_2)
                                         _0365_ (net)
                  0.04    0.00    2.41 v _1560_/A0 (sky130_fd_sc_hd__mux2_2)
     3    0.01    0.07    0.29    2.70 v _1560_/X (sky130_fd_sc_hd__mux2_2)
                                         _0367_ (net)
                  0.07    0.00    2.70 v _1571_/A (sky130_fd_sc_hd__or4_2)
     1    0.00    0.11    0.67    3.37 v _1571_/X (sky130_fd_sc_hd__or4_2)
                                         _0378_ (net)
                  0.11    0.00    3.37 v _1572_/D (sky130_fd_sc_hd__nor4_2)
     1    0.00    0.16    0.13    3.50 ^ _1572_/Y (sky130_fd_sc_hd__nor4_2)
                                         _0379_ (net)
                  0.16    0.00    3.50 ^ _1573_/D (sky130_fd_sc_hd__and4_2)
     3    0.01    0.07    0.25    3.75 ^ _1573_/X (sky130_fd_sc_hd__and4_2)
                                         _0380_ (net)
                  0.07    0.00    3.75 ^ _1574_/A (sky130_fd_sc_hd__buf_1)
    10    0.03    0.31    0.27    4.02 ^ _1574_/X (sky130_fd_sc_hd__buf_1)
                                         _0381_ (net)
                  0.31    0.00    4.02 ^ _1642_/A (sky130_fd_sc_hd__buf_1)
    10    0.04    0.51    0.45    4.46 ^ _1642_/X (sky130_fd_sc_hd__buf_1)
                                         _0447_ (net)
                  0.51    0.00    4.46 ^ _1643_/A (sky130_fd_sc_hd__buf_1)
    10    0.04    0.43    0.41    4.87 ^ _1643_/X (sky130_fd_sc_hd__buf_1)
                                         _0448_ (net)
                  0.43    0.00    4.87 ^ _2045_/A (sky130_fd_sc_hd__nand2_2)
     3    0.01    0.09    0.09    4.95 v _2045_/Y (sky130_fd_sc_hd__nand2_2)
                                         _0811_ (net)
                  0.09    0.00    4.95 v _2046_/A1 (sky130_fd_sc_hd__mux2_2)
     1    0.00    0.04    0.27    5.22 v _2046_/X (sky130_fd_sc_hd__mux2_2)
                                         _0812_ (net)
                  0.04    0.00    5.22 v _2047_/A1 (sky130_fd_sc_hd__mux2_2)
     2    0.00    0.05    0.27    5.49 v _2047_/X (sky130_fd_sc_hd__mux2_2)
                                         _0813_ (net)
                  0.05    0.00    5.49 v _2049_/A2 (sky130_fd_sc_hd__a21bo_2)
     1    0.00    0.03    0.21    5.69 v _2049_/X (sky130_fd_sc_hd__a21bo_2)
                                         _0815_ (net)
                  0.03    0.00    5.69 v _2050_/B1 (sky130_fd_sc_hd__a21o_2)
     1    0.00    0.03    0.17    5.86 v _2050_/X (sky130_fd_sc_hd__a21o_2)
                                         _0816_ (net)
                  0.03    0.00    5.86 v _2051_/B1_N (sky130_fd_sc_hd__a21bo_2)
     1    0.00    0.03    0.17    6.03 ^ _2051_/X (sky130_fd_sc_hd__a21bo_2)
                                         _0817_ (net)
                  0.03    0.00    6.03 ^ _2619_/A0 (sky130_fd_sc_hd__mux2_2)
     1    0.00    0.04    0.12    6.15 ^ _2619_/X (sky130_fd_sc_hd__mux2_2)
                                         _1273_ (net)
                  0.04    0.00    6.15 ^ _2620_/A (sky130_fd_sc_hd__buf_1)
     1    0.00    0.03    0.07    6.22 ^ _2620_/X (sky130_fd_sc_hd__buf_1)
                                         _0151_ (net)
                  0.03    0.00    6.22 ^ _2797_/D (sky130_fd_sc_hd__dfxtp_2)
                                  6.22   data arrival time

                  0.00   10.00   10.00   clock core_clock (rise edge)
                          0.00   10.00   clock network delay (ideal)
                          0.00   10.00   clock reconvergence pessimism
                                 10.00 ^ _2797_/CLK (sky130_fd_sc_hd__dfxtp_2)
                         -0.06    9.94   library setup time
                                  9.94   data required time
-----------------------------------------------------------------------------
                                  9.94   data required time
                                 -6.22   data arrival time
-----------------------------------------------------------------------------
                                  3.72   slack (MET)


Startpoint: _2816_ (rising edge-triggered flip-flop clocked by core_clock)
Endpoint: _2795_ (rising edge-triggered flip-flop clocked by core_clock)
Path Group: core_clock
Path Type: max

Fanout     Cap    Slew   Delay    Time   Description
-----------------------------------------------------------------------------
                  0.00    0.00    0.00   clock core_clock (rise edge)
                          0.00    0.00   clock network delay (ideal)
                  0.00    0.00    0.00 ^ _2816_/CLK (sky130_fd_sc_hd__dfrtp_2)
     7    0.02    0.07    0.41    0.41 v _2816_/Q (sky130_fd_sc_hd__dfrtp_2)
                                         imem.pc[3] (net)
                  0.07    0.00    0.41 v _1412_/A (sky130_fd_sc_hd__or3_2)
     8    0.01    0.12    0.54    0.95 v _1412_/X (sky130_fd_sc_hd__or3_2)
                                         _0219_ (net)
                  0.12    0.00    0.95 v _1416_/B (sky130_fd_sc_hd__nor2_2)
     6    0.01    0.15    0.16    1.10 ^ _1416_/Y (sky130_fd_sc_hd__nor2_2)
                                         _0223_ (net)
                  0.15    0.00    1.10 ^ _1471_/A (sky130_fd_sc_hd__buf_1)
    10    0.03    0.31    0.29    1.39 ^ _1471_/X (sky130_fd_sc_hd__buf_1)
                                         _0278_ (net)
                  0.31    0.00    1.39 ^ _1472_/A (sky130_fd_sc_hd__buf_1)
    10    0.02    0.26    0.28    1.67 ^ _1472_/X (sky130_fd_sc_hd__buf_1)
                                         _0279_ (net)
                  0.26    0.00    1.67 ^ _1516_/A (sky130_fd_sc_hd__buf_1)
    10    0.03    0.40    0.37    2.04 ^ _1516_/X (sky130_fd_sc_hd__buf_1)
                                         _0323_ (net)
                  0.40    0.00    2.04 ^ _1558_/S (sky130_fd_sc_hd__mux2_2)
     1    0.00    0.04    0.37    2.41 v _1558_/X (sky130_fd_sc_hd__mux2_2)
                                         _0365_ (net)
                  0.04    0.00    2.41 v _1560_/A0 (sky130_fd_sc_hd__mux2_2)
     3    0.01    0.07    0.29    2.70 v _1560_/X (sky130_fd_sc_hd__mux2_2)
                                         _0367_ (net)
                  0.07    0.00    2.70 v _1571_/A (sky130_fd_sc_hd__or4_2)
     1    0.00    0.11    0.67    3.37 v _1571_/X (sky130_fd_sc_hd__or4_2)
                                         _0378_ (net)
                  0.11    0.00    3.37 v _1572_/D (sky130_fd_sc_hd__nor4_2)
     1    0.00    0.16    0.13    3.50 ^ _1572_/Y (sky130_fd_sc_hd__nor4_2)
                                         _0379_ (net)
                  0.16    0.00    3.50 ^ _1573_/D (sky130_fd_sc_hd__and4_2)
     3    0.01    0.07    0.25    3.75 ^ _1573_/X (sky130_fd_sc_hd__and4_2)
                                         _0380_ (net)
                  0.07    0.00    3.75 ^ _1574_/A (sky130_fd_sc_hd__buf_1)
    10    0.03    0.31    0.27    4.02 ^ _1574_/X (sky130_fd_sc_hd__buf_1)
                                         _0381_ (net)
                  0.31    0.00    4.02 ^ _1642_/A (sky130_fd_sc_hd__buf_1)
    10    0.04    0.51    0.45    4.46 ^ _1642_/X (sky130_fd_sc_hd__buf_1)
                                         _0447_ (net)
                  0.51    0.00    4.46 ^ _1990_/A (sky130_fd_sc_hd__nand2_2)
     3    0.01    0.10    0.09    4.55 v _1990_/Y (sky130_fd_sc_hd__nand2_2)
                                         _0756_ (net)
                  0.10    0.00    4.55 v _1991_/A1 (sky130_fd_sc_hd__mux2_2)
     2    0.00    0.05    0.28    4.83 v _1991_/X (sky130_fd_sc_hd__mux2_2)
                                         _0757_ (net)
                  0.05    0.00    4.83 v _1992_/A1 (sky130_fd_sc_hd__mux2_2)
     2    0.01    0.06    0.28    5.11 v _1992_/X (sky130_fd_sc_hd__mux2_2)
                                         _0758_ (net)
                  0.06    0.00    5.11 v _1993_/A0 (sky130_fd_sc_hd__mux2_2)
     1    0.00    0.04    0.25    5.36 v _1993_/X (sky130_fd_sc_hd__mux2_2)
                                         _0759_ (net)
                  0.04    0.00    5.36 v _1994_/B (sky130_fd_sc_hd__or2_2)
     2    0.01    0.07    0.28    5.65 v _1994_/X (sky130_fd_sc_hd__or2_2)
                                         _0760_ (net)
                  0.07    0.00    5.65 v _1995_/B (sky130_fd_sc_hd__nor2_2)
     1    0.00    0.07    0.08    5.72 ^ _1995_/Y (sky130_fd_sc_hd__nor2_2)
                                         _0761_ (net)
                  0.07    0.00    5.72 ^ _1996_/B1 (sky130_fd_sc_hd__a21o_2)
     1    0.00    0.03    0.08    5.81 ^ _1996_/X (sky130_fd_sc_hd__a21o_2)
                                         _0762_ (net)
                  0.03    0.00    5.81 ^ _2615_/A0 (sky130_fd_sc_hd__mux2_2)
     1    0.00    0.04    0.12    5.93 ^ _2615_/X (sky130_fd_sc_hd__mux2_2)
                                         _1271_ (net)
                  0.04    0.00    5.93 ^ _2616_/A (sky130_fd_sc_hd__buf_1)
     1    0.00    0.03    0.07    6.00 ^ _2616_/X (sky130_fd_sc_hd__buf_1)
                                         _0149_ (net)
                  0.03    0.00    6.00 ^ _2795_/D (sky130_fd_sc_hd__dfxtp_2)
                                  6.00   data arrival time

                  0.00   10.00   10.00   clock core_clock (rise edge)
                          0.00   10.00   clock network delay (ideal)
                          0.00   10.00   clock reconvergence pessimism
                                 10.00 ^ _2795_/CLK (sky130_fd_sc_hd__dfxtp_2)
                         -0.06    9.94   library setup time
                                  9.94   data required time
-----------------------------------------------------------------------------
                                  9.94   data required time
                                 -6.00   data arrival time
-----------------------------------------------------------------------------
                                  3.94   slack (MET)


Startpoint: _2816_ (rising edge-triggered flip-flop clocked by core_clock)
Endpoint: _2794_ (rising edge-triggered flip-flop clocked by core_clock)
Path Group: core_clock
Path Type: max

Fanout     Cap    Slew   Delay    Time   Description
-----------------------------------------------------------------------------
                  0.00    0.00    0.00   clock core_clock (rise edge)
                          0.00    0.00   clock network delay (ideal)
                  0.00    0.00    0.00 ^ _2816_/CLK (sky130_fd_sc_hd__dfrtp_2)
     7    0.02    0.07    0.41    0.41 v _2816_/Q (sky130_fd_sc_hd__dfrtp_2)
                                         imem.pc[3] (net)
                  0.07    0.00    0.41 v _1412_/A (sky130_fd_sc_hd__or3_2)
     8    0.01    0.12    0.54    0.95 v _1412_/X (sky130_fd_sc_hd__or3_2)
                                         _0219_ (net)
                  0.12    0.00    0.95 v _1416_/B (sky130_fd_sc_hd__nor2_2)
     6    0.01    0.15    0.16    1.10 ^ _1416_/Y (sky130_fd_sc_hd__nor2_2)
                                         _0223_ (net)
                  0.15    0.00    1.10 ^ _1471_/A (sky130_fd_sc_hd__buf_1)
    10    0.03    0.31    0.29    1.39 ^ _1471_/X (sky130_fd_sc_hd__buf_1)
                                         _0278_ (net)
                  0.31    0.00    1.39 ^ _1472_/A (sky130_fd_sc_hd__buf_1)
    10    0.02    0.26    0.28    1.67 ^ _1472_/X (sky130_fd_sc_hd__buf_1)
                                         _0279_ (net)
                  0.26    0.00    1.67 ^ _1516_/A (sky130_fd_sc_hd__buf_1)
    10    0.03    0.40    0.37    2.04 ^ _1516_/X (sky130_fd_sc_hd__buf_1)
                                         _0323_ (net)
                  0.40    0.00    2.04 ^ _1558_/S (sky130_fd_sc_hd__mux2_2)
     1    0.00    0.04    0.37    2.41 v _1558_/X (sky130_fd_sc_hd__mux2_2)
                                         _0365_ (net)
                  0.04    0.00    2.41 v _1560_/A0 (sky130_fd_sc_hd__mux2_2)
     3    0.01    0.07    0.29    2.70 v _1560_/X (sky130_fd_sc_hd__mux2_2)
                                         _0367_ (net)
                  0.07    0.00    2.70 v _1571_/A (sky130_fd_sc_hd__or4_2)
     1    0.00    0.11    0.67    3.37 v _1571_/X (sky130_fd_sc_hd__or4_2)
                                         _0378_ (net)
                  0.11    0.00    3.37 v _1572_/D (sky130_fd_sc_hd__nor4_2)
     1    0.00    0.16    0.13    3.50 ^ _1572_/Y (sky130_fd_sc_hd__nor4_2)
                                         _0379_ (net)
                  0.16    0.00    3.50 ^ _1573_/D (sky130_fd_sc_hd__and4_2)
     3    0.01    0.07    0.25    3.75 ^ _1573_/X (sky130_fd_sc_hd__and4_2)
                                         _0380_ (net)
                  0.07    0.00    3.75 ^ _1574_/A (sky130_fd_sc_hd__buf_1)
    10    0.03    0.31    0.27    4.02 ^ _1574_/X (sky130_fd_sc_hd__buf_1)
                                         _0381_ (net)
                  0.31    0.00    4.02 ^ _1665_/A (sky130_fd_sc_hd__buf_1)
    10    0.04    0.51    0.45    4.46 ^ _1665_/X (sky130_fd_sc_hd__buf_1)
                                         _0469_ (net)
                  0.51    0.00    4.46 ^ _1671_/A (sky130_fd_sc_hd__nand2_2)
     2    0.01    0.11    0.10    4.56 v _1671_/Y (sky130_fd_sc_hd__nand2_2)
                                         _0475_ (net)
                  0.11    0.00    4.56 v _1728_/A0 (sky130_fd_sc_hd__mux2_2)
     2    0.00    0.05    0.28    4.84 v _1728_/X (sky130_fd_sc_hd__mux2_2)
                                         _0530_ (net)
                  0.05    0.00    4.84 v _1730_/A1 (sky130_fd_sc_hd__mux2_2)
     3    0.01    0.06    0.27    5.11 v _1730_/X (sky130_fd_sc_hd__mux2_2)
                                         _0532_ (net)
                  0.06    0.00    5.11 v _1963_/A1 (sky130_fd_sc_hd__mux2_2)
     1    0.00    0.04    0.25    5.36 v _1963_/X (sky130_fd_sc_hd__mux2_2)
                                         _0729_ (net)
                  0.04    0.00    5.36 v _1964_/B (sky130_fd_sc_hd__or2_2)
     2    0.01    0.07    0.28    5.65 v _1964_/X (sky130_fd_sc_hd__or2_2)
                                         _0730_ (net)
                  0.07    0.00    5.65 v _1975_/A2 (sky130_fd_sc_hd__o21ai_2)
     1    0.00    0.09    0.10    5.75 ^ _1975_/Y (sky130_fd_sc_hd__o21ai_2)
                                         _0741_ (net)
                  0.09    0.00    5.75 ^ _2613_/A0 (sky130_fd_sc_hd__mux2_2)
     1    0.00    0.04    0.14    5.89 ^ _2613_/X (sky130_fd_sc_hd__mux2_2)
                                         _1270_ (net)
                  0.04    0.00    5.89 ^ _2614_/A (sky130_fd_sc_hd__buf_1)
     1    0.00    0.03    0.07    5.96 ^ _2614_/X (sky130_fd_sc_hd__buf_1)
                                         _0148_ (net)
                  0.03    0.00    5.96 ^ _2794_/D (sky130_fd_sc_hd__dfxtp_2)
                                  5.96   data arrival time

                  0.00   10.00   10.00   clock core_clock (rise edge)
                          0.00   10.00   clock network delay (ideal)
                          0.00   10.00   clock reconvergence pessimism
                                 10.00 ^ _2794_/CLK (sky130_fd_sc_hd__dfxtp_2)
                         -0.06    9.94   library setup time
                                  9.94   data required time
-----------------------------------------------------------------------------
                                  9.94   data required time
                                 -5.96   data arrival time
-----------------------------------------------------------------------------
                                  3.98   slack (MET)


Startpoint: _2816_ (rising edge-triggered flip-flop clocked by core_clock)
Endpoint: _2793_ (rising edge-triggered flip-flop clocked by core_clock)
Path Group: core_clock
Path Type: max

Fanout     Cap    Slew   Delay    Time   Description
-----------------------------------------------------------------------------
                  0.00    0.00    0.00   clock core_clock (rise edge)
                          0.00    0.00   clock network delay (ideal)
                  0.00    0.00    0.00 ^ _2816_/CLK (sky130_fd_sc_hd__dfrtp_2)
     7    0.02    0.07    0.41    0.41 v _2816_/Q (sky130_fd_sc_hd__dfrtp_2)
                                         imem.pc[3] (net)
                  0.07    0.00    0.41 v _1412_/A (sky130_fd_sc_hd__or3_2)
     8    0.01    0.12    0.54    0.95 v _1412_/X (sky130_fd_sc_hd__or3_2)
                                         _0219_ (net)
                  0.12    0.00    0.95 v _1416_/B (sky130_fd_sc_hd__nor2_2)
     6    0.01    0.15    0.16    1.10 ^ _1416_/Y (sky130_fd_sc_hd__nor2_2)
                                         _0223_ (net)
                  0.15    0.00    1.10 ^ _1471_/A (sky130_fd_sc_hd__buf_1)
    10    0.03    0.31    0.29    1.39 ^ _1471_/X (sky130_fd_sc_hd__buf_1)
                                         _0278_ (net)
                  0.31    0.00    1.39 ^ _1472_/A (sky130_fd_sc_hd__buf_1)
    10    0.02    0.26    0.28    1.67 ^ _1472_/X (sky130_fd_sc_hd__buf_1)
                                         _0279_ (net)
                  0.26    0.00    1.67 ^ _1516_/A (sky130_fd_sc_hd__buf_1)
    10    0.03    0.40    0.37    2.04 ^ _1516_/X (sky130_fd_sc_hd__buf_1)
                                         _0323_ (net)
                  0.40    0.00    2.04 ^ _1558_/S (sky130_fd_sc_hd__mux2_2)
     1    0.00    0.04    0.37    2.41 v _1558_/X (sky130_fd_sc_hd__mux2_2)
                                         _0365_ (net)
                  0.04    0.00    2.41 v _1560_/A0 (sky130_fd_sc_hd__mux2_2)
     3    0.01    0.07    0.29    2.70 v _1560_/X (sky130_fd_sc_hd__mux2_2)
                                         _0367_ (net)
                  0.07    0.00    2.70 v _1571_/A (sky130_fd_sc_hd__or4_2)
     1    0.00    0.11    0.67    3.37 v _1571_/X (sky130_fd_sc_hd__or4_2)
                                         _0378_ (net)
                  0.11    0.00    3.37 v _1572_/D (sky130_fd_sc_hd__nor4_2)
     1    0.00    0.16    0.13    3.50 ^ _1572_/Y (sky130_fd_sc_hd__nor4_2)
                                         _0379_ (net)
                  0.16    0.00    3.50 ^ _1573_/D (sky130_fd_sc_hd__and4_2)
     3    0.01    0.07    0.25    3.75 ^ _1573_/X (sky130_fd_sc_hd__and4_2)
                                         _0380_ (net)
                  0.07    0.00    3.75 ^ _1574_/A (sky130_fd_sc_hd__buf_1)
    10    0.03    0.31    0.27    4.02 ^ _1574_/X (sky130_fd_sc_hd__buf_1)
                                         _0381_ (net)
                  0.31    0.00    4.02 ^ _1665_/A (sky130_fd_sc_hd__buf_1)
    10    0.04    0.51    0.45    4.46 ^ _1665_/X (sky130_fd_sc_hd__buf_1)
                                         _0469_ (net)
                  0.51    0.00    4.46 ^ _1696_/A (sky130_fd_sc_hd__nand2_2)
     2    0.00    0.09    0.07    4.54 v _1696_/Y (sky130_fd_sc_hd__nand2_2)
                                         _0499_ (net)
                  0.09    0.00    4.54 v _1698_/A1 (sky130_fd_sc_hd__mux2_2)
     2    0.00    0.05    0.28    4.82 v _1698_/X (sky130_fd_sc_hd__mux2_2)
                                         _0501_ (net)
                  0.05    0.00    4.82 v _1699_/A1 (sky130_fd_sc_hd__mux2_2)
     2    0.01    0.06    0.27    5.09 v _1699_/X (sky130_fd_sc_hd__mux2_2)
                                         _0502_ (net)
                  0.06    0.00    5.09 v _1953_/A1 (sky130_fd_sc_hd__mux2_2)
     1    0.00    0.04    0.25    5.34 v _1953_/X (sky130_fd_sc_hd__mux2_2)
                                         _0719_ (net)
                  0.04    0.00    5.34 v _1954_/B (sky130_fd_sc_hd__or2_2)
     2    0.01    0.07    0.28    5.63 v _1954_/X (sky130_fd_sc_hd__or2_2)
                                         _0720_ (net)
                  0.07    0.00    5.63 v _1955_/B1 (sky130_fd_sc_hd__o22ai_2)
     1    0.00    0.13    0.10    5.73 ^ _1955_/Y (sky130_fd_sc_hd__o22ai_2)
                                         _0721_ (net)
                  0.13    0.00    5.73 ^ _2611_/A0 (sky130_fd_sc_hd__mux2_2)
     1    0.00    0.04    0.16    5.89 ^ _2611_/X (sky130_fd_sc_hd__mux2_2)
                                         _1269_ (net)
                  0.04    0.00    5.89 ^ _2612_/A (sky130_fd_sc_hd__buf_1)
     1    0.00    0.03    0.07    5.96 ^ _2612_/X (sky130_fd_sc_hd__buf_1)
                                         _0147_ (net)
                  0.03    0.00    5.96 ^ _2793_/D (sky130_fd_sc_hd__dfxtp_2)
                                  5.96   data arrival time

                  0.00   10.00   10.00   clock core_clock (rise edge)
                          0.00   10.00   clock network delay (ideal)
                          0.00   10.00   clock reconvergence pessimism
                                 10.00 ^ _2793_/CLK (sky130_fd_sc_hd__dfxtp_2)
                         -0.06    9.94   library setup time
                                  9.94   data required time
-----------------------------------------------------------------------------
                                  9.94   data required time
                                 -5.96   data arrival time
-----------------------------------------------------------------------------
                                  3.98   slack (MET)


Startpoint: _2816_ (rising edge-triggered flip-flop clocked by core_clock)
Endpoint: _2796_ (rising edge-triggered flip-flop clocked by core_clock)
Path Group: core_clock
Path Type: max

Fanout     Cap    Slew   Delay    Time   Description
-----------------------------------------------------------------------------
                  0.00    0.00    0.00   clock core_clock (rise edge)
                          0.00    0.00   clock network delay (ideal)
                  0.00    0.00    0.00 ^ _2816_/CLK (sky130_fd_sc_hd__dfrtp_2)
     7    0.02    0.07    0.41    0.41 v _2816_/Q (sky130_fd_sc_hd__dfrtp_2)
                                         imem.pc[3] (net)
                  0.07    0.00    0.41 v _1412_/A (sky130_fd_sc_hd__or3_2)
     8    0.01    0.12    0.54    0.95 v _1412_/X (sky130_fd_sc_hd__or3_2)
                                         _0219_ (net)
                  0.12    0.00    0.95 v _1416_/B (sky130_fd_sc_hd__nor2_2)
     6    0.01    0.15    0.16    1.10 ^ _1416_/Y (sky130_fd_sc_hd__nor2_2)
                                         _0223_ (net)
                  0.15    0.00    1.10 ^ _1471_/A (sky130_fd_sc_hd__buf_1)
    10    0.03    0.31    0.29    1.39 ^ _1471_/X (sky130_fd_sc_hd__buf_1)
                                         _0278_ (net)
                  0.31    0.00    1.39 ^ _1472_/A (sky130_fd_sc_hd__buf_1)
    10    0.02    0.26    0.28    1.67 ^ _1472_/X (sky130_fd_sc_hd__buf_1)
                                         _0279_ (net)
                  0.26    0.00    1.67 ^ _1516_/A (sky130_fd_sc_hd__buf_1)
    10    0.03    0.40    0.37    2.04 ^ _1516_/X (sky130_fd_sc_hd__buf_1)
                                         _0323_ (net)
                  0.40    0.00    2.04 ^ _1558_/S (sky130_fd_sc_hd__mux2_2)
     1    0.00    0.04    0.37    2.41 v _1558_/X (sky130_fd_sc_hd__mux2_2)
                                         _0365_ (net)
                  0.04    0.00    2.41 v _1560_/A0 (sky130_fd_sc_hd__mux2_2)
     3    0.01    0.07    0.29    2.70 v _1560_/X (sky130_fd_sc_hd__mux2_2)
                                         _0367_ (net)
                  0.07    0.00    2.70 v _1571_/A (sky130_fd_sc_hd__or4_2)
     1    0.00    0.11    0.67    3.37 v _1571_/X (sky130_fd_sc_hd__or4_2)
                                         _0378_ (net)
                  0.11    0.00    3.37 v _1572_/D (sky130_fd_sc_hd__nor4_2)
     1    0.00    0.16    0.13    3.50 ^ _1572_/Y (sky130_fd_sc_hd__nor4_2)
                                         _0379_ (net)
                  0.16    0.00    3.50 ^ _1573_/D (sky130_fd_sc_hd__and4_2)
     3    0.01    0.07    0.25    3.75 ^ _1573_/X (sky130_fd_sc_hd__and4_2)
                                         _0380_ (net)
                  0.07    0.00    3.75 ^ _1574_/A (sky130_fd_sc_hd__buf_1)
    10    0.03    0.31    0.27    4.02 ^ _1574_/X (sky130_fd_sc_hd__buf_1)
                                         _0381_ (net)
                  0.31    0.00    4.02 ^ _1642_/A (sky130_fd_sc_hd__buf_1)
    10    0.04    0.51    0.45    4.46 ^ _1642_/X (sky130_fd_sc_hd__buf_1)
                                         _0447_ (net)
                  0.51    0.00    4.46 ^ _1960_/A (sky130_fd_sc_hd__nand2_2)
     2    0.00    0.09    0.07    4.54 v _1960_/Y (sky130_fd_sc_hd__nand2_2)
                                         _0726_ (net)
                  0.09    0.00    4.54 v _2011_/A0 (sky130_fd_sc_hd__mux2_2)
     2    0.00    0.05    0.28    4.81 v _2011_/X (sky130_fd_sc_hd__mux2_2)
                                         _0777_ (net)
                  0.05    0.00    4.81 v _2012_/A1 (sky130_fd_sc_hd__mux2_2)
     2    0.01    0.06    0.27    5.09 v _2012_/X (sky130_fd_sc_hd__mux2_2)
                                         _0778_ (net)
                  0.06    0.00    5.09 v _2013_/B (sky130_fd_sc_hd__and2b_2)
     1    0.00    0.03    0.19    5.27 v _2013_/X (sky130_fd_sc_hd__and2b_2)
                                         _0779_ (net)
                  0.03    0.00    5.27 v _2014_/B1 (sky130_fd_sc_hd__a211o_2)
     2    0.01    0.06    0.31    5.58 v _2014_/X (sky130_fd_sc_hd__a211o_2)
                                         _0780_ (net)
                  0.06    0.00    5.58 v _2015_/B1 (sky130_fd_sc_hd__o22ai_2)
     1    0.00    0.13    0.10    5.68 ^ _2015_/Y (sky130_fd_sc_hd__o22ai_2)
                                         _0781_ (net)
                  0.13    0.00    5.68 ^ _2617_/A0 (sky130_fd_sc_hd__mux2_2)
     1    0.00    0.04    0.16    5.84 ^ _2617_/X (sky130_fd_sc_hd__mux2_2)
                                         _1272_ (net)
                  0.04    0.00    5.84 ^ _2618_/A (sky130_fd_sc_hd__buf_1)
     1    0.00    0.03    0.07    5.91 ^ _2618_/X (sky130_fd_sc_hd__buf_1)
                                         _0150_ (net)
                  0.03    0.00    5.91 ^ _2796_/D (sky130_fd_sc_hd__dfxtp_2)
                                  5.91   data arrival time

                  0.00   10.00   10.00   clock core_clock (rise edge)
                          0.00   10.00   clock network delay (ideal)
                          0.00   10.00   clock reconvergence pessimism
                                 10.00 ^ _2796_/CLK (sky130_fd_sc_hd__dfxtp_2)
                         -0.06    9.94   library setup time
                                  9.94   data required time
-----------------------------------------------------------------------------
                                  9.94   data required time
                                 -5.91   data arrival time
-----------------------------------------------------------------------------
                                  4.03   slack (MET)


Startpoint: _2816_ (rising edge-triggered flip-flop clocked by core_clock)
Endpoint: _2791_ (rising edge-triggered flip-flop clocked by core_clock)
Path Group: core_clock
Path Type: max

Fanout     Cap    Slew   Delay    Time   Description
-----------------------------------------------------------------------------
                  0.00    0.00    0.00   clock core_clock (rise edge)
                          0.00    0.00   clock network delay (ideal)
                  0.00    0.00    0.00 ^ _2816_/CLK (sky130_fd_sc_hd__dfrtp_2)
     7    0.02    0.07    0.41    0.41 v _2816_/Q (sky130_fd_sc_hd__dfrtp_2)
                                         imem.pc[3] (net)
                  0.07    0.00    0.41 v _1412_/A (sky130_fd_sc_hd__or3_2)
     8    0.01    0.12    0.54    0.95 v _1412_/X (sky130_fd_sc_hd__or3_2)
                                         _0219_ (net)
                  0.12    0.00    0.95 v _1416_/B (sky130_fd_sc_hd__nor2_2)
     6    0.01    0.15    0.16    1.10 ^ _1416_/Y (sky130_fd_sc_hd__nor2_2)
                                         _0223_ (net)
                  0.15    0.00    1.10 ^ _1471_/A (sky130_fd_sc_hd__buf_1)
    10    0.03    0.31    0.29    1.39 ^ _1471_/X (sky130_fd_sc_hd__buf_1)
                                         _0278_ (net)
                  0.31    0.00    1.39 ^ _1472_/A (sky130_fd_sc_hd__buf_1)
    10    0.02    0.26    0.28    1.67 ^ _1472_/X (sky130_fd_sc_hd__buf_1)
                                         _0279_ (net)
                  0.26    0.00    1.67 ^ _1516_/A (sky130_fd_sc_hd__buf_1)
    10    0.03    0.40    0.37    2.04 ^ _1516_/X (sky130_fd_sc_hd__buf_1)
                                         _0323_ (net)
                  0.40    0.00    2.04 ^ _1558_/S (sky130_fd_sc_hd__mux2_2)
     1    0.00    0.04    0.37    2.41 v _1558_/X (sky130_fd_sc_hd__mux2_2)
                                         _0365_ (net)
                  0.04    0.00    2.41 v _1560_/A0 (sky130_fd_sc_hd__mux2_2)
     3    0.01    0.07    0.29    2.70 v _1560_/X (sky130_fd_sc_hd__mux2_2)
                                         _0367_ (net)
                  0.07    0.00    2.70 v _1571_/A (sky130_fd_sc_hd__or4_2)
     1    0.00    0.11    0.67    3.37 v _1571_/X (sky130_fd_sc_hd__or4_2)
                                         _0378_ (net)
                  0.11    0.00    3.37 v _1572_/D (sky130_fd_sc_hd__nor4_2)
     1    0.00    0.16    0.13    3.50 ^ _1572_/Y (sky130_fd_sc_hd__nor4_2)
                                         _0379_ (net)
                  0.16    0.00    3.50 ^ _1573_/D (sky130_fd_sc_hd__and4_2)
     3    0.01    0.07    0.25    3.75 ^ _1573_/X (sky130_fd_sc_hd__and4_2)
                                         _0380_ (net)
                  0.07    0.00    3.75 ^ _1574_/A (sky130_fd_sc_hd__buf_1)
    10    0.03    0.31    0.27    4.02 ^ _1574_/X (sky130_fd_sc_hd__buf_1)
                                         _0381_ (net)
                  0.31    0.00    4.02 ^ _1642_/A (sky130_fd_sc_hd__buf_1)
    10    0.04    0.51    0.45    4.46 ^ _1642_/X (sky130_fd_sc_hd__buf_1)
                                         _0447_ (net)
                  0.51    0.00    4.46 ^ _1909_/A (sky130_fd_sc_hd__nand2_2)
     3    0.01    0.10    0.09    4.55 v _1909_/Y (sky130_fd_sc_hd__nand2_2)
                                         _0675_ (net)
                  0.10    0.00    4.55 v _1910_/A1 (sky130_fd_sc_hd__mux2_2)
     2    0.00    0.05    0.28    4.83 v _1910_/X (sky130_fd_sc_hd__mux2_2)
                                         _0676_ (net)
                  0.05    0.00    4.83 v _1911_/A1 (sky130_fd_sc_hd__mux2_2)
     2    0.01    0.06    0.28    5.11 v _1911_/X (sky130_fd_sc_hd__mux2_2)
                                         _0677_ (net)
                  0.06    0.00    5.11 v _1912_/B1 (sky130_fd_sc_hd__o22a_2)
     2    0.00    0.04    0.20    5.31 v _1912_/X (sky130_fd_sc_hd__o22a_2)
                                         _0678_ (net)
                  0.04    0.00    5.31 v _1913_/B (sky130_fd_sc_hd__or2_2)
     1    0.00    0.06    0.27    5.58 v _1913_/X (sky130_fd_sc_hd__or2_2)
                                         _0679_ (net)
                  0.06    0.00    5.58 v _1914_/B1 (sky130_fd_sc_hd__o21ai_2)
     1    0.00    0.08    0.05    5.63 ^ _1914_/Y (sky130_fd_sc_hd__o21ai_2)
                                         _0680_ (net)
                  0.08    0.00    5.63 ^ _2607_/A0 (sky130_fd_sc_hd__mux2_2)
     1    0.00    0.04    0.14    5.77 ^ _2607_/X (sky130_fd_sc_hd__mux2_2)
                                         _1267_ (net)
                  0.04    0.00    5.77 ^ _2608_/A (sky130_fd_sc_hd__buf_1)
     1    0.00    0.03    0.07    5.84 ^ _2608_/X (sky130_fd_sc_hd__buf_1)
                                         _0145_ (net)
                  0.03    0.00    5.84 ^ _2791_/D (sky130_fd_sc_hd__dfxtp_2)
                                  5.84   data arrival time

                  0.00   10.00   10.00   clock core_clock (rise edge)
                          0.00   10.00   clock network delay (ideal)
                          0.00   10.00   clock reconvergence pessimism
                                 10.00 ^ _2791_/CLK (sky130_fd_sc_hd__dfxtp_2)
                         -0.06    9.94   library setup time
                                  9.94   data required time
-----------------------------------------------------------------------------
                                  9.94   data required time
                                 -5.84   data arrival time
-----------------------------------------------------------------------------
                                  4.10   slack (MET)


Startpoint: _2816_ (rising edge-triggered flip-flop clocked by core_clock)
Endpoint: _2786_ (rising edge-triggered flip-flop clocked by core_clock)
Path Group: core_clock
Path Type: max

Fanout     Cap    Slew   Delay    Time   Description
-----------------------------------------------------------------------------
                  0.00    0.00    0.00   clock core_clock (rise edge)
                          0.00    0.00   clock network delay (ideal)
                  0.00    0.00    0.00 ^ _2816_/CLK (sky130_fd_sc_hd__dfrtp_2)
     7    0.02    0.07    0.41    0.41 v _2816_/Q (sky130_fd_sc_hd__dfrtp_2)
                                         imem.pc[3] (net)
                  0.07    0.00    0.41 v _1412_/A (sky130_fd_sc_hd__or3_2)
     8    0.01    0.12    0.54    0.95 v _1412_/X (sky130_fd_sc_hd__or3_2)
                                         _0219_ (net)
                  0.12    0.00    0.95 v _1416_/B (sky130_fd_sc_hd__nor2_2)
     6    0.01    0.15    0.16    1.10 ^ _1416_/Y (sky130_fd_sc_hd__nor2_2)
                                         _0223_ (net)
                  0.15    0.00    1.10 ^ _1471_/A (sky130_fd_sc_hd__buf_1)
    10    0.03    0.31    0.29    1.39 ^ _1471_/X (sky130_fd_sc_hd__buf_1)
                                         _0278_ (net)
                  0.31    0.00    1.39 ^ _1472_/A (sky130_fd_sc_hd__buf_1)
    10    0.02    0.26    0.28    1.67 ^ _1472_/X (sky130_fd_sc_hd__buf_1)
                                         _0279_ (net)
                  0.26    0.00    1.67 ^ _1516_/A (sky130_fd_sc_hd__buf_1)
    10    0.03    0.40    0.37    2.04 ^ _1516_/X (sky130_fd_sc_hd__buf_1)
                                         _0323_ (net)
                  0.40    0.00    2.04 ^ _1558_/S (sky130_fd_sc_hd__mux2_2)
     1    0.00    0.04    0.37    2.41 v _1558_/X (sky130_fd_sc_hd__mux2_2)
                                         _0365_ (net)
                  0.04    0.00    2.41 v _1560_/A0 (sky130_fd_sc_hd__mux2_2)
     3    0.01    0.07    0.29    2.70 v _1560_/X (sky130_fd_sc_hd__mux2_2)
                                         _0367_ (net)
                  0.07    0.00    2.70 v _1571_/A (sky130_fd_sc_hd__or4_2)
     1    0.00    0.11    0.67    3.37 v _1571_/X (sky130_fd_sc_hd__or4_2)
                                         _0378_ (net)
                  0.11    0.00    3.37 v _1572_/D (sky130_fd_sc_hd__nor4_2)
     1    0.00    0.16    0.13    3.50 ^ _1572_/Y (sky130_fd_sc_hd__nor4_2)
                                         _0379_ (net)
                  0.16    0.00    3.50 ^ _1573_/D (sky130_fd_sc_hd__and4_2)
     3    0.01    0.07    0.25    3.75 ^ _1573_/X (sky130_fd_sc_hd__and4_2)
                                         _0380_ (net)
                  0.07    0.00    3.75 ^ _1574_/A (sky130_fd_sc_hd__buf_1)
    10    0.03    0.31    0.27    4.02 ^ _1574_/X (sky130_fd_sc_hd__buf_1)
                                         _0381_ (net)
                  0.31    0.00    4.02 ^ _1665_/A (sky130_fd_sc_hd__buf_1)
    10    0.04    0.51    0.45    4.46 ^ _1665_/X (sky130_fd_sc_hd__buf_1)
                                         _0469_ (net)
                  0.51    0.00    4.46 ^ _1671_/A (sky130_fd_sc_hd__nand2_2)
     2    0.01    0.11    0.10    4.56 v _1671_/Y (sky130_fd_sc_hd__nand2_2)
                                         _0475_ (net)
                  0.11    0.00    4.56 v _1728_/A0 (sky130_fd_sc_hd__mux2_2)
     2    0.00    0.05    0.28    4.84 v _1728_/X (sky130_fd_sc_hd__mux2_2)
                                         _0530_ (net)
                  0.05    0.00    4.84 v _1730_/A1 (sky130_fd_sc_hd__mux2_2)
     3    0.01    0.06    0.27    5.11 v _1730_/X (sky130_fd_sc_hd__mux2_2)
                                         _0532_ (net)
                  0.06    0.00    5.11 v _1731_/C (sky130_fd_sc_hd__or3_2)
     1    0.00    0.08    0.42    5.53 v _1731_/X (sky130_fd_sc_hd__or3_2)
                                         _0533_ (net)
                  0.08    0.00    5.53 v _1732_/B1 (sky130_fd_sc_hd__o21ai_2)
     2    0.00    0.09    0.07    5.60 ^ _1732_/Y (sky130_fd_sc_hd__o21ai_2)
                                         alu.Result[5] (net)
                  0.09    0.00    5.60 ^ _2596_/A0 (sky130_fd_sc_hd__mux2_2)
     1    0.00    0.04    0.15    5.74 ^ _2596_/X (sky130_fd_sc_hd__mux2_2)
                                         _1261_ (net)
                  0.04    0.00    5.74 ^ _2597_/A (sky130_fd_sc_hd__buf_1)
     1    0.00    0.03    0.07    5.81 ^ _2597_/X (sky130_fd_sc_hd__buf_1)
                                         _0140_ (net)
                  0.03    0.00    5.81 ^ _2786_/D (sky130_fd_sc_hd__dfxtp_2)
                                  5.81   data arrival time

                  0.00   10.00   10.00   clock core_clock (rise edge)
                          0.00   10.00   clock network delay (ideal)
                          0.00   10.00   clock reconvergence pessimism
                                 10.00 ^ _2786_/CLK (sky130_fd_sc_hd__dfxtp_2)
                         -0.06    9.94   library setup time
                                  9.94   data required time
-----------------------------------------------------------------------------
                                  9.94   data required time
                                 -5.81   data arrival time
-----------------------------------------------------------------------------
                                  4.13   slack (MET)


Startpoint: _2816_ (rising edge-triggered flip-flop clocked by core_clock)
Endpoint: _2783_ (rising edge-triggered flip-flop clocked by core_clock)
Path Group: core_clock
Path Type: max

Fanout     Cap    Slew   Delay    Time   Description
-----------------------------------------------------------------------------
                  0.00    0.00    0.00   clock core_clock (rise edge)
                          0.00    0.00   clock network delay (ideal)
                  0.00    0.00    0.00 ^ _2816_/CLK (sky130_fd_sc_hd__dfrtp_2)
     7    0.02    0.07    0.41    0.41 v _2816_/Q (sky130_fd_sc_hd__dfrtp_2)
                                         imem.pc[3] (net)
                  0.07    0.00    0.41 v _1412_/A (sky130_fd_sc_hd__or3_2)
     8    0.01    0.12    0.54    0.95 v _1412_/X (sky130_fd_sc_hd__or3_2)
                                         _0219_ (net)
                  0.12    0.00    0.95 v _1416_/B (sky130_fd_sc_hd__nor2_2)
     6    0.01    0.15    0.16    1.10 ^ _1416_/Y (sky130_fd_sc_hd__nor2_2)
                                         _0223_ (net)
                  0.15    0.00    1.10 ^ _1471_/A (sky130_fd_sc_hd__buf_1)
    10    0.03    0.31    0.29    1.39 ^ _1471_/X (sky130_fd_sc_hd__buf_1)
                                         _0278_ (net)
                  0.31    0.00    1.39 ^ _1472_/A (sky130_fd_sc_hd__buf_1)
    10    0.02    0.26    0.28    1.67 ^ _1472_/X (sky130_fd_sc_hd__buf_1)
                                         _0279_ (net)
                  0.26    0.00    1.67 ^ _1516_/A (sky130_fd_sc_hd__buf_1)
    10    0.03    0.40    0.37    2.04 ^ _1516_/X (sky130_fd_sc_hd__buf_1)
                                         _0323_ (net)
                  0.40    0.00    2.04 ^ _1558_/S (sky130_fd_sc_hd__mux2_2)
     1    0.00    0.04    0.37    2.41 v _1558_/X (sky130_fd_sc_hd__mux2_2)
                                         _0365_ (net)
                  0.04    0.00    2.41 v _1560_/A0 (sky130_fd_sc_hd__mux2_2)
     3    0.01    0.07    0.29    2.70 v _1560_/X (sky130_fd_sc_hd__mux2_2)
                                         _0367_ (net)
                  0.07    0.00    2.70 v _1571_/A (sky130_fd_sc_hd__or4_2)
     1    0.00    0.11    0.67    3.37 v _1571_/X (sky130_fd_sc_hd__or4_2)
                                         _0378_ (net)
                  0.11    0.00    3.37 v _1572_/D (sky130_fd_sc_hd__nor4_2)
     1    0.00    0.16    0.13    3.50 ^ _1572_/Y (sky130_fd_sc_hd__nor4_2)
                                         _0379_ (net)
                  0.16    0.00    3.50 ^ _1573_/D (sky130_fd_sc_hd__and4_2)
     3    0.01    0.07    0.25    3.75 ^ _1573_/X (sky130_fd_sc_hd__and4_2)
                                         _0380_ (net)
                  0.07    0.00    3.75 ^ _1574_/A (sky130_fd_sc_hd__buf_1)
    10    0.03    0.31    0.27    4.02 ^ _1574_/X (sky130_fd_sc_hd__buf_1)
                                         _0381_ (net)
                  0.31    0.00    4.02 ^ _1642_/A (sky130_fd_sc_hd__buf_1)
    10    0.04    0.51    0.45    4.46 ^ _1642_/X (sky130_fd_sc_hd__buf_1)
                                         _0447_ (net)
                  0.51    0.00    4.46 ^ _1643_/A (sky130_fd_sc_hd__buf_1)
    10    0.04    0.43    0.41    4.87 ^ _1643_/X (sky130_fd_sc_hd__buf_1)
                                         _0448_ (net)
                  0.43    0.00    4.87 ^ _1653_/B (sky130_fd_sc_hd__and4_2)
     1    0.00    0.05    0.29    5.16 ^ _1653_/X (sky130_fd_sc_hd__and4_2)
                                         _0458_ (net)
                  0.05    0.00    5.16 ^ _1654_/B1 (sky130_fd_sc_hd__a31o_2)
     1    0.00    0.04    0.09    5.24 ^ _1654_/X (sky130_fd_sc_hd__a31o_2)
                                         _0459_ (net)
                  0.04    0.00    5.24 ^ _1655_/C (sky130_fd_sc_hd__and3_2)
     2    0.00    0.06    0.18    5.42 ^ _1655_/X (sky130_fd_sc_hd__and3_2)
                                         _0460_ (net)
                  0.06    0.00    5.42 ^ _1663_/A2 (sky130_fd_sc_hd__a21bo_2)
     2    0.00    0.05    0.13    5.54 ^ _1663_/X (sky130_fd_sc_hd__a21bo_2)
                                         _0468_ (net)
                  0.05    0.00    5.54 ^ _2590_/A0 (sky130_fd_sc_hd__mux2_2)
     1    0.00    0.04    0.13    5.67 ^ _2590_/X (sky130_fd_sc_hd__mux2_2)
                                         _1258_ (net)
                  0.04    0.00    5.67 ^ _2591_/A (sky130_fd_sc_hd__buf_1)
     1    0.00    0.03    0.07    5.74 ^ _2591_/X (sky130_fd_sc_hd__buf_1)
                                         _0137_ (net)
                  0.03    0.00    5.74 ^ _2783_/D (sky130_fd_sc_hd__dfxtp_2)
                                  5.74   data arrival time

                  0.00   10.00   10.00   clock core_clock (rise edge)
                          0.00   10.00   clock network delay (ideal)
                          0.00   10.00   clock reconvergence pessimism
                                 10.00 ^ _2783_/CLK (sky130_fd_sc_hd__dfxtp_2)
                         -0.06    9.94   library setup time
                                  9.94   data required time
-----------------------------------------------------------------------------
                                  9.94   data required time
                                 -5.74   data arrival time
-----------------------------------------------------------------------------
                                  4.19   slack (MET)


Startpoint: _2816_ (rising edge-triggered flip-flop clocked by core_clock)
Endpoint: _2790_ (rising edge-triggered flip-flop clocked by core_clock)
Path Group: core_clock
Path Type: max

Fanout     Cap    Slew   Delay    Time   Description
-----------------------------------------------------------------------------
                  0.00    0.00    0.00   clock core_clock (rise edge)
                          0.00    0.00   clock network delay (ideal)
                  0.00    0.00    0.00 ^ _2816_/CLK (sky130_fd_sc_hd__dfrtp_2)
     7    0.02    0.07    0.41    0.41 v _2816_/Q (sky130_fd_sc_hd__dfrtp_2)
                                         imem.pc[3] (net)
                  0.07    0.00    0.41 v _1412_/A (sky130_fd_sc_hd__or3_2)
     8    0.01    0.12    0.54    0.95 v _1412_/X (sky130_fd_sc_hd__or3_2)
                                         _0219_ (net)
                  0.12    0.00    0.95 v _1416_/B (sky130_fd_sc_hd__nor2_2)
     6    0.01    0.15    0.16    1.10 ^ _1416_/Y (sky130_fd_sc_hd__nor2_2)
                                         _0223_ (net)
                  0.15    0.00    1.10 ^ _1471_/A (sky130_fd_sc_hd__buf_1)
    10    0.03    0.31    0.29    1.39 ^ _1471_/X (sky130_fd_sc_hd__buf_1)
                                         _0278_ (net)
                  0.31    0.00    1.39 ^ _1472_/A (sky130_fd_sc_hd__buf_1)
    10    0.02    0.26    0.28    1.67 ^ _1472_/X (sky130_fd_sc_hd__buf_1)
                                         _0279_ (net)
                  0.26    0.00    1.67 ^ _1516_/A (sky130_fd_sc_hd__buf_1)
    10    0.03    0.40    0.37    2.04 ^ _1516_/X (sky130_fd_sc_hd__buf_1)
                                         _0323_ (net)
                  0.40    0.00    2.04 ^ _1558_/S (sky130_fd_sc_hd__mux2_2)
     1    0.00    0.04    0.37    2.41 v _1558_/X (sky130_fd_sc_hd__mux2_2)
                                         _0365_ (net)
                  0.04    0.00    2.41 v _1560_/A0 (sky130_fd_sc_hd__mux2_2)
     3    0.01    0.07    0.29    2.70 v _1560_/X (sky130_fd_sc_hd__mux2_2)
                                         _0367_ (net)
                  0.07    0.00    2.70 v _1571_/A (sky130_fd_sc_hd__or4_2)
     1    0.00    0.11    0.67    3.37 v _1571_/X (sky130_fd_sc_hd__or4_2)
                                         _0378_ (net)
                  0.11    0.00    3.37 v _1572_/D (sky130_fd_sc_hd__nor4_2)
     1    0.00    0.16    0.13    3.50 ^ _1572_/Y (sky130_fd_sc_hd__nor4_2)
                                         _0379_ (net)
                  0.16    0.00    3.50 ^ _1573_/D (sky130_fd_sc_hd__and4_2)
     3    0.01    0.07    0.25    3.75 ^ _1573_/X (sky130_fd_sc_hd__and4_2)
                                         _0380_ (net)
                  0.07    0.00    3.75 ^ _1574_/A (sky130_fd_sc_hd__buf_1)
    10    0.03    0.31    0.27    4.02 ^ _1574_/X (sky130_fd_sc_hd__buf_1)
                                         _0381_ (net)
                  0.31    0.00    4.02 ^ _1665_/A (sky130_fd_sc_hd__buf_1)
    10    0.04    0.51    0.45    4.46 ^ _1665_/X (sky130_fd_sc_hd__buf_1)
                                         _0469_ (net)
                  0.51    0.00    4.46 ^ _1671_/A (sky130_fd_sc_hd__nand2_2)
     2    0.01    0.11    0.10    4.56 v _1671_/Y (sky130_fd_sc_hd__nand2_2)
                                         _0475_ (net)
                  0.11    0.00    4.56 v _1728_/A0 (sky130_fd_sc_hd__mux2_2)
     2    0.00    0.05    0.28    4.84 v _1728_/X (sky130_fd_sc_hd__mux2_2)
                                         _0530_ (net)
                  0.05    0.00    4.84 v _1876_/A0 (sky130_fd_sc_hd__mux2_2)
     2    0.01    0.06    0.27    5.11 v _1876_/X (sky130_fd_sc_hd__mux2_2)
                                         _0642_ (net)
                  0.06    0.00    5.11 v _1877_/A2_N (sky130_fd_sc_hd__a2bb2o_2)
     2    0.00    0.04    0.22    5.34 ^ _1877_/X (sky130_fd_sc_hd__a2bb2o_2)
                                         _0643_ (net)
                  0.04    0.00    5.34 ^ _1885_/A2 (sky130_fd_sc_hd__a21o_2)
     1    0.00    0.03    0.11    5.44 ^ _1885_/X (sky130_fd_sc_hd__a21o_2)
                                         _0651_ (net)
                  0.03    0.00    5.44 ^ _2604_/A0 (sky130_fd_sc_hd__mux2_2)
     1    0.00    0.04    0.12    5.56 ^ _2604_/X (sky130_fd_sc_hd__mux2_2)
                                         _1265_ (net)
                  0.04    0.00    5.56 ^ _2605_/A (sky130_fd_sc_hd__buf_1)
     1    0.00    0.03    0.07    5.63 ^ _2605_/X (sky130_fd_sc_hd__buf_1)
                                         _0144_ (net)
                  0.03    0.00    5.63 ^ _2790_/D (sky130_fd_sc_hd__dfxtp_2)
                                  5.63   data arrival time

                  0.00   10.00   10.00   clock core_clock (rise edge)
                          0.00   10.00   clock network delay (ideal)
                          0.00   10.00   clock reconvergence pessimism
                                 10.00 ^ _2790_/CLK (sky130_fd_sc_hd__dfxtp_2)
                         -0.06    9.94   library setup time
                                  9.94   data required time
-----------------------------------------------------------------------------
                                  9.94   data required time
                                 -5.63   data arrival time
-----------------------------------------------------------------------------
                                  4.30   slack (MET)


Startpoint: _2816_ (rising edge-triggered flip-flop clocked by core_clock)
Endpoint: _2789_ (rising edge-triggered flip-flop clocked by core_clock)
Path Group: core_clock
Path Type: max

Fanout     Cap    Slew   Delay    Time   Description
-----------------------------------------------------------------------------
                  0.00    0.00    0.00   clock core_clock (rise edge)
                          0.00    0.00   clock network delay (ideal)
                  0.00    0.00    0.00 ^ _2816_/CLK (sky130_fd_sc_hd__dfrtp_2)
     7    0.02    0.07    0.41    0.41 v _2816_/Q (sky130_fd_sc_hd__dfrtp_2)
                                         imem.pc[3] (net)
                  0.07    0.00    0.41 v _1412_/A (sky130_fd_sc_hd__or3_2)
     8    0.01    0.12    0.54    0.95 v _1412_/X (sky130_fd_sc_hd__or3_2)
                                         _0219_ (net)
                  0.12    0.00    0.95 v _1416_/B (sky130_fd_sc_hd__nor2_2)
     6    0.01    0.15    0.16    1.10 ^ _1416_/Y (sky130_fd_sc_hd__nor2_2)
                                         _0223_ (net)
                  0.15    0.00    1.10 ^ _1471_/A (sky130_fd_sc_hd__buf_1)
    10    0.03    0.31    0.29    1.39 ^ _1471_/X (sky130_fd_sc_hd__buf_1)
                                         _0278_ (net)
                  0.31    0.00    1.39 ^ _1472_/A (sky130_fd_sc_hd__buf_1)
    10    0.02    0.26    0.28    1.67 ^ _1472_/X (sky130_fd_sc_hd__buf_1)
                                         _0279_ (net)
                  0.26    0.00    1.67 ^ _1516_/A (sky130_fd_sc_hd__buf_1)
    10    0.03    0.40    0.37    2.04 ^ _1516_/X (sky130_fd_sc_hd__buf_1)
                                         _0323_ (net)
                  0.40    0.00    2.04 ^ _1558_/S (sky130_fd_sc_hd__mux2_2)
     1    0.00    0.04    0.37    2.41 v _1558_/X (sky130_fd_sc_hd__mux2_2)
                                         _0365_ (net)
                  0.04    0.00    2.41 v _1560_/A0 (sky130_fd_sc_hd__mux2_2)
     3    0.01    0.07    0.29    2.70 v _1560_/X (sky130_fd_sc_hd__mux2_2)
                                         _0367_ (net)
                  0.07    0.00    2.70 v _1571_/A (sky130_fd_sc_hd__or4_2)
     1    0.00    0.11    0.67    3.37 v _1571_/X (sky130_fd_sc_hd__or4_2)
                                         _0378_ (net)
                  0.11    0.00    3.37 v _1572_/D (sky130_fd_sc_hd__nor4_2)
     1    0.00    0.16    0.13    3.50 ^ _1572_/Y (sky130_fd_sc_hd__nor4_2)
                                         _0379_ (net)
                  0.16    0.00    3.50 ^ _1573_/D (sky130_fd_sc_hd__and4_2)
     3    0.01    0.07    0.25    3.75 ^ _1573_/X (sky130_fd_sc_hd__and4_2)
                                         _0380_ (net)
                  0.07    0.00    3.75 ^ _1574_/A (sky130_fd_sc_hd__buf_1)
    10    0.03    0.31    0.27    4.02 ^ _1574_/X (sky130_fd_sc_hd__buf_1)
                                         _0381_ (net)
                  0.31    0.00    4.02 ^ _1642_/A (sky130_fd_sc_hd__buf_1)
    10    0.04    0.51    0.45    4.46 ^ _1642_/X (sky130_fd_sc_hd__buf_1)
                                         _0447_ (net)
                  0.51    0.00    4.46 ^ _1853_/A (sky130_fd_sc_hd__nand2_2)
     3    0.01    0.10    0.09    4.55 v _1853_/Y (sky130_fd_sc_hd__nand2_2)
                                         _0619_ (net)
                  0.10    0.00    4.55 v _1854_/A1 (sky130_fd_sc_hd__mux2_2)
     1    0.00    0.04    0.27    4.82 v _1854_/X (sky130_fd_sc_hd__mux2_2)
                                         _0620_ (net)
                  0.04    0.00    4.82 v _1855_/A1 (sky130_fd_sc_hd__mux2_2)
     2    0.00    0.05    0.26    5.08 v _1855_/X (sky130_fd_sc_hd__mux2_2)
                                         _0621_ (net)
                  0.05    0.00    5.08 v _1857_/A2_N (sky130_fd_sc_hd__a2bb2o_2)
     2    0.00    0.04    0.22    5.31 ^ _1857_/X (sky130_fd_sc_hd__a2bb2o_2)
                                         _0623_ (net)
                  0.04    0.00    5.31 ^ _1869_/A2 (sky130_fd_sc_hd__a21o_2)
     1    0.00    0.03    0.11    5.41 ^ _1869_/X (sky130_fd_sc_hd__a21o_2)
                                         _0635_ (net)
                  0.03    0.00    5.41 ^ _2602_/A0 (sky130_fd_sc_hd__mux2_2)
     1    0.00    0.04    0.12    5.54 ^ _2602_/X (sky130_fd_sc_hd__mux2_2)
                                         _1264_ (net)
                  0.04    0.00    5.54 ^ _2603_/A (sky130_fd_sc_hd__buf_1)
     1    0.00    0.03    0.07    5.61 ^ _2603_/X (sky130_fd_sc_hd__buf_1)
                                         _0143_ (net)
                  0.03    0.00    5.61 ^ _2789_/D (sky130_fd_sc_hd__dfxtp_2)
                                  5.61   data arrival time

                  0.00   10.00   10.00   clock core_clock (rise edge)
                          0.00   10.00   clock network delay (ideal)
                          0.00   10.00   clock reconvergence pessimism
                                 10.00 ^ _2789_/CLK (sky130_fd_sc_hd__dfxtp_2)
                         -0.06    9.94   library setup time
                                  9.94   data required time
-----------------------------------------------------------------------------
                                  9.94   data required time
                                 -5.61   data arrival time
-----------------------------------------------------------------------------
                                  4.33   slack (MET)


Startpoint: _2816_ (rising edge-triggered flip-flop clocked by core_clock)
Endpoint: _2784_ (rising edge-triggered flip-flop clocked by core_clock)
Path Group: core_clock
Path Type: max

Fanout     Cap    Slew   Delay    Time   Description
-----------------------------------------------------------------------------
                  0.00    0.00    0.00   clock core_clock (rise edge)
                          0.00    0.00   clock network delay (ideal)
                  0.00    0.00    0.00 ^ _2816_/CLK (sky130_fd_sc_hd__dfrtp_2)
     7    0.02    0.07    0.41    0.41 v _2816_/Q (sky130_fd_sc_hd__dfrtp_2)
                                         imem.pc[3] (net)
                  0.07    0.00    0.41 v _1412_/A (sky130_fd_sc_hd__or3_2)
     8    0.01    0.12    0.54    0.95 v _1412_/X (sky130_fd_sc_hd__or3_2)
                                         _0219_ (net)
                  0.12    0.00    0.95 v _1416_/B (sky130_fd_sc_hd__nor2_2)
     6    0.01    0.15    0.16    1.10 ^ _1416_/Y (sky130_fd_sc_hd__nor2_2)
                                         _0223_ (net)
                  0.15    0.00    1.10 ^ _1471_/A (sky130_fd_sc_hd__buf_1)
    10    0.03    0.31    0.29    1.39 ^ _1471_/X (sky130_fd_sc_hd__buf_1)
                                         _0278_ (net)
                  0.31    0.00    1.39 ^ _1472_/A (sky130_fd_sc_hd__buf_1)
    10    0.02    0.26    0.28    1.67 ^ _1472_/X (sky130_fd_sc_hd__buf_1)
                                         _0279_ (net)
                  0.26    0.00    1.67 ^ _1516_/A (sky130_fd_sc_hd__buf_1)
    10    0.03    0.40    0.37    2.04 ^ _1516_/X (sky130_fd_sc_hd__buf_1)
                                         _0323_ (net)
                  0.40    0.00    2.04 ^ _1558_/S (sky130_fd_sc_hd__mux2_2)
     1    0.00    0.04    0.37    2.41 v _1558_/X (sky130_fd_sc_hd__mux2_2)
                                         _0365_ (net)
                  0.04    0.00    2.41 v _1560_/A0 (sky130_fd_sc_hd__mux2_2)
     3    0.01    0.07    0.29    2.70 v _1560_/X (sky130_fd_sc_hd__mux2_2)
                                         _0367_ (net)
                  0.07    0.00    2.70 v _1571_/A (sky130_fd_sc_hd__or4_2)
     1    0.00    0.11    0.67    3.37 v _1571_/X (sky130_fd_sc_hd__or4_2)
                                         _0378_ (net)
                  0.11    0.00    3.37 v _1572_/D (sky130_fd_sc_hd__nor4_2)
     1    0.00    0.16    0.13    3.50 ^ _1572_/Y (sky130_fd_sc_hd__nor4_2)
                                         _0379_ (net)
                  0.16    0.00    3.50 ^ _1573_/D (sky130_fd_sc_hd__and4_2)
     3    0.01    0.07    0.25    3.75 ^ _1573_/X (sky130_fd_sc_hd__and4_2)
                                         _0380_ (net)
                  0.07    0.00    3.75 ^ _1574_/A (sky130_fd_sc_hd__buf_1)
    10    0.03    0.31    0.27    4.02 ^ _1574_/X (sky130_fd_sc_hd__buf_1)
                                         _0381_ (net)
                  0.31    0.00    4.02 ^ _1642_/A (sky130_fd_sc_hd__buf_1)
    10    0.04    0.51    0.45    4.46 ^ _1642_/X (sky130_fd_sc_hd__buf_1)
                                         _0447_ (net)
                  0.51    0.00    4.46 ^ _1643_/A (sky130_fd_sc_hd__buf_1)
    10    0.04    0.43    0.41    4.87 ^ _1643_/X (sky130_fd_sc_hd__buf_1)
                                         _0448_ (net)
                  0.43    0.00    4.87 ^ _1673_/A3 (sky130_fd_sc_hd__a41o_2)
     1    0.00    0.04    0.25    5.11 ^ _1673_/X (sky130_fd_sc_hd__a41o_2)
                                         _0477_ (net)
                  0.04    0.00    5.11 ^ _1674_/C (sky130_fd_sc_hd__and3_2)
     2    0.00    0.06    0.18    5.29 ^ _1674_/X (sky130_fd_sc_hd__and3_2)
                                         _0478_ (net)
                  0.06    0.00    5.29 ^ _1683_/A2 (sky130_fd_sc_hd__a21o_2)
     2    0.00    0.04    0.12    5.41 ^ _1683_/X (sky130_fd_sc_hd__a21o_2)
                                         alu.Result[3] (net)
                  0.04    0.00    5.41 ^ _2592_/A0 (sky130_fd_sc_hd__mux2_2)
     1    0.00    0.04    0.13    5.54 ^ _2592_/X (sky130_fd_sc_hd__mux2_2)
                                         _1259_ (net)
                  0.04    0.00    5.54 ^ _2593_/A (sky130_fd_sc_hd__buf_1)
     1    0.00    0.03    0.07    5.60 ^ _2593_/X (sky130_fd_sc_hd__buf_1)
                                         _0138_ (net)
                  0.03    0.00    5.60 ^ _2784_/D (sky130_fd_sc_hd__dfxtp_2)
                                  5.60   data arrival time

                  0.00   10.00   10.00   clock core_clock (rise edge)
                          0.00   10.00   clock network delay (ideal)
                          0.00   10.00   clock reconvergence pessimism
                                 10.00 ^ _2784_/CLK (sky130_fd_sc_hd__dfxtp_2)
                         -0.06    9.94   library setup time
                                  9.94   data required time
-----------------------------------------------------------------------------
                                  9.94   data required time
                                 -5.60   data arrival time
-----------------------------------------------------------------------------
                                  4.33   slack (MET)


Startpoint: _2816_ (rising edge-triggered flip-flop clocked by core_clock)
Endpoint: _2785_ (rising edge-triggered flip-flop clocked by core_clock)
Path Group: core_clock
Path Type: max

Fanout     Cap    Slew   Delay    Time   Description
-----------------------------------------------------------------------------
                  0.00    0.00    0.00   clock core_clock (rise edge)
                          0.00    0.00   clock network delay (ideal)
                  0.00    0.00    0.00 ^ _2816_/CLK (sky130_fd_sc_hd__dfrtp_2)
     7    0.02    0.07    0.41    0.41 v _2816_/Q (sky130_fd_sc_hd__dfrtp_2)
                                         imem.pc[3] (net)
                  0.07    0.00    0.41 v _1412_/A (sky130_fd_sc_hd__or3_2)
     8    0.01    0.12    0.54    0.95 v _1412_/X (sky130_fd_sc_hd__or3_2)
                                         _0219_ (net)
                  0.12    0.00    0.95 v _1416_/B (sky130_fd_sc_hd__nor2_2)
     6    0.01    0.15    0.16    1.10 ^ _1416_/Y (sky130_fd_sc_hd__nor2_2)
                                         _0223_ (net)
                  0.15    0.00    1.10 ^ _1471_/A (sky130_fd_sc_hd__buf_1)
    10    0.03    0.31    0.29    1.39 ^ _1471_/X (sky130_fd_sc_hd__buf_1)
                                         _0278_ (net)
                  0.31    0.00    1.39 ^ _1472_/A (sky130_fd_sc_hd__buf_1)
    10    0.02    0.26    0.28    1.67 ^ _1472_/X (sky130_fd_sc_hd__buf_1)
                                         _0279_ (net)
                  0.26    0.00    1.67 ^ _1516_/A (sky130_fd_sc_hd__buf_1)
    10    0.03    0.40    0.37    2.04 ^ _1516_/X (sky130_fd_sc_hd__buf_1)
                                         _0323_ (net)
                  0.40    0.00    2.04 ^ _1558_/S (sky130_fd_sc_hd__mux2_2)
     1    0.00    0.04    0.37    2.41 v _1558_/X (sky130_fd_sc_hd__mux2_2)
                                         _0365_ (net)
                  0.04    0.00    2.41 v _1560_/A0 (sky130_fd_sc_hd__mux2_2)
     3    0.01    0.07    0.29    2.70 v _1560_/X (sky130_fd_sc_hd__mux2_2)
                                         _0367_ (net)
                  0.07    0.00    2.70 v _1571_/A (sky130_fd_sc_hd__or4_2)
     1    0.00    0.11    0.67    3.37 v _1571_/X (sky130_fd_sc_hd__or4_2)
                                         _0378_ (net)
                  0.11    0.00    3.37 v _1572_/D (sky130_fd_sc_hd__nor4_2)
     1    0.00    0.16    0.13    3.50 ^ _1572_/Y (sky130_fd_sc_hd__nor4_2)
                                         _0379_ (net)
                  0.16    0.00    3.50 ^ _1573_/D (sky130_fd_sc_hd__and4_2)
     3    0.01    0.07    0.25    3.75 ^ _1573_/X (sky130_fd_sc_hd__and4_2)
                                         _0380_ (net)
                  0.07    0.00    3.75 ^ _1574_/A (sky130_fd_sc_hd__buf_1)
    10    0.03    0.31    0.27    4.02 ^ _1574_/X (sky130_fd_sc_hd__buf_1)
                                         _0381_ (net)
                  0.31    0.00    4.02 ^ _1665_/A (sky130_fd_sc_hd__buf_1)
    10    0.04    0.51    0.45    4.46 ^ _1665_/X (sky130_fd_sc_hd__buf_1)
                                         _0469_ (net)
                  0.51    0.00    4.46 ^ _1696_/A (sky130_fd_sc_hd__nand2_2)
     2    0.00    0.09    0.07    4.54 v _1696_/Y (sky130_fd_sc_hd__nand2_2)
                                         _0499_ (net)
                  0.09    0.00    4.54 v _1698_/A1 (sky130_fd_sc_hd__mux2_2)
     2    0.00    0.05    0.28    4.82 v _1698_/X (sky130_fd_sc_hd__mux2_2)
                                         _0501_ (net)
                  0.05    0.00    4.82 v _1699_/A1 (sky130_fd_sc_hd__mux2_2)
     2    0.01    0.06    0.27    5.09 v _1699_/X (sky130_fd_sc_hd__mux2_2)
                                         _0502_ (net)
                  0.06    0.00    5.09 v _1700_/B (sky130_fd_sc_hd__nor2_2)
     2    0.00    0.09    0.09    5.18 ^ _1700_/Y (sky130_fd_sc_hd__nor2_2)
                                         _0503_ (net)
                  0.09    0.00    5.18 ^ _1710_/A2 (sky130_fd_sc_hd__a21bo_2)
     1    0.00    0.03    0.13    5.31 ^ _1710_/X (sky130_fd_sc_hd__a21bo_2)
                                         _0513_ (net)
                  0.03    0.00    5.31 ^ _1711_/A (sky130_fd_sc_hd__buf_1)
     2    0.00    0.06    0.08    5.39 ^ _1711_/X (sky130_fd_sc_hd__buf_1)
                                         alu.Result[4] (net)
                  0.06    0.00    5.39 ^ _2594_/A0 (sky130_fd_sc_hd__mux2_2)
     1    0.00    0.04    0.13    5.52 ^ _2594_/X (sky130_fd_sc_hd__mux2_2)
                                         _1260_ (net)
                  0.04    0.00    5.52 ^ _2595_/A (sky130_fd_sc_hd__buf_1)
     1    0.00    0.03    0.07    5.59 ^ _2595_/X (sky130_fd_sc_hd__buf_1)
                                         _0139_ (net)
                  0.03    0.00    5.59 ^ _2785_/D (sky130_fd_sc_hd__dfxtp_2)
                                  5.59   data arrival time

                  0.00   10.00   10.00   clock core_clock (rise edge)
                          0.00   10.00   clock network delay (ideal)
                          0.00   10.00   clock reconvergence pessimism
                                 10.00 ^ _2785_/CLK (sky130_fd_sc_hd__dfxtp_2)
                         -0.06    9.94   library setup time
                                  9.94   data required time
-----------------------------------------------------------------------------
                                  9.94   data required time
                                 -5.59   data arrival time
-----------------------------------------------------------------------------
                                  4.34   slack (MET)


Startpoint: _2816_ (rising edge-triggered flip-flop clocked by core_clock)
Endpoint: _2792_ (rising edge-triggered flip-flop clocked by core_clock)
Path Group: core_clock
Path Type: max

Fanout     Cap    Slew   Delay    Time   Description
-----------------------------------------------------------------------------
                  0.00    0.00    0.00   clock core_clock (rise edge)
                          0.00    0.00   clock network delay (ideal)
                  0.00    0.00    0.00 ^ _2816_/CLK (sky130_fd_sc_hd__dfrtp_2)
     7    0.02    0.07    0.41    0.41 v _2816_/Q (sky130_fd_sc_hd__dfrtp_2)
                                         imem.pc[3] (net)
                  0.07    0.00    0.41 v _1412_/A (sky130_fd_sc_hd__or3_2)
     8    0.01    0.12    0.54    0.95 v _1412_/X (sky130_fd_sc_hd__or3_2)
                                         _0219_ (net)
                  0.12    0.00    0.95 v _1416_/B (sky130_fd_sc_hd__nor2_2)
     6    0.01    0.15    0.16    1.10 ^ _1416_/Y (sky130_fd_sc_hd__nor2_2)
                                         _0223_ (net)
                  0.15    0.00    1.10 ^ _1471_/A (sky130_fd_sc_hd__buf_1)
    10    0.03    0.31    0.29    1.39 ^ _1471_/X (sky130_fd_sc_hd__buf_1)
                                         _0278_ (net)
                  0.31    0.00    1.39 ^ _1472_/A (sky130_fd_sc_hd__buf_1)
    10    0.02    0.26    0.28    1.67 ^ _1472_/X (sky130_fd_sc_hd__buf_1)
                                         _0279_ (net)
                  0.26    0.00    1.67 ^ _1516_/A (sky130_fd_sc_hd__buf_1)
    10    0.03    0.40    0.37    2.04 ^ _1516_/X (sky130_fd_sc_hd__buf_1)
                                         _0323_ (net)
                  0.40    0.00    2.04 ^ _1558_/S (sky130_fd_sc_hd__mux2_2)
     1    0.00    0.04    0.37    2.41 v _1558_/X (sky130_fd_sc_hd__mux2_2)
                                         _0365_ (net)
                  0.04    0.00    2.41 v _1560_/A0 (sky130_fd_sc_hd__mux2_2)
     3    0.01    0.07    0.29    2.70 v _1560_/X (sky130_fd_sc_hd__mux2_2)
                                         _0367_ (net)
                  0.07    0.00    2.70 v _1571_/A (sky130_fd_sc_hd__or4_2)
     1    0.00    0.11    0.67    3.37 v _1571_/X (sky130_fd_sc_hd__or4_2)
                                         _0378_ (net)
                  0.11    0.00    3.37 v _1572_/D (sky130_fd_sc_hd__nor4_2)
     1    0.00    0.16    0.13    3.50 ^ _1572_/Y (sky130_fd_sc_hd__nor4_2)
                                         _0379_ (net)
                  0.16    0.00    3.50 ^ _1573_/D (sky130_fd_sc_hd__and4_2)
     3    0.01    0.07    0.25    3.75 ^ _1573_/X (sky130_fd_sc_hd__and4_2)
                                         _0380_ (net)
                  0.07    0.00    3.75 ^ _1574_/A (sky130_fd_sc_hd__buf_1)
    10    0.03    0.31    0.27    4.02 ^ _1574_/X (sky130_fd_sc_hd__buf_1)
                                         _0381_ (net)
                  0.31    0.00    4.02 ^ _1642_/A (sky130_fd_sc_hd__buf_1)
    10    0.04    0.51    0.45    4.46 ^ _1642_/X (sky130_fd_sc_hd__buf_1)
                                         _0447_ (net)
                  0.51    0.00    4.46 ^ _1927_/A (sky130_fd_sc_hd__nand2_2)
     2    0.00    0.09    0.07    4.54 v _1927_/Y (sky130_fd_sc_hd__nand2_2)
                                         _0693_ (net)
                  0.09    0.00    4.54 v _1928_/A1 (sky130_fd_sc_hd__mux2_2)
     2    0.00    0.05    0.28    4.81 v _1928_/X (sky130_fd_sc_hd__mux2_2)
                                         _0694_ (net)
                  0.05    0.00    4.81 v _1929_/A1 (sky130_fd_sc_hd__mux2_2)
     2    0.01    0.06    0.28    5.09 v _1929_/X (sky130_fd_sc_hd__mux2_2)
                                         _0695_ (net)
                  0.06    0.00    5.09 v _1930_/B1 (sky130_fd_sc_hd__o22ai_2)
     2    0.00    0.14    0.12    5.21 ^ _1930_/Y (sky130_fd_sc_hd__o22ai_2)
                                         _0696_ (net)
                  0.14    0.00    5.21 ^ _1931_/B1 (sky130_fd_sc_hd__a22o_2)
     1    0.00    0.04    0.14    5.35 ^ _1931_/X (sky130_fd_sc_hd__a22o_2)
                                         _0697_ (net)
                  0.04    0.00    5.35 ^ _2609_/A0 (sky130_fd_sc_hd__mux2_2)
     1    0.00    0.04    0.13    5.48 ^ _2609_/X (sky130_fd_sc_hd__mux2_2)
                                         _1268_ (net)
                  0.04    0.00    5.48 ^ _2610_/A (sky130_fd_sc_hd__buf_1)
     1    0.00    0.03    0.07    5.55 ^ _2610_/X (sky130_fd_sc_hd__buf_1)
                                         _0146_ (net)
                  0.03    0.00    5.55 ^ _2792_/D (sky130_fd_sc_hd__dfxtp_2)
                                  5.55   data arrival time

                  0.00   10.00   10.00   clock core_clock (rise edge)
                          0.00   10.00   clock network delay (ideal)
                          0.00   10.00   clock reconvergence pessimism
                                 10.00 ^ _2792_/CLK (sky130_fd_sc_hd__dfxtp_2)
                         -0.06    9.94   library setup time
                                  9.94   data required time
-----------------------------------------------------------------------------
                                  9.94   data required time
                                 -5.55   data arrival time
-----------------------------------------------------------------------------
                                  4.39   slack (MET)


Startpoint: _2816_ (rising edge-triggered flip-flop clocked by core_clock)
Endpoint: _2788_ (rising edge-triggered flip-flop clocked by core_clock)
Path Group: core_clock
Path Type: max

Fanout     Cap    Slew   Delay    Time   Description
-----------------------------------------------------------------------------
                  0.00    0.00    0.00   clock core_clock (rise edge)
                          0.00    0.00   clock network delay (ideal)
                  0.00    0.00    0.00 ^ _2816_/CLK (sky130_fd_sc_hd__dfrtp_2)
     7    0.02    0.07    0.41    0.41 v _2816_/Q (sky130_fd_sc_hd__dfrtp_2)
                                         imem.pc[3] (net)
                  0.07    0.00    0.41 v _1412_/A (sky130_fd_sc_hd__or3_2)
     8    0.01    0.12    0.54    0.95 v _1412_/X (sky130_fd_sc_hd__or3_2)
                                         _0219_ (net)
                  0.12    0.00    0.95 v _1416_/B (sky130_fd_sc_hd__nor2_2)
     6    0.01    0.15    0.16    1.10 ^ _1416_/Y (sky130_fd_sc_hd__nor2_2)
                                         _0223_ (net)
                  0.15    0.00    1.10 ^ _1471_/A (sky130_fd_sc_hd__buf_1)
    10    0.03    0.31    0.29    1.39 ^ _1471_/X (sky130_fd_sc_hd__buf_1)
                                         _0278_ (net)
                  0.31    0.00    1.39 ^ _1472_/A (sky130_fd_sc_hd__buf_1)
    10    0.02    0.26    0.28    1.67 ^ _1472_/X (sky130_fd_sc_hd__buf_1)
                                         _0279_ (net)
                  0.26    0.00    1.67 ^ _1516_/A (sky130_fd_sc_hd__buf_1)
    10    0.03    0.40    0.37    2.04 ^ _1516_/X (sky130_fd_sc_hd__buf_1)
                                         _0323_ (net)
                  0.40    0.00    2.04 ^ _1558_/S (sky130_fd_sc_hd__mux2_2)
     1    0.00    0.04    0.37    2.41 v _1558_/X (sky130_fd_sc_hd__mux2_2)
                                         _0365_ (net)
                  0.04    0.00    2.41 v _1560_/A0 (sky130_fd_sc_hd__mux2_2)
     3    0.01    0.07    0.29    2.70 v _1560_/X (sky130_fd_sc_hd__mux2_2)
                                         _0367_ (net)
                  0.07    0.00    2.70 v _1571_/A (sky130_fd_sc_hd__or4_2)
     1    0.00    0.11    0.67    3.37 v _1571_/X (sky130_fd_sc_hd__or4_2)
                                         _0378_ (net)
                  0.11    0.00    3.37 v _1572_/D (sky130_fd_sc_hd__nor4_2)
     1    0.00    0.16    0.13    3.50 ^ _1572_/Y (sky130_fd_sc_hd__nor4_2)
                                         _0379_ (net)
                  0.16    0.00    3.50 ^ _1573_/D (sky130_fd_sc_hd__and4_2)
     3    0.01    0.07    0.25    3.75 ^ _1573_/X (sky130_fd_sc_hd__and4_2)
                                         _0380_ (net)
                  0.07    0.00    3.75 ^ _1574_/A (sky130_fd_sc_hd__buf_1)
    10    0.03    0.31    0.27    4.02 ^ _1574_/X (sky130_fd_sc_hd__buf_1)
                                         _0381_ (net)
                  0.31    0.00    4.02 ^ _1665_/A (sky130_fd_sc_hd__buf_1)
    10    0.04    0.51    0.45    4.46 ^ _1665_/X (sky130_fd_sc_hd__buf_1)
                                         _0469_ (net)
                  0.51    0.00    4.46 ^ _1836_/A (sky130_fd_sc_hd__nand2_2)
     2    0.00    0.09    0.07    4.54 v _1836_/Y (sky130_fd_sc_hd__nand2_2)
                                         _0602_ (net)
                  0.09    0.00    4.54 v _1837_/A1 (sky130_fd_sc_hd__mux2_2)
     2    0.00    0.05    0.28    4.82 v _1837_/X (sky130_fd_sc_hd__mux2_2)
                                         _0603_ (net)
                  0.05    0.00    4.82 v _1838_/A1 (sky130_fd_sc_hd__mux2_2)
     2    0.01    0.06    0.28    5.09 v _1838_/X (sky130_fd_sc_hd__mux2_2)
                                         _0604_ (net)
                  0.06    0.00    5.09 v _1839_/B (sky130_fd_sc_hd__nor2_2)
     2    0.01    0.11    0.11    5.20 ^ _1839_/Y (sky130_fd_sc_hd__nor2_2)
                                         _0605_ (net)
                  0.11    0.00    5.20 ^ _1848_/A2 (sky130_fd_sc_hd__a21o_2)
     1    0.00    0.03    0.13    5.33 ^ _1848_/X (sky130_fd_sc_hd__a21o_2)
                                         _0614_ (net)
                  0.03    0.00    5.33 ^ _2600_/A0 (sky130_fd_sc_hd__mux2_2)
     1    0.00    0.04    0.12    5.45 ^ _2600_/X (sky130_fd_sc_hd__mux2_2)
                                         _1263_ (net)
                  0.04    0.00    5.45 ^ _2601_/A (sky130_fd_sc_hd__buf_1)
     1    0.00    0.03    0.07    5.52 ^ _2601_/X (sky130_fd_sc_hd__buf_1)
                                         _0142_ (net)
                  0.03    0.00    5.52 ^ _2788_/D (sky130_fd_sc_hd__dfxtp_2)
                                  5.52   data arrival time

                  0.00   10.00   10.00   clock core_clock (rise edge)
                          0.00   10.00   clock network delay (ideal)
                          0.00   10.00   clock reconvergence pessimism
                                 10.00 ^ _2788_/CLK (sky130_fd_sc_hd__dfxtp_2)
                         -0.06    9.94   library setup time
                                  9.94   data required time
-----------------------------------------------------------------------------
                                  9.94   data required time
                                 -5.52   data arrival time
-----------------------------------------------------------------------------
                                  4.42   slack (MET)


Startpoint: _2816_ (rising edge-triggered flip-flop clocked by core_clock)
Endpoint: _2787_ (rising edge-triggered flip-flop clocked by core_clock)
Path Group: core_clock
Path Type: max

Fanout     Cap    Slew   Delay    Time   Description
-----------------------------------------------------------------------------
                  0.00    0.00    0.00   clock core_clock (rise edge)
                          0.00    0.00   clock network delay (ideal)
                  0.00    0.00    0.00 ^ _2816_/CLK (sky130_fd_sc_hd__dfrtp_2)
     7    0.02    0.07    0.41    0.41 v _2816_/Q (sky130_fd_sc_hd__dfrtp_2)
                                         imem.pc[3] (net)
                  0.07    0.00    0.41 v _1412_/A (sky130_fd_sc_hd__or3_2)
     8    0.01    0.12    0.54    0.95 v _1412_/X (sky130_fd_sc_hd__or3_2)
                                         _0219_ (net)
                  0.12    0.00    0.95 v _1416_/B (sky130_fd_sc_hd__nor2_2)
     6    0.01    0.15    0.16    1.10 ^ _1416_/Y (sky130_fd_sc_hd__nor2_2)
                                         _0223_ (net)
                  0.15    0.00    1.10 ^ _1471_/A (sky130_fd_sc_hd__buf_1)
    10    0.03    0.31    0.29    1.39 ^ _1471_/X (sky130_fd_sc_hd__buf_1)
                                         _0278_ (net)
                  0.31    0.00    1.39 ^ _1472_/A (sky130_fd_sc_hd__buf_1)
    10    0.02    0.26    0.28    1.67 ^ _1472_/X (sky130_fd_sc_hd__buf_1)
                                         _0279_ (net)
                  0.26    0.00    1.67 ^ _1516_/A (sky130_fd_sc_hd__buf_1)
    10    0.03    0.40    0.37    2.04 ^ _1516_/X (sky130_fd_sc_hd__buf_1)
                                         _0323_ (net)
                  0.40    0.00    2.04 ^ _1558_/S (sky130_fd_sc_hd__mux2_2)
     1    0.00    0.04    0.37    2.41 v _1558_/X (sky130_fd_sc_hd__mux2_2)
                                         _0365_ (net)
                  0.04    0.00    2.41 v _1560_/A0 (sky130_fd_sc_hd__mux2_2)
     3    0.01    0.07    0.29    2.70 v _1560_/X (sky130_fd_sc_hd__mux2_2)
                                         _0367_ (net)
                  0.07    0.00    2.70 v _1571_/A (sky130_fd_sc_hd__or4_2)
     1    0.00    0.11    0.67    3.37 v _1571_/X (sky130_fd_sc_hd__or4_2)
                                         _0378_ (net)
                  0.11    0.00    3.37 v _1572_/D (sky130_fd_sc_hd__nor4_2)
     1    0.00    0.16    0.13    3.50 ^ _1572_/Y (sky130_fd_sc_hd__nor4_2)
                                         _0379_ (net)
                  0.16    0.00    3.50 ^ _1573_/D (sky130_fd_sc_hd__and4_2)
     3    0.01    0.07    0.25    3.75 ^ _1573_/X (sky130_fd_sc_hd__and4_2)
                                         _0380_ (net)
                  0.07    0.00    3.75 ^ _1574_/A (sky130_fd_sc_hd__buf_1)
    10    0.03    0.31    0.27    4.02 ^ _1574_/X (sky130_fd_sc_hd__buf_1)
                                         _0381_ (net)
                  0.31    0.00    4.02 ^ _1665_/A (sky130_fd_sc_hd__buf_1)
    10    0.04    0.51    0.45    4.46 ^ _1665_/X (sky130_fd_sc_hd__buf_1)
                                         _0469_ (net)
                  0.51    0.00    4.46 ^ _1696_/A (sky130_fd_sc_hd__nand2_2)
     2    0.00    0.09    0.07    4.54 v _1696_/Y (sky130_fd_sc_hd__nand2_2)
                                         _0499_ (net)
                  0.09    0.00    4.54 v _1741_/A0 (sky130_fd_sc_hd__mux2_2)
     2    0.00    0.05    0.28    4.81 v _1741_/X (sky130_fd_sc_hd__mux2_2)
                                         _0542_ (net)
                  0.05    0.00    4.81 v _1742_/A1 (sky130_fd_sc_hd__mux2_2)
     2    0.01    0.06    0.27    5.09 v _1742_/X (sky130_fd_sc_hd__mux2_2)
                                         _0543_ (net)
                  0.06    0.00    5.09 v _1743_/B (sky130_fd_sc_hd__nor2_2)
     2    0.00    0.08    0.08    5.17 ^ _1743_/Y (sky130_fd_sc_hd__nor2_2)
                                         _0544_ (net)
                  0.08    0.00    5.17 ^ _1757_/A2 (sky130_fd_sc_hd__a21o_2)
     2    0.00    0.04    0.13    5.30 ^ _1757_/X (sky130_fd_sc_hd__a21o_2)
                                         alu.Result[6] (net)
                  0.04    0.00    5.30 ^ _2598_/A0 (sky130_fd_sc_hd__mux2_2)
     1    0.00    0.04    0.13    5.43 ^ _2598_/X (sky130_fd_sc_hd__mux2_2)
                                         _1262_ (net)
                  0.04    0.00    5.43 ^ _2599_/A (sky130_fd_sc_hd__buf_1)
     1    0.00    0.03    0.07    5.49 ^ _2599_/X (sky130_fd_sc_hd__buf_1)
                                         _0141_ (net)
                  0.03    0.00    5.49 ^ _2787_/D (sky130_fd_sc_hd__dfxtp_2)
                                  5.49   data arrival time

                  0.00   10.00   10.00   clock core_clock (rise edge)
                          0.00   10.00   clock network delay (ideal)
                          0.00   10.00   clock reconvergence pessimism
                                 10.00 ^ _2787_/CLK (sky130_fd_sc_hd__dfxtp_2)
                         -0.06    9.94   library setup time
                                  9.94   data required time
-----------------------------------------------------------------------------
                                  9.94   data required time
                                 -5.49   data arrival time
-----------------------------------------------------------------------------
                                  4.44   slack (MET)


Startpoint: _2816_ (rising edge-triggered flip-flop clocked by core_clock)
Endpoint: _2781_ (rising edge-triggered flip-flop clocked by core_clock)
Path Group: core_clock
Path Type: max

Fanout     Cap    Slew   Delay    Time   Description
-----------------------------------------------------------------------------
                  0.00    0.00    0.00   clock core_clock (rise edge)
                          0.00    0.00   clock network delay (ideal)
                  0.00    0.00    0.00 ^ _2816_/CLK (sky130_fd_sc_hd__dfrtp_2)
     7    0.02    0.07    0.41    0.41 v _2816_/Q (sky130_fd_sc_hd__dfrtp_2)
                                         imem.pc[3] (net)
                  0.07    0.00    0.41 v _1412_/A (sky130_fd_sc_hd__or3_2)
     8    0.01    0.12    0.54    0.95 v _1412_/X (sky130_fd_sc_hd__or3_2)
                                         _0219_ (net)
                  0.12    0.00    0.95 v _1416_/B (sky130_fd_sc_hd__nor2_2)
     6    0.01    0.15    0.16    1.10 ^ _1416_/Y (sky130_fd_sc_hd__nor2_2)
                                         _0223_ (net)
                  0.15    0.00    1.10 ^ _1471_/A (sky130_fd_sc_hd__buf_1)
    10    0.03    0.31    0.29    1.39 ^ _1471_/X (sky130_fd_sc_hd__buf_1)
                                         _0278_ (net)
                  0.31    0.00    1.39 ^ _1472_/A (sky130_fd_sc_hd__buf_1)
    10    0.02    0.26    0.28    1.67 ^ _1472_/X (sky130_fd_sc_hd__buf_1)
                                         _0279_ (net)
                  0.26    0.00    1.67 ^ _1516_/A (sky130_fd_sc_hd__buf_1)
    10    0.03    0.40    0.37    2.04 ^ _1516_/X (sky130_fd_sc_hd__buf_1)
                                         _0323_ (net)
                  0.40    0.00    2.04 ^ _1558_/S (sky130_fd_sc_hd__mux2_2)
     1    0.00    0.04    0.37    2.41 v _1558_/X (sky130_fd_sc_hd__mux2_2)
                                         _0365_ (net)
                  0.04    0.00    2.41 v _1560_/A0 (sky130_fd_sc_hd__mux2_2)
     3    0.01    0.07    0.29    2.70 v _1560_/X (sky130_fd_sc_hd__mux2_2)
                                         _0367_ (net)
                  0.07    0.00    2.70 v _1571_/A (sky130_fd_sc_hd__or4_2)
     1    0.00    0.11    0.67    3.37 v _1571_/X (sky130_fd_sc_hd__or4_2)
                                         _0378_ (net)
                  0.11    0.00    3.37 v _1572_/D (sky130_fd_sc_hd__nor4_2)
     1    0.00    0.16    0.13    3.50 ^ _1572_/Y (sky130_fd_sc_hd__nor4_2)
                                         _0379_ (net)
                  0.16    0.00    3.50 ^ _1573_/D (sky130_fd_sc_hd__and4_2)
     3    0.01    0.07    0.25    3.75 ^ _1573_/X (sky130_fd_sc_hd__and4_2)
                                         _0380_ (net)
                  0.07    0.00    3.75 ^ _1574_/A (sky130_fd_sc_hd__buf_1)
    10    0.03    0.31    0.27    4.02 ^ _1574_/X (sky130_fd_sc_hd__buf_1)
                                         _0381_ (net)
                  0.31    0.00    4.02 ^ _1575_/B_N (sky130_fd_sc_hd__or2b_2)
     2    0.00    0.05    0.32    4.34 v _1575_/X (sky130_fd_sc_hd__or2b_2)
                                         _0382_ (net)
                  0.05    0.00    4.34 v _1588_/A_N (sky130_fd_sc_hd__and2b_2)
     4    0.01    0.08    0.24    4.58 ^ _1588_/X (sky130_fd_sc_hd__and2b_2)
                                         _0395_ (net)
                  0.08    0.00    4.58 ^ _1616_/A2 (sky130_fd_sc_hd__a31o_2)
     2    0.00    0.05    0.15    4.73 ^ _1616_/X (sky130_fd_sc_hd__a31o_2)
                                         alu.Result[0] (net)
                  0.05    0.00    4.73 ^ _2586_/A0 (sky130_fd_sc_hd__mux2_2)
     1    0.00    0.04    0.13    4.86 ^ _2586_/X (sky130_fd_sc_hd__mux2_2)
                                         _1256_ (net)
                  0.04    0.00    4.86 ^ _2587_/A (sky130_fd_sc_hd__buf_1)
     1    0.00    0.03    0.07    4.93 ^ _2587_/X (sky130_fd_sc_hd__buf_1)
                                         _0135_ (net)
                  0.03    0.00    4.93 ^ _2781_/D (sky130_fd_sc_hd__dfxtp_2)
                                  4.93   data arrival time

                  0.00   10.00   10.00   clock core_clock (rise edge)
                          0.00   10.00   clock network delay (ideal)
                          0.00   10.00   clock reconvergence pessimism
                                 10.00 ^ _2781_/CLK (sky130_fd_sc_hd__dfxtp_2)
                         -0.06    9.94   library setup time
                                  9.94   data required time
-----------------------------------------------------------------------------
                                  9.94   data required time
                                 -4.93   data arrival time
-----------------------------------------------------------------------------
                                  5.01   slack (MET)


Startpoint: _2816_ (rising edge-triggered flip-flop clocked by core_clock)
Endpoint: _2782_ (rising edge-triggered flip-flop clocked by core_clock)
Path Group: core_clock
Path Type: max

Fanout     Cap    Slew   Delay    Time   Description
-----------------------------------------------------------------------------
                  0.00    0.00    0.00   clock core_clock (rise edge)
                          0.00    0.00   clock network delay (ideal)
                  0.00    0.00    0.00 ^ _2816_/CLK (sky130_fd_sc_hd__dfrtp_2)
     7    0.02    0.07    0.41    0.41 v _2816_/Q (sky130_fd_sc_hd__dfrtp_2)
                                         imem.pc[3] (net)
                  0.07    0.00    0.41 v _1412_/A (sky130_fd_sc_hd__or3_2)
     8    0.01    0.12    0.54    0.95 v _1412_/X (sky130_fd_sc_hd__or3_2)
                                         _0219_ (net)
                  0.12    0.00    0.95 v _1416_/B (sky130_fd_sc_hd__nor2_2)
     6    0.01    0.15    0.16    1.10 ^ _1416_/Y (sky130_fd_sc_hd__nor2_2)
                                         _0223_ (net)
                  0.15    0.00    1.10 ^ _1471_/A (sky130_fd_sc_hd__buf_1)
    10    0.03    0.31    0.29    1.39 ^ _1471_/X (sky130_fd_sc_hd__buf_1)
                                         _0278_ (net)
                  0.31    0.00    1.39 ^ _1472_/A (sky130_fd_sc_hd__buf_1)
    10    0.02    0.26    0.28    1.67 ^ _1472_/X (sky130_fd_sc_hd__buf_1)
                                         _0279_ (net)
                  0.26    0.00    1.67 ^ _1516_/A (sky130_fd_sc_hd__buf_1)
    10    0.03    0.40    0.37    2.04 ^ _1516_/X (sky130_fd_sc_hd__buf_1)
                                         _0323_ (net)
                  0.40    0.00    2.04 ^ _1558_/S (sky130_fd_sc_hd__mux2_2)
     1    0.00    0.04    0.37    2.41 v _1558_/X (sky130_fd_sc_hd__mux2_2)
                                         _0365_ (net)
                  0.04    0.00    2.41 v _1560_/A0 (sky130_fd_sc_hd__mux2_2)
     3    0.01    0.07    0.29    2.70 v _1560_/X (sky130_fd_sc_hd__mux2_2)
                                         _0367_ (net)
                  0.07    0.00    2.70 v _1571_/A (sky130_fd_sc_hd__or4_2)
     1    0.00    0.11    0.67    3.37 v _1571_/X (sky130_fd_sc_hd__or4_2)
                                         _0378_ (net)
                  0.11    0.00    3.37 v _1572_/D (sky130_fd_sc_hd__nor4_2)
     1    0.00    0.16    0.13    3.50 ^ _1572_/Y (sky130_fd_sc_hd__nor4_2)
                                         _0379_ (net)
                  0.16    0.00    3.50 ^ _1573_/D (sky130_fd_sc_hd__and4_2)
     3    0.01    0.07    0.25    3.75 ^ _1573_/X (sky130_fd_sc_hd__and4_2)
                                         _0380_ (net)
                  0.07    0.00    3.75 ^ _1574_/A (sky130_fd_sc_hd__buf_1)
    10    0.03    0.31    0.27    4.02 ^ _1574_/X (sky130_fd_sc_hd__buf_1)
                                         _0381_ (net)
                  0.31    0.00    4.02 ^ _1627_/B (sky130_fd_sc_hd__and3_2)
     2    0.01    0.06    0.25    4.27 ^ _1627_/X (sky130_fd_sc_hd__and3_2)
                                         _0433_ (net)
                  0.06    0.00    4.27 ^ _1628_/B (sky130_fd_sc_hd__and2_2)
     4    0.01    0.08    0.17    4.44 ^ _1628_/X (sky130_fd_sc_hd__and2_2)
                                         _0434_ (net)
                  0.08    0.00    4.44 ^ _1635_/A3 (sky130_fd_sc_hd__a31o_2)
     2    0.00    0.05    0.16    4.59 ^ _1635_/X (sky130_fd_sc_hd__a31o_2)
                                         alu.Result[1] (net)
                  0.05    0.00    4.59 ^ _2588_/A0 (sky130_fd_sc_hd__mux2_2)
     1    0.00    0.04    0.13    4.72 ^ _2588_/X (sky130_fd_sc_hd__mux2_2)
                                         _1257_ (net)
                  0.04    0.00    4.72 ^ _2589_/A (sky130_fd_sc_hd__buf_1)
     1    0.00    0.03    0.07    4.79 ^ _2589_/X (sky130_fd_sc_hd__buf_1)
                                         _0136_ (net)
                  0.03    0.00    4.79 ^ _2782_/D (sky130_fd_sc_hd__dfxtp_2)
                                  4.79   data arrival time

                  0.00   10.00   10.00   clock core_clock (rise edge)
                          0.00   10.00   clock network delay (ideal)
                          0.00   10.00   clock reconvergence pessimism
                                 10.00 ^ _2782_/CLK (sky130_fd_sc_hd__dfxtp_2)
                         -0.06    9.94   library setup time
                                  9.94   data required time
-----------------------------------------------------------------------------
                                  9.94   data required time
                                 -4.79   data arrival time
-----------------------------------------------------------------------------
                                  5.15   slack (MET)


Startpoint: _2813_ (rising edge-triggered flip-flop clocked by core_clock)
Endpoint: _2651_ (rising edge-triggered flip-flop clocked by core_clock)
Path Group: core_clock
Path Type: max

Fanout     Cap    Slew   Delay    Time   Description
-----------------------------------------------------------------------------
                  0.00    0.00    0.00   clock core_clock (rise edge)
                          0.00    0.00   clock network delay (ideal)
                  0.00    0.00    0.00 ^ _2813_/CLK (sky130_fd_sc_hd__dfrtp_2)
     9    0.03    0.09    0.43    0.43 v _2813_/Q (sky130_fd_sc_hd__dfrtp_2)
                                         imem.pc[0] (net)
                  0.09    0.00    0.43 v _1405_/C (sky130_fd_sc_hd__and3b_2)
     4    0.01    0.06    0.26    0.69 v _1405_/X (sky130_fd_sc_hd__and3b_2)
                                         _0212_ (net)
                  0.06    0.00    0.69 v _1408_/A2 (sky130_fd_sc_hd__a22oi_2)
     5    0.01    0.22    0.25    0.94 ^ _1408_/Y (sky130_fd_sc_hd__a22oi_2)
                                         _0215_ (net)
                  0.22    0.00    0.94 ^ _1409_/A (sky130_fd_sc_hd__buf_1)
    10    0.02    0.29    0.29    1.22 ^ _1409_/X (sky130_fd_sc_hd__buf_1)
                                         _0216_ (net)
                  0.29    0.00    1.22 ^ _1444_/A (sky130_fd_sc_hd__buf_1)
    10    0.03    0.37    0.35    1.57 ^ _1444_/X (sky130_fd_sc_hd__buf_1)
                                         _0251_ (net)
                  0.37    0.00    1.57 ^ _1445_/A (sky130_fd_sc_hd__buf_1)
    10    0.03    0.37    0.35    1.93 ^ _1445_/X (sky130_fd_sc_hd__buf_1)
                                         _0252_ (net)
                  0.37    0.00    1.93 ^ _1722_/A1 (sky130_fd_sc_hd__a21o_2)
     5    0.01    0.08    0.22    2.15 ^ _1722_/X (sky130_fd_sc_hd__a21o_2)
                                         _0524_ (net)
                  0.08    0.00    2.15 ^ _1758_/A (sky130_fd_sc_hd__buf_1)
    10    0.03    0.39    0.33    2.48 ^ _1758_/X (sky130_fd_sc_hd__buf_1)
                                         _0558_ (net)
                  0.39    0.00    2.48 ^ _1759_/A (sky130_fd_sc_hd__or2_2)
     5    0.01    0.07    0.21    2.69 ^ _1759_/X (sky130_fd_sc_hd__or2_2)
                                         _0559_ (net)
                  0.07    0.00    2.69 ^ _1760_/A (sky130_fd_sc_hd__buf_1)
    10    0.02    0.19    0.19    2.88 ^ _1760_/X (sky130_fd_sc_hd__buf_1)
                                         _0560_ (net)
                  0.19    0.00    2.88 ^ _1761_/B (sky130_fd_sc_hd__and2_2)
     1    0.00    0.04    0.16    3.04 ^ _1761_/X (sky130_fd_sc_hd__and2_2)
                                         _0561_ (net)
                  0.04    0.00    3.04 ^ _1762_/A (sky130_fd_sc_hd__buf_1)
     1    0.00    0.03    0.07    3.11 ^ _1762_/X (sky130_fd_sc_hd__buf_1)
                                         _0005_ (net)
                  0.03    0.00    3.11 ^ _2651_/D (sky130_fd_sc_hd__dfxtp_2)
                                  3.11   data arrival time

                  0.00   10.00   10.00   clock core_clock (rise edge)
                          0.00   10.00   clock network delay (ideal)
                          0.00   10.00   clock reconvergence pessimism
                                 10.00 ^ _2651_/CLK (sky130_fd_sc_hd__dfxtp_2)
                         -0.06    9.94   library setup time
                                  9.94   data required time
-----------------------------------------------------------------------------
                                  9.94   data required time
                                 -3.11   data arrival time
-----------------------------------------------------------------------------
                                  6.83   slack (MET)


Startpoint: _2813_ (rising edge-triggered flip-flop clocked by core_clock)
Endpoint: _2652_ (rising edge-triggered flip-flop clocked by core_clock)
Path Group: core_clock
Path Type: max

Fanout     Cap    Slew   Delay    Time   Description
-----------------------------------------------------------------------------
                  0.00    0.00    0.00   clock core_clock (rise edge)
                          0.00    0.00   clock network delay (ideal)
                  0.00    0.00    0.00 ^ _2813_/CLK (sky130_fd_sc_hd__dfrtp_2)
     9    0.03    0.09    0.43    0.43 v _2813_/Q (sky130_fd_sc_hd__dfrtp_2)
                                         imem.pc[0] (net)
                  0.09    0.00    0.43 v _1405_/C (sky130_fd_sc_hd__and3b_2)
     4    0.01    0.06    0.26    0.69 v _1405_/X (sky130_fd_sc_hd__and3b_2)
                                         _0212_ (net)
                  0.06    0.00    0.69 v _1408_/A2 (sky130_fd_sc_hd__a22oi_2)
     5    0.01    0.22    0.25    0.94 ^ _1408_/Y (sky130_fd_sc_hd__a22oi_2)
                                         _0215_ (net)
                  0.22    0.00    0.94 ^ _1409_/A (sky130_fd_sc_hd__buf_1)
    10    0.02    0.29    0.29    1.22 ^ _1409_/X (sky130_fd_sc_hd__buf_1)
                                         _0216_ (net)
                  0.29    0.00    1.22 ^ _1444_/A (sky130_fd_sc_hd__buf_1)
    10    0.03    0.37    0.35    1.57 ^ _1444_/X (sky130_fd_sc_hd__buf_1)
                                         _0251_ (net)
                  0.37    0.00    1.57 ^ _1445_/A (sky130_fd_sc_hd__buf_1)
    10    0.03    0.37    0.35    1.93 ^ _1445_/X (sky130_fd_sc_hd__buf_1)
                                         _0252_ (net)
                  0.37    0.00    1.93 ^ _1722_/A1 (sky130_fd_sc_hd__a21o_2)
     5    0.01    0.08    0.22    2.15 ^ _1722_/X (sky130_fd_sc_hd__a21o_2)
                                         _0524_ (net)
                  0.08    0.00    2.15 ^ _1758_/A (sky130_fd_sc_hd__buf_1)
    10    0.03    0.39    0.33    2.48 ^ _1758_/X (sky130_fd_sc_hd__buf_1)
                                         _0558_ (net)
                  0.39    0.00    2.48 ^ _1759_/A (sky130_fd_sc_hd__or2_2)
     5    0.01    0.07    0.21    2.69 ^ _1759_/X (sky130_fd_sc_hd__or2_2)
                                         _0559_ (net)
                  0.07    0.00    2.69 ^ _1760_/A (sky130_fd_sc_hd__buf_1)
    10    0.02    0.19    0.19    2.88 ^ _1760_/X (sky130_fd_sc_hd__buf_1)
                                         _0560_ (net)
                  0.19    0.00    2.88 ^ _1763_/B (sky130_fd_sc_hd__and2_2)
     1    0.00    0.04    0.16    3.04 ^ _1763_/X (sky130_fd_sc_hd__and2_2)
                                         _0562_ (net)
                  0.04    0.00    3.04 ^ _1764_/A (sky130_fd_sc_hd__buf_1)
     1    0.00    0.03    0.07    3.11 ^ _1764_/X (sky130_fd_sc_hd__buf_1)
                                         _0006_ (net)
                  0.03    0.00    3.11 ^ _2652_/D (sky130_fd_sc_hd__dfxtp_2)
                                  3.11   data arrival time

                  0.00   10.00   10.00   clock core_clock (rise edge)
                          0.00   10.00   clock network delay (ideal)
                          0.00   10.00   clock reconvergence pessimism
                                 10.00 ^ _2652_/CLK (sky130_fd_sc_hd__dfxtp_2)
                         -0.06    9.94   library setup time
                                  9.94   data required time
-----------------------------------------------------------------------------
                                  9.94   data required time
                                 -3.11   data arrival time
-----------------------------------------------------------------------------
                                  6.83   slack (MET)


Startpoint: _2813_ (rising edge-triggered flip-flop clocked by core_clock)
Endpoint: _2653_ (rising edge-triggered flip-flop clocked by core_clock)
Path Group: core_clock
Path Type: max

Fanout     Cap    Slew   Delay    Time   Description
-----------------------------------------------------------------------------
                  0.00    0.00    0.00   clock core_clock (rise edge)
                          0.00    0.00   clock network delay (ideal)
                  0.00    0.00    0.00 ^ _2813_/CLK (sky130_fd_sc_hd__dfrtp_2)
     9    0.03    0.09    0.43    0.43 v _2813_/Q (sky130_fd_sc_hd__dfrtp_2)
                                         imem.pc[0] (net)
                  0.09    0.00    0.43 v _1405_/C (sky130_fd_sc_hd__and3b_2)
     4    0.01    0.06    0.26    0.69 v _1405_/X (sky130_fd_sc_hd__and3b_2)
                                         _0212_ (net)
                  0.06    0.00    0.69 v _1408_/A2 (sky130_fd_sc_hd__a22oi_2)
     5    0.01    0.22    0.25    0.94 ^ _1408_/Y (sky130_fd_sc_hd__a22oi_2)
                                         _0215_ (net)
                  0.22    0.00    0.94 ^ _1409_/A (sky130_fd_sc_hd__buf_1)
    10    0.02    0.29    0.29    1.22 ^ _1409_/X (sky130_fd_sc_hd__buf_1)
                                         _0216_ (net)
                  0.29    0.00    1.22 ^ _1444_/A (sky130_fd_sc_hd__buf_1)
    10    0.03    0.37    0.35    1.57 ^ _1444_/X (sky130_fd_sc_hd__buf_1)
                                         _0251_ (net)
                  0.37    0.00    1.57 ^ _1445_/A (sky130_fd_sc_hd__buf_1)
    10    0.03    0.37    0.35    1.93 ^ _1445_/X (sky130_fd_sc_hd__buf_1)
                                         _0252_ (net)
                  0.37    0.00    1.93 ^ _1722_/A1 (sky130_fd_sc_hd__a21o_2)
     5    0.01    0.08    0.22    2.15 ^ _1722_/X (sky130_fd_sc_hd__a21o_2)
                                         _0524_ (net)
                  0.08    0.00    2.15 ^ _1758_/A (sky130_fd_sc_hd__buf_1)
    10    0.03    0.39    0.33    2.48 ^ _1758_/X (sky130_fd_sc_hd__buf_1)
                                         _0558_ (net)
                  0.39    0.00    2.48 ^ _1759_/A (sky130_fd_sc_hd__or2_2)
     5    0.01    0.07    0.21    2.69 ^ _1759_/X (sky130_fd_sc_hd__or2_2)
                                         _0559_ (net)
                  0.07    0.00    2.69 ^ _1760_/A (sky130_fd_sc_hd__buf_1)
    10    0.02    0.19    0.19    2.88 ^ _1760_/X (sky130_fd_sc_hd__buf_1)
                                         _0560_ (net)
                  0.19    0.00    2.88 ^ _1765_/B (sky130_fd_sc_hd__and2_2)
     1    0.00    0.04    0.16    3.04 ^ _1765_/X (sky130_fd_sc_hd__and2_2)
                                         _0563_ (net)
                  0.04    0.00    3.04 ^ _1766_/A (sky130_fd_sc_hd__buf_1)
     1    0.00    0.03    0.07    3.11 ^ _1766_/X (sky130_fd_sc_hd__buf_1)
                                         _0007_ (net)
                  0.03    0.00    3.11 ^ _2653_/D (sky130_fd_sc_hd__dfxtp_2)
                                  3.11   data arrival time

                  0.00   10.00   10.00   clock core_clock (rise edge)
                          0.00   10.00   clock network delay (ideal)
                          0.00   10.00   clock reconvergence pessimism
                                 10.00 ^ _2653_/CLK (sky130_fd_sc_hd__dfxtp_2)
                         -0.06    9.94   library setup time
                                  9.94   data required time
-----------------------------------------------------------------------------
                                  9.94   data required time
                                 -3.11   data arrival time
-----------------------------------------------------------------------------
                                  6.83   slack (MET)


Startpoint: _2813_ (rising edge-triggered flip-flop clocked by core_clock)
Endpoint: _2654_ (rising edge-triggered flip-flop clocked by core_clock)
Path Group: core_clock
Path Type: max

Fanout     Cap    Slew   Delay    Time   Description
-----------------------------------------------------------------------------
                  0.00    0.00    0.00   clock core_clock (rise edge)
                          0.00    0.00   clock network delay (ideal)
                  0.00    0.00    0.00 ^ _2813_/CLK (sky130_fd_sc_hd__dfrtp_2)
     9    0.03    0.09    0.43    0.43 v _2813_/Q (sky130_fd_sc_hd__dfrtp_2)
                                         imem.pc[0] (net)
                  0.09    0.00    0.43 v _1405_/C (sky130_fd_sc_hd__and3b_2)
     4    0.01    0.06    0.26    0.69 v _1405_/X (sky130_fd_sc_hd__and3b_2)
                                         _0212_ (net)
                  0.06    0.00    0.69 v _1408_/A2 (sky130_fd_sc_hd__a22oi_2)
     5    0.01    0.22    0.25    0.94 ^ _1408_/Y (sky130_fd_sc_hd__a22oi_2)
                                         _0215_ (net)
                  0.22    0.00    0.94 ^ _1409_/A (sky130_fd_sc_hd__buf_1)
    10    0.02    0.29    0.29    1.22 ^ _1409_/X (sky130_fd_sc_hd__buf_1)
                                         _0216_ (net)
                  0.29    0.00    1.22 ^ _1444_/A (sky130_fd_sc_hd__buf_1)
    10    0.03    0.37    0.35    1.57 ^ _1444_/X (sky130_fd_sc_hd__buf_1)
                                         _0251_ (net)
                  0.37    0.00    1.57 ^ _1445_/A (sky130_fd_sc_hd__buf_1)
    10    0.03    0.37    0.35    1.93 ^ _1445_/X (sky130_fd_sc_hd__buf_1)
                                         _0252_ (net)
                  0.37    0.00    1.93 ^ _1722_/A1 (sky130_fd_sc_hd__a21o_2)
     5    0.01    0.08    0.22    2.15 ^ _1722_/X (sky130_fd_sc_hd__a21o_2)
                                         _0524_ (net)
                  0.08    0.00    2.15 ^ _1758_/A (sky130_fd_sc_hd__buf_1)
    10    0.03    0.39    0.33    2.48 ^ _1758_/X (sky130_fd_sc_hd__buf_1)
                                         _0558_ (net)
                  0.39    0.00    2.48 ^ _1759_/A (sky130_fd_sc_hd__or2_2)
     5    0.01    0.07    0.21    2.69 ^ _1759_/X (sky130_fd_sc_hd__or2_2)
                                         _0559_ (net)
                  0.07    0.00    2.69 ^ _1760_/A (sky130_fd_sc_hd__buf_1)
    10    0.02    0.19    0.19    2.88 ^ _1760_/X (sky130_fd_sc_hd__buf_1)
                                         _0560_ (net)
                  0.19    0.00    2.88 ^ _1767_/B (sky130_fd_sc_hd__and2_2)
     1    0.00    0.04    0.16    3.04 ^ _1767_/X (sky130_fd_sc_hd__and2_2)
                                         _0564_ (net)
                  0.04    0.00    3.04 ^ _1768_/A (sky130_fd_sc_hd__buf_1)
     1    0.00    0.03    0.07    3.11 ^ _1768_/X (sky130_fd_sc_hd__buf_1)
                                         _0008_ (net)
                  0.03    0.00    3.11 ^ _2654_/D (sky130_fd_sc_hd__dfxtp_2)
                                  3.11   data arrival time

                  0.00   10.00   10.00   clock core_clock (rise edge)
                          0.00   10.00   clock network delay (ideal)
                          0.00   10.00   clock reconvergence pessimism
                                 10.00 ^ _2654_/CLK (sky130_fd_sc_hd__dfxtp_2)
                         -0.06    9.94   library setup time
                                  9.94   data required time
-----------------------------------------------------------------------------
                                  9.94   data required time
                                 -3.11   data arrival time
-----------------------------------------------------------------------------
                                  6.83   slack (MET)


Startpoint: _2813_ (rising edge-triggered flip-flop clocked by core_clock)
Endpoint: _2655_ (rising edge-triggered flip-flop clocked by core_clock)
Path Group: core_clock
Path Type: max

Fanout     Cap    Slew   Delay    Time   Description
-----------------------------------------------------------------------------
                  0.00    0.00    0.00   clock core_clock (rise edge)
                          0.00    0.00   clock network delay (ideal)
                  0.00    0.00    0.00 ^ _2813_/CLK (sky130_fd_sc_hd__dfrtp_2)
     9    0.03    0.09    0.43    0.43 v _2813_/Q (sky130_fd_sc_hd__dfrtp_2)
                                         imem.pc[0] (net)
                  0.09    0.00    0.43 v _1405_/C (sky130_fd_sc_hd__and3b_2)
     4    0.01    0.06    0.26    0.69 v _1405_/X (sky130_fd_sc_hd__and3b_2)
                                         _0212_ (net)
                  0.06    0.00    0.69 v _1408_/A2 (sky130_fd_sc_hd__a22oi_2)
     5    0.01    0.22    0.25    0.94 ^ _1408_/Y (sky130_fd_sc_hd__a22oi_2)
                                         _0215_ (net)
                  0.22    0.00    0.94 ^ _1409_/A (sky130_fd_sc_hd__buf_1)
    10    0.02    0.29    0.29    1.22 ^ _1409_/X (sky130_fd_sc_hd__buf_1)
                                         _0216_ (net)
                  0.29    0.00    1.22 ^ _1444_/A (sky130_fd_sc_hd__buf_1)
    10    0.03    0.37    0.35    1.57 ^ _1444_/X (sky130_fd_sc_hd__buf_1)
                                         _0251_ (net)
                  0.37    0.00    1.57 ^ _1445_/A (sky130_fd_sc_hd__buf_1)
    10    0.03    0.37    0.35    1.93 ^ _1445_/X (sky130_fd_sc_hd__buf_1)
                                         _0252_ (net)
                  0.37    0.00    1.93 ^ _1722_/A1 (sky130_fd_sc_hd__a21o_2)
     5    0.01    0.08    0.22    2.15 ^ _1722_/X (sky130_fd_sc_hd__a21o_2)
                                         _0524_ (net)
                  0.08    0.00    2.15 ^ _1758_/A (sky130_fd_sc_hd__buf_1)
    10    0.03    0.39    0.33    2.48 ^ _1758_/X (sky130_fd_sc_hd__buf_1)
                                         _0558_ (net)
                  0.39    0.00    2.48 ^ _1759_/A (sky130_fd_sc_hd__or2_2)
     5    0.01    0.07    0.21    2.69 ^ _1759_/X (sky130_fd_sc_hd__or2_2)
                                         _0559_ (net)
                  0.07    0.00    2.69 ^ _1760_/A (sky130_fd_sc_hd__buf_1)
    10    0.02    0.19    0.19    2.88 ^ _1760_/X (sky130_fd_sc_hd__buf_1)
                                         _0560_ (net)
                  0.19    0.00    2.88 ^ _1769_/B (sky130_fd_sc_hd__and2_2)
     1    0.00    0.04    0.16    3.04 ^ _1769_/X (sky130_fd_sc_hd__and2_2)
                                         _0565_ (net)
                  0.04    0.00    3.04 ^ _1770_/A (sky130_fd_sc_hd__buf_1)
     1    0.00    0.03    0.07    3.11 ^ _1770_/X (sky130_fd_sc_hd__buf_1)
                                         _0009_ (net)
                  0.03    0.00    3.11 ^ _2655_/D (sky130_fd_sc_hd__dfxtp_2)
                                  3.11   data arrival time

                  0.00   10.00   10.00   clock core_clock (rise edge)
                          0.00   10.00   clock network delay (ideal)
                          0.00   10.00   clock reconvergence pessimism
                                 10.00 ^ _2655_/CLK (sky130_fd_sc_hd__dfxtp_2)
                         -0.06    9.94   library setup time
                                  9.94   data required time
-----------------------------------------------------------------------------
                                  9.94   data required time
                                 -3.11   data arrival time
-----------------------------------------------------------------------------
                                  6.83   slack (MET)


Startpoint: _2813_ (rising edge-triggered flip-flop clocked by core_clock)
Endpoint: _2656_ (rising edge-triggered flip-flop clocked by core_clock)
Path Group: core_clock
Path Type: max

Fanout     Cap    Slew   Delay    Time   Description
-----------------------------------------------------------------------------
                  0.00    0.00    0.00   clock core_clock (rise edge)
                          0.00    0.00   clock network delay (ideal)
                  0.00    0.00    0.00 ^ _2813_/CLK (sky130_fd_sc_hd__dfrtp_2)
     9    0.03    0.09    0.43    0.43 v _2813_/Q (sky130_fd_sc_hd__dfrtp_2)
                                         imem.pc[0] (net)
                  0.09    0.00    0.43 v _1405_/C (sky130_fd_sc_hd__and3b_2)
     4    0.01    0.06    0.26    0.69 v _1405_/X (sky130_fd_sc_hd__and3b_2)
                                         _0212_ (net)
                  0.06    0.00    0.69 v _1408_/A2 (sky130_fd_sc_hd__a22oi_2)
     5    0.01    0.22    0.25    0.94 ^ _1408_/Y (sky130_fd_sc_hd__a22oi_2)
                                         _0215_ (net)
                  0.22    0.00    0.94 ^ _1409_/A (sky130_fd_sc_hd__buf_1)
    10    0.02    0.29    0.29    1.22 ^ _1409_/X (sky130_fd_sc_hd__buf_1)
                                         _0216_ (net)
                  0.29    0.00    1.22 ^ _1444_/A (sky130_fd_sc_hd__buf_1)
    10    0.03    0.37    0.35    1.57 ^ _1444_/X (sky130_fd_sc_hd__buf_1)
                                         _0251_ (net)
                  0.37    0.00    1.57 ^ _1445_/A (sky130_fd_sc_hd__buf_1)
    10    0.03    0.37    0.35    1.93 ^ _1445_/X (sky130_fd_sc_hd__buf_1)
                                         _0252_ (net)
                  0.37    0.00    1.93 ^ _1722_/A1 (sky130_fd_sc_hd__a21o_2)
     5    0.01    0.08    0.22    2.15 ^ _1722_/X (sky130_fd_sc_hd__a21o_2)
                                         _0524_ (net)
                  0.08    0.00    2.15 ^ _1758_/A (sky130_fd_sc_hd__buf_1)
    10    0.03    0.39    0.33    2.48 ^ _1758_/X (sky130_fd_sc_hd__buf_1)
                                         _0558_ (net)
                  0.39    0.00    2.48 ^ _1759_/A (sky130_fd_sc_hd__or2_2)
     5    0.01    0.07    0.21    2.69 ^ _1759_/X (sky130_fd_sc_hd__or2_2)
                                         _0559_ (net)
                  0.07    0.00    2.69 ^ _1760_/A (sky130_fd_sc_hd__buf_1)
    10    0.02    0.19    0.19    2.88 ^ _1760_/X (sky130_fd_sc_hd__buf_1)
                                         _0560_ (net)
                  0.19    0.00    2.88 ^ _1771_/B (sky130_fd_sc_hd__and2_2)
     1    0.00    0.04    0.16    3.04 ^ _1771_/X (sky130_fd_sc_hd__and2_2)
                                         _0566_ (net)
                  0.04    0.00    3.04 ^ _1772_/A (sky130_fd_sc_hd__buf_1)
     1    0.00    0.03    0.07    3.11 ^ _1772_/X (sky130_fd_sc_hd__buf_1)
                                         _0010_ (net)
                  0.03    0.00    3.11 ^ _2656_/D (sky130_fd_sc_hd__dfxtp_2)
                                  3.11   data arrival time

                  0.00   10.00   10.00   clock core_clock (rise edge)
                          0.00   10.00   clock network delay (ideal)
                          0.00   10.00   clock reconvergence pessimism
                                 10.00 ^ _2656_/CLK (sky130_fd_sc_hd__dfxtp_2)
                         -0.06    9.94   library setup time
                                  9.94   data required time
-----------------------------------------------------------------------------
                                  9.94   data required time
                                 -3.11   data arrival time
-----------------------------------------------------------------------------
                                  6.83   slack (MET)


Startpoint: _2813_ (rising edge-triggered flip-flop clocked by core_clock)
Endpoint: _2657_ (rising edge-triggered flip-flop clocked by core_clock)
Path Group: core_clock
Path Type: max

Fanout     Cap    Slew   Delay    Time   Description
-----------------------------------------------------------------------------
                  0.00    0.00    0.00   clock core_clock (rise edge)
                          0.00    0.00   clock network delay (ideal)
                  0.00    0.00    0.00 ^ _2813_/CLK (sky130_fd_sc_hd__dfrtp_2)
     9    0.03    0.09    0.43    0.43 v _2813_/Q (sky130_fd_sc_hd__dfrtp_2)
                                         imem.pc[0] (net)
                  0.09    0.00    0.43 v _1405_/C (sky130_fd_sc_hd__and3b_2)
     4    0.01    0.06    0.26    0.69 v _1405_/X (sky130_fd_sc_hd__and3b_2)
                                         _0212_ (net)
                  0.06    0.00    0.69 v _1408_/A2 (sky130_fd_sc_hd__a22oi_2)
     5    0.01    0.22    0.25    0.94 ^ _1408_/Y (sky130_fd_sc_hd__a22oi_2)
                                         _0215_ (net)
                  0.22    0.00    0.94 ^ _1409_/A (sky130_fd_sc_hd__buf_1)
    10    0.02    0.29    0.29    1.22 ^ _1409_/X (sky130_fd_sc_hd__buf_1)
                                         _0216_ (net)
                  0.29    0.00    1.22 ^ _1444_/A (sky130_fd_sc_hd__buf_1)
    10    0.03    0.37    0.35    1.57 ^ _1444_/X (sky130_fd_sc_hd__buf_1)
                                         _0251_ (net)
                  0.37    0.00    1.57 ^ _1445_/A (sky130_fd_sc_hd__buf_1)
    10    0.03    0.37    0.35    1.93 ^ _1445_/X (sky130_fd_sc_hd__buf_1)
                                         _0252_ (net)
                  0.37    0.00    1.93 ^ _1722_/A1 (sky130_fd_sc_hd__a21o_2)
     5    0.01    0.08    0.22    2.15 ^ _1722_/X (sky130_fd_sc_hd__a21o_2)
                                         _0524_ (net)
                  0.08    0.00    2.15 ^ _1758_/A (sky130_fd_sc_hd__buf_1)
    10    0.03    0.39    0.33    2.48 ^ _1758_/X (sky130_fd_sc_hd__buf_1)
                                         _0558_ (net)
                  0.39    0.00    2.48 ^ _1759_/A (sky130_fd_sc_hd__or2_2)
     5    0.01    0.07    0.21    2.69 ^ _1759_/X (sky130_fd_sc_hd__or2_2)
                                         _0559_ (net)
                  0.07    0.00    2.69 ^ _1760_/A (sky130_fd_sc_hd__buf_1)
    10    0.02    0.19    0.19    2.88 ^ _1760_/X (sky130_fd_sc_hd__buf_1)
                                         _0560_ (net)
                  0.19    0.00    2.88 ^ _1773_/B (sky130_fd_sc_hd__and2_2)
     1    0.00    0.04    0.16    3.04 ^ _1773_/X (sky130_fd_sc_hd__and2_2)
                                         _0567_ (net)
                  0.04    0.00    3.04 ^ _1774_/A (sky130_fd_sc_hd__buf_1)
     1    0.00    0.03    0.07    3.11 ^ _1774_/X (sky130_fd_sc_hd__buf_1)
                                         _0011_ (net)
                  0.03    0.00    3.11 ^ _2657_/D (sky130_fd_sc_hd__dfxtp_2)
                                  3.11   data arrival time

                  0.00   10.00   10.00   clock core_clock (rise edge)
                          0.00   10.00   clock network delay (ideal)
                          0.00   10.00   clock reconvergence pessimism
                                 10.00 ^ _2657_/CLK (sky130_fd_sc_hd__dfxtp_2)
                         -0.06    9.94   library setup time
                                  9.94   data required time
-----------------------------------------------------------------------------
                                  9.94   data required time
                                 -3.11   data arrival time
-----------------------------------------------------------------------------
                                  6.83   slack (MET)


Startpoint: _2813_ (rising edge-triggered flip-flop clocked by core_clock)
Endpoint: _2658_ (rising edge-triggered flip-flop clocked by core_clock)
Path Group: core_clock
Path Type: max

Fanout     Cap    Slew   Delay    Time   Description
-----------------------------------------------------------------------------
                  0.00    0.00    0.00   clock core_clock (rise edge)
                          0.00    0.00   clock network delay (ideal)
                  0.00    0.00    0.00 ^ _2813_/CLK (sky130_fd_sc_hd__dfrtp_2)
     9    0.03    0.09    0.43    0.43 v _2813_/Q (sky130_fd_sc_hd__dfrtp_2)
                                         imem.pc[0] (net)
                  0.09    0.00    0.43 v _1405_/C (sky130_fd_sc_hd__and3b_2)
     4    0.01    0.06    0.26    0.69 v _1405_/X (sky130_fd_sc_hd__and3b_2)
                                         _0212_ (net)
                  0.06    0.00    0.69 v _1408_/A2 (sky130_fd_sc_hd__a22oi_2)
     5    0.01    0.22    0.25    0.94 ^ _1408_/Y (sky130_fd_sc_hd__a22oi_2)
                                         _0215_ (net)
                  0.22    0.00    0.94 ^ _1409_/A (sky130_fd_sc_hd__buf_1)
    10    0.02    0.29    0.29    1.22 ^ _1409_/X (sky130_fd_sc_hd__buf_1)
                                         _0216_ (net)
                  0.29    0.00    1.22 ^ _1444_/A (sky130_fd_sc_hd__buf_1)
    10    0.03    0.37    0.35    1.57 ^ _1444_/X (sky130_fd_sc_hd__buf_1)
                                         _0251_ (net)
                  0.37    0.00    1.57 ^ _1445_/A (sky130_fd_sc_hd__buf_1)
    10    0.03    0.37    0.35    1.93 ^ _1445_/X (sky130_fd_sc_hd__buf_1)
                                         _0252_ (net)
                  0.37    0.00    1.93 ^ _1722_/A1 (sky130_fd_sc_hd__a21o_2)
     5    0.01    0.08    0.22    2.15 ^ _1722_/X (sky130_fd_sc_hd__a21o_2)
                                         _0524_ (net)
                  0.08    0.00    2.15 ^ _1758_/A (sky130_fd_sc_hd__buf_1)
    10    0.03    0.39    0.33    2.48 ^ _1758_/X (sky130_fd_sc_hd__buf_1)
                                         _0558_ (net)
                  0.39    0.00    2.48 ^ _1759_/A (sky130_fd_sc_hd__or2_2)
     5    0.01    0.07    0.21    2.69 ^ _1759_/X (sky130_fd_sc_hd__or2_2)
                                         _0559_ (net)
                  0.07    0.00    2.69 ^ _1760_/A (sky130_fd_sc_hd__buf_1)
    10    0.02    0.19    0.19    2.88 ^ _1760_/X (sky130_fd_sc_hd__buf_1)
                                         _0560_ (net)
                  0.19    0.00    2.88 ^ _1775_/B (sky130_fd_sc_hd__and2_2)
     1    0.00    0.04    0.16    3.04 ^ _1775_/X (sky130_fd_sc_hd__and2_2)
                                         _0568_ (net)
                  0.04    0.00    3.04 ^ _1776_/A (sky130_fd_sc_hd__buf_1)
     1    0.00    0.03    0.07    3.11 ^ _1776_/X (sky130_fd_sc_hd__buf_1)
                                         _0012_ (net)
                  0.03    0.00    3.11 ^ _2658_/D (sky130_fd_sc_hd__dfxtp_2)
                                  3.11   data arrival time

                  0.00   10.00   10.00   clock core_clock (rise edge)
                          0.00   10.00   clock network delay (ideal)
                          0.00   10.00   clock reconvergence pessimism
                                 10.00 ^ _2658_/CLK (sky130_fd_sc_hd__dfxtp_2)
                         -0.06    9.94   library setup time
                                  9.94   data required time
-----------------------------------------------------------------------------
                                  9.94   data required time
                                 -3.11   data arrival time
-----------------------------------------------------------------------------
                                  6.83   slack (MET)


Startpoint: _2813_ (rising edge-triggered flip-flop clocked by core_clock)
Endpoint: _2659_ (rising edge-triggered flip-flop clocked by core_clock)
Path Group: core_clock
Path Type: max

Fanout     Cap    Slew   Delay    Time   Description
-----------------------------------------------------------------------------
                  0.00    0.00    0.00   clock core_clock (rise edge)
                          0.00    0.00   clock network delay (ideal)
                  0.00    0.00    0.00 ^ _2813_/CLK (sky130_fd_sc_hd__dfrtp_2)
     9    0.03    0.09    0.43    0.43 v _2813_/Q (sky130_fd_sc_hd__dfrtp_2)
                                         imem.pc[0] (net)
                  0.09    0.00    0.43 v _1405_/C (sky130_fd_sc_hd__and3b_2)
     4    0.01    0.06    0.26    0.69 v _1405_/X (sky130_fd_sc_hd__and3b_2)
                                         _0212_ (net)
                  0.06    0.00    0.69 v _1408_/A2 (sky130_fd_sc_hd__a22oi_2)
     5    0.01    0.22    0.25    0.94 ^ _1408_/Y (sky130_fd_sc_hd__a22oi_2)
                                         _0215_ (net)
                  0.22    0.00    0.94 ^ _1409_/A (sky130_fd_sc_hd__buf_1)
    10    0.02    0.29    0.29    1.22 ^ _1409_/X (sky130_fd_sc_hd__buf_1)
                                         _0216_ (net)
                  0.29    0.00    1.22 ^ _1444_/A (sky130_fd_sc_hd__buf_1)
    10    0.03    0.37    0.35    1.57 ^ _1444_/X (sky130_fd_sc_hd__buf_1)
                                         _0251_ (net)
                  0.37    0.00    1.57 ^ _1445_/A (sky130_fd_sc_hd__buf_1)
    10    0.03    0.37    0.35    1.93 ^ _1445_/X (sky130_fd_sc_hd__buf_1)
                                         _0252_ (net)
                  0.37    0.00    1.93 ^ _1722_/A1 (sky130_fd_sc_hd__a21o_2)
     5    0.01    0.08    0.22    2.15 ^ _1722_/X (sky130_fd_sc_hd__a21o_2)
                                         _0524_ (net)
                  0.08    0.00    2.15 ^ _1758_/A (sky130_fd_sc_hd__buf_1)
    10    0.03    0.39    0.33    2.48 ^ _1758_/X (sky130_fd_sc_hd__buf_1)
                                         _0558_ (net)
                  0.39    0.00    2.48 ^ _1759_/A (sky130_fd_sc_hd__or2_2)
     5    0.01    0.07    0.21    2.69 ^ _1759_/X (sky130_fd_sc_hd__or2_2)
                                         _0559_ (net)
                  0.07    0.00    2.69 ^ _1760_/A (sky130_fd_sc_hd__buf_1)
    10    0.02    0.19    0.19    2.88 ^ _1760_/X (sky130_fd_sc_hd__buf_1)
                                         _0560_ (net)
                  0.19    0.00    2.88 ^ _1777_/B (sky130_fd_sc_hd__and2_2)
     1    0.00    0.04    0.16    3.04 ^ _1777_/X (sky130_fd_sc_hd__and2_2)
                                         _0569_ (net)
                  0.04    0.00    3.04 ^ _1778_/A (sky130_fd_sc_hd__buf_1)
     1    0.00    0.03    0.07    3.11 ^ _1778_/X (sky130_fd_sc_hd__buf_1)
                                         _0013_ (net)
                  0.03    0.00    3.11 ^ _2659_/D (sky130_fd_sc_hd__dfxtp_2)
                                  3.11   data arrival time

                  0.00   10.00   10.00   clock core_clock (rise edge)
                          0.00   10.00   clock network delay (ideal)
                          0.00   10.00   clock reconvergence pessimism
                                 10.00 ^ _2659_/CLK (sky130_fd_sc_hd__dfxtp_2)
                         -0.06    9.94   library setup time
                                  9.94   data required time
-----------------------------------------------------------------------------
                                  9.94   data required time
                                 -3.11   data arrival time
-----------------------------------------------------------------------------
                                  6.83   slack (MET)


Startpoint: _2813_ (rising edge-triggered flip-flop clocked by core_clock)
Endpoint: _2660_ (rising edge-triggered flip-flop clocked by core_clock)
Path Group: core_clock
Path Type: max

Fanout     Cap    Slew   Delay    Time   Description
-----------------------------------------------------------------------------
                  0.00    0.00    0.00   clock core_clock (rise edge)
                          0.00    0.00   clock network delay (ideal)
                  0.00    0.00    0.00 ^ _2813_/CLK (sky130_fd_sc_hd__dfrtp_2)
     9    0.03    0.09    0.43    0.43 v _2813_/Q (sky130_fd_sc_hd__dfrtp_2)
                                         imem.pc[0] (net)
                  0.09    0.00    0.43 v _1405_/C (sky130_fd_sc_hd__and3b_2)
     4    0.01    0.06    0.26    0.69 v _1405_/X (sky130_fd_sc_hd__and3b_2)
                                         _0212_ (net)
                  0.06    0.00    0.69 v _1408_/A2 (sky130_fd_sc_hd__a22oi_2)
     5    0.01    0.22    0.25    0.94 ^ _1408_/Y (sky130_fd_sc_hd__a22oi_2)
                                         _0215_ (net)
                  0.22    0.00    0.94 ^ _1409_/A (sky130_fd_sc_hd__buf_1)
    10    0.02    0.29    0.29    1.22 ^ _1409_/X (sky130_fd_sc_hd__buf_1)
                                         _0216_ (net)
                  0.29    0.00    1.22 ^ _1444_/A (sky130_fd_sc_hd__buf_1)
    10    0.03    0.37    0.35    1.57 ^ _1444_/X (sky130_fd_sc_hd__buf_1)
                                         _0251_ (net)
                  0.37    0.00    1.57 ^ _1445_/A (sky130_fd_sc_hd__buf_1)
    10    0.03    0.37    0.35    1.93 ^ _1445_/X (sky130_fd_sc_hd__buf_1)
                                         _0252_ (net)
                  0.37    0.00    1.93 ^ _1722_/A1 (sky130_fd_sc_hd__a21o_2)
     5    0.01    0.08    0.22    2.15 ^ _1722_/X (sky130_fd_sc_hd__a21o_2)
                                         _0524_ (net)
                  0.08    0.00    2.15 ^ _1758_/A (sky130_fd_sc_hd__buf_1)
    10    0.03    0.39    0.33    2.48 ^ _1758_/X (sky130_fd_sc_hd__buf_1)
                                         _0558_ (net)
                  0.39    0.00    2.48 ^ _1759_/A (sky130_fd_sc_hd__or2_2)
     5    0.01    0.07    0.21    2.69 ^ _1759_/X (sky130_fd_sc_hd__or2_2)
                                         _0559_ (net)
                  0.07    0.00    2.69 ^ _1760_/A (sky130_fd_sc_hd__buf_1)
    10    0.02    0.19    0.19    2.88 ^ _1760_/X (sky130_fd_sc_hd__buf_1)
                                         _0560_ (net)
                  0.19    0.00    2.88 ^ _1779_/B (sky130_fd_sc_hd__and2_2)
     1    0.00    0.04    0.16    3.04 ^ _1779_/X (sky130_fd_sc_hd__and2_2)
                                         _0570_ (net)
                  0.04    0.00    3.04 ^ _1780_/A (sky130_fd_sc_hd__buf_1)
     1    0.00    0.03    0.07    3.11 ^ _1780_/X (sky130_fd_sc_hd__buf_1)
                                         _0014_ (net)
                  0.03    0.00    3.11 ^ _2660_/D (sky130_fd_sc_hd__dfxtp_2)
                                  3.11   data arrival time

                  0.00   10.00   10.00   clock core_clock (rise edge)
                          0.00   10.00   clock network delay (ideal)
                          0.00   10.00   clock reconvergence pessimism
                                 10.00 ^ _2660_/CLK (sky130_fd_sc_hd__dfxtp_2)
                         -0.06    9.94   library setup time
                                  9.94   data required time
-----------------------------------------------------------------------------
                                  9.94   data required time
                                 -3.11   data arrival time
-----------------------------------------------------------------------------
                                  6.83   slack (MET)


Startpoint: _2813_ (rising edge-triggered flip-flop clocked by core_clock)
Endpoint: _2661_ (rising edge-triggered flip-flop clocked by core_clock)
Path Group: core_clock
Path Type: max

Fanout     Cap    Slew   Delay    Time   Description
-----------------------------------------------------------------------------
                  0.00    0.00    0.00   clock core_clock (rise edge)
                          0.00    0.00   clock network delay (ideal)
                  0.00    0.00    0.00 ^ _2813_/CLK (sky130_fd_sc_hd__dfrtp_2)
     9    0.03    0.09    0.43    0.43 v _2813_/Q (sky130_fd_sc_hd__dfrtp_2)
                                         imem.pc[0] (net)
                  0.09    0.00    0.43 v _1405_/C (sky130_fd_sc_hd__and3b_2)
     4    0.01    0.06    0.26    0.69 v _1405_/X (sky130_fd_sc_hd__and3b_2)
                                         _0212_ (net)
                  0.06    0.00    0.69 v _1408_/A2 (sky130_fd_sc_hd__a22oi_2)
     5    0.01    0.22    0.25    0.94 ^ _1408_/Y (sky130_fd_sc_hd__a22oi_2)
                                         _0215_ (net)
                  0.22    0.00    0.94 ^ _1409_/A (sky130_fd_sc_hd__buf_1)
    10    0.02    0.29    0.29    1.22 ^ _1409_/X (sky130_fd_sc_hd__buf_1)
                                         _0216_ (net)
                  0.29    0.00    1.22 ^ _1444_/A (sky130_fd_sc_hd__buf_1)
    10    0.03    0.37    0.35    1.57 ^ _1444_/X (sky130_fd_sc_hd__buf_1)
                                         _0251_ (net)
                  0.37    0.00    1.57 ^ _1445_/A (sky130_fd_sc_hd__buf_1)
    10    0.03    0.37    0.35    1.93 ^ _1445_/X (sky130_fd_sc_hd__buf_1)
                                         _0252_ (net)
                  0.37    0.00    1.93 ^ _1722_/A1 (sky130_fd_sc_hd__a21o_2)
     5    0.01    0.08    0.22    2.15 ^ _1722_/X (sky130_fd_sc_hd__a21o_2)
                                         _0524_ (net)
                  0.08    0.00    2.15 ^ _1758_/A (sky130_fd_sc_hd__buf_1)
    10    0.03    0.39    0.33    2.48 ^ _1758_/X (sky130_fd_sc_hd__buf_1)
                                         _0558_ (net)
                  0.39    0.00    2.48 ^ _1759_/A (sky130_fd_sc_hd__or2_2)
     5    0.01    0.07    0.21    2.69 ^ _1759_/X (sky130_fd_sc_hd__or2_2)
                                         _0559_ (net)
                  0.07    0.00    2.69 ^ _1781_/A (sky130_fd_sc_hd__buf_1)
    10    0.02    0.19    0.19    2.88 ^ _1781_/X (sky130_fd_sc_hd__buf_1)
                                         _0571_ (net)
                  0.19    0.00    2.88 ^ _1782_/B (sky130_fd_sc_hd__and2_2)
     1    0.00    0.04    0.16    3.04 ^ _1782_/X (sky130_fd_sc_hd__and2_2)
                                         _0572_ (net)
                  0.04    0.00    3.04 ^ _1783_/A (sky130_fd_sc_hd__buf_1)
     1    0.00    0.03    0.07    3.11 ^ _1783_/X (sky130_fd_sc_hd__buf_1)
                                         _0015_ (net)
                  0.03    0.00    3.11 ^ _2661_/D (sky130_fd_sc_hd__dfxtp_2)
                                  3.11   data arrival time

                  0.00   10.00   10.00   clock core_clock (rise edge)
                          0.00   10.00   clock network delay (ideal)
                          0.00   10.00   clock reconvergence pessimism
                                 10.00 ^ _2661_/CLK (sky130_fd_sc_hd__dfxtp_2)
                         -0.06    9.94   library setup time
                                  9.94   data required time
-----------------------------------------------------------------------------
                                  9.94   data required time
                                 -3.11   data arrival time
-----------------------------------------------------------------------------
                                  6.83   slack (MET)


Startpoint: _2813_ (rising edge-triggered flip-flop clocked by core_clock)
Endpoint: _2662_ (rising edge-triggered flip-flop clocked by core_clock)
Path Group: core_clock
Path Type: max

Fanout     Cap    Slew   Delay    Time   Description
-----------------------------------------------------------------------------
                  0.00    0.00    0.00   clock core_clock (rise edge)
                          0.00    0.00   clock network delay (ideal)
                  0.00    0.00    0.00 ^ _2813_/CLK (sky130_fd_sc_hd__dfrtp_2)
     9    0.03    0.09    0.43    0.43 v _2813_/Q (sky130_fd_sc_hd__dfrtp_2)
                                         imem.pc[0] (net)
                  0.09    0.00    0.43 v _1405_/C (sky130_fd_sc_hd__and3b_2)
     4    0.01    0.06    0.26    0.69 v _1405_/X (sky130_fd_sc_hd__and3b_2)
                                         _0212_ (net)
                  0.06    0.00    0.69 v _1408_/A2 (sky130_fd_sc_hd__a22oi_2)
     5    0.01    0.22    0.25    0.94 ^ _1408_/Y (sky130_fd_sc_hd__a22oi_2)
                                         _0215_ (net)
                  0.22    0.00    0.94 ^ _1409_/A (sky130_fd_sc_hd__buf_1)
    10    0.02    0.29    0.29    1.22 ^ _1409_/X (sky130_fd_sc_hd__buf_1)
                                         _0216_ (net)
                  0.29    0.00    1.22 ^ _1444_/A (sky130_fd_sc_hd__buf_1)
    10    0.03    0.37    0.35    1.57 ^ _1444_/X (sky130_fd_sc_hd__buf_1)
                                         _0251_ (net)
                  0.37    0.00    1.57 ^ _1445_/A (sky130_fd_sc_hd__buf_1)
    10    0.03    0.37    0.35    1.93 ^ _1445_/X (sky130_fd_sc_hd__buf_1)
                                         _0252_ (net)
                  0.37    0.00    1.93 ^ _1722_/A1 (sky130_fd_sc_hd__a21o_2)
     5    0.01    0.08    0.22    2.15 ^ _1722_/X (sky130_fd_sc_hd__a21o_2)
                                         _0524_ (net)
                  0.08    0.00    2.15 ^ _1758_/A (sky130_fd_sc_hd__buf_1)
    10    0.03    0.39    0.33    2.48 ^ _1758_/X (sky130_fd_sc_hd__buf_1)
                                         _0558_ (net)
                  0.39    0.00    2.48 ^ _1759_/A (sky130_fd_sc_hd__or2_2)
     5    0.01    0.07    0.21    2.69 ^ _1759_/X (sky130_fd_sc_hd__or2_2)
                                         _0559_ (net)
                  0.07    0.00    2.69 ^ _1781_/A (sky130_fd_sc_hd__buf_1)
    10    0.02    0.19    0.19    2.88 ^ _1781_/X (sky130_fd_sc_hd__buf_1)
                                         _0571_ (net)
                  0.19    0.00    2.88 ^ _1784_/B (sky130_fd_sc_hd__and2_2)
     1    0.00    0.04    0.16    3.04 ^ _1784_/X (sky130_fd_sc_hd__and2_2)
                                         _0573_ (net)
                  0.04    0.00    3.04 ^ _1785_/A (sky130_fd_sc_hd__buf_1)
     1    0.00    0.03    0.07    3.11 ^ _1785_/X (sky130_fd_sc_hd__buf_1)
                                         _0016_ (net)
                  0.03    0.00    3.11 ^ _2662_/D (sky130_fd_sc_hd__dfxtp_2)
                                  3.11   data arrival time

                  0.00   10.00   10.00   clock core_clock (rise edge)
                          0.00   10.00   clock network delay (ideal)
                          0.00   10.00   clock reconvergence pessimism
                                 10.00 ^ _2662_/CLK (sky130_fd_sc_hd__dfxtp_2)
                         -0.06    9.94   library setup time
                                  9.94   data required time
-----------------------------------------------------------------------------
                                  9.94   data required time
                                 -3.11   data arrival time
-----------------------------------------------------------------------------
                                  6.83   slack (MET)


Startpoint: _2813_ (rising edge-triggered flip-flop clocked by core_clock)
Endpoint: _2663_ (rising edge-triggered flip-flop clocked by core_clock)
Path Group: core_clock
Path Type: max

Fanout     Cap    Slew   Delay    Time   Description
-----------------------------------------------------------------------------
                  0.00    0.00    0.00   clock core_clock (rise edge)
                          0.00    0.00   clock network delay (ideal)
                  0.00    0.00    0.00 ^ _2813_/CLK (sky130_fd_sc_hd__dfrtp_2)
     9    0.03    0.09    0.43    0.43 v _2813_/Q (sky130_fd_sc_hd__dfrtp_2)
                                         imem.pc[0] (net)
                  0.09    0.00    0.43 v _1405_/C (sky130_fd_sc_hd__and3b_2)
     4    0.01    0.06    0.26    0.69 v _1405_/X (sky130_fd_sc_hd__and3b_2)
                                         _0212_ (net)
                  0.06    0.00    0.69 v _1408_/A2 (sky130_fd_sc_hd__a22oi_2)
     5    0.01    0.22    0.25    0.94 ^ _1408_/Y (sky130_fd_sc_hd__a22oi_2)
                                         _0215_ (net)
                  0.22    0.00    0.94 ^ _1409_/A (sky130_fd_sc_hd__buf_1)
    10    0.02    0.29    0.29    1.22 ^ _1409_/X (sky130_fd_sc_hd__buf_1)
                                         _0216_ (net)
                  0.29    0.00    1.22 ^ _1444_/A (sky130_fd_sc_hd__buf_1)
    10    0.03    0.37    0.35    1.57 ^ _1444_/X (sky130_fd_sc_hd__buf_1)
                                         _0251_ (net)
                  0.37    0.00    1.57 ^ _1445_/A (sky130_fd_sc_hd__buf_1)
    10    0.03    0.37    0.35    1.93 ^ _1445_/X (sky130_fd_sc_hd__buf_1)
                                         _0252_ (net)
                  0.37    0.00    1.93 ^ _1722_/A1 (sky130_fd_sc_hd__a21o_2)
     5    0.01    0.08    0.22    2.15 ^ _1722_/X (sky130_fd_sc_hd__a21o_2)
                                         _0524_ (net)
                  0.08    0.00    2.15 ^ _1758_/A (sky130_fd_sc_hd__buf_1)
    10    0.03    0.39    0.33    2.48 ^ _1758_/X (sky130_fd_sc_hd__buf_1)
                                         _0558_ (net)
                  0.39    0.00    2.48 ^ _1759_/A (sky130_fd_sc_hd__or2_2)
     5    0.01    0.07    0.21    2.69 ^ _1759_/X (sky130_fd_sc_hd__or2_2)
                                         _0559_ (net)
                  0.07    0.00    2.69 ^ _1781_/A (sky130_fd_sc_hd__buf_1)
    10    0.02    0.19    0.19    2.88 ^ _1781_/X (sky130_fd_sc_hd__buf_1)
                                         _0571_ (net)
                  0.19    0.00    2.88 ^ _1786_/B (sky130_fd_sc_hd__and2_2)
     1    0.00    0.04    0.16    3.04 ^ _1786_/X (sky130_fd_sc_hd__and2_2)
                                         _0574_ (net)
                  0.04    0.00    3.04 ^ _1787_/A (sky130_fd_sc_hd__buf_1)
     1    0.00    0.03    0.07    3.11 ^ _1787_/X (sky130_fd_sc_hd__buf_1)
                                         _0017_ (net)
                  0.03    0.00    3.11 ^ _2663_/D (sky130_fd_sc_hd__dfxtp_2)
                                  3.11   data arrival time

                  0.00   10.00   10.00   clock core_clock (rise edge)
                          0.00   10.00   clock network delay (ideal)
                          0.00   10.00   clock reconvergence pessimism
                                 10.00 ^ _2663_/CLK (sky130_fd_sc_hd__dfxtp_2)
                         -0.06    9.94   library setup time
                                  9.94   data required time
-----------------------------------------------------------------------------
                                  9.94   data required time
                                 -3.11   data arrival time
-----------------------------------------------------------------------------
                                  6.83   slack (MET)


Startpoint: _2813_ (rising edge-triggered flip-flop clocked by core_clock)
Endpoint: _2664_ (rising edge-triggered flip-flop clocked by core_clock)
Path Group: core_clock
Path Type: max

Fanout     Cap    Slew   Delay    Time   Description
-----------------------------------------------------------------------------
                  0.00    0.00    0.00   clock core_clock (rise edge)
                          0.00    0.00   clock network delay (ideal)
                  0.00    0.00    0.00 ^ _2813_/CLK (sky130_fd_sc_hd__dfrtp_2)
     9    0.03    0.09    0.43    0.43 v _2813_/Q (sky130_fd_sc_hd__dfrtp_2)
                                         imem.pc[0] (net)
                  0.09    0.00    0.43 v _1405_/C (sky130_fd_sc_hd__and3b_2)
     4    0.01    0.06    0.26    0.69 v _1405_/X (sky130_fd_sc_hd__and3b_2)
                                         _0212_ (net)
                  0.06    0.00    0.69 v _1408_/A2 (sky130_fd_sc_hd__a22oi_2)
     5    0.01    0.22    0.25    0.94 ^ _1408_/Y (sky130_fd_sc_hd__a22oi_2)
                                         _0215_ (net)
                  0.22    0.00    0.94 ^ _1409_/A (sky130_fd_sc_hd__buf_1)
    10    0.02    0.29    0.29    1.22 ^ _1409_/X (sky130_fd_sc_hd__buf_1)
                                         _0216_ (net)
                  0.29    0.00    1.22 ^ _1444_/A (sky130_fd_sc_hd__buf_1)
    10    0.03    0.37    0.35    1.57 ^ _1444_/X (sky130_fd_sc_hd__buf_1)
                                         _0251_ (net)
                  0.37    0.00    1.57 ^ _1445_/A (sky130_fd_sc_hd__buf_1)
    10    0.03    0.37    0.35    1.93 ^ _1445_/X (sky130_fd_sc_hd__buf_1)
                                         _0252_ (net)
                  0.37    0.00    1.93 ^ _1722_/A1 (sky130_fd_sc_hd__a21o_2)
     5    0.01    0.08    0.22    2.15 ^ _1722_/X (sky130_fd_sc_hd__a21o_2)
                                         _0524_ (net)
                  0.08    0.00    2.15 ^ _1758_/A (sky130_fd_sc_hd__buf_1)
    10    0.03    0.39    0.33    2.48 ^ _1758_/X (sky130_fd_sc_hd__buf_1)
                                         _0558_ (net)
                  0.39    0.00    2.48 ^ _1759_/A (sky130_fd_sc_hd__or2_2)
     5    0.01    0.07    0.21    2.69 ^ _1759_/X (sky130_fd_sc_hd__or2_2)
                                         _0559_ (net)
                  0.07    0.00    2.69 ^ _1781_/A (sky130_fd_sc_hd__buf_1)
    10    0.02    0.19    0.19    2.88 ^ _1781_/X (sky130_fd_sc_hd__buf_1)
                                         _0571_ (net)
                  0.19    0.00    2.88 ^ _1788_/B (sky130_fd_sc_hd__and2_2)
     1    0.00    0.04    0.16    3.04 ^ _1788_/X (sky130_fd_sc_hd__and2_2)
                                         _0575_ (net)
                  0.04    0.00    3.04 ^ _1789_/A (sky130_fd_sc_hd__buf_1)
     1    0.00    0.03    0.07    3.11 ^ _1789_/X (sky130_fd_sc_hd__buf_1)
                                         _0018_ (net)
                  0.03    0.00    3.11 ^ _2664_/D (sky130_fd_sc_hd__dfxtp_2)
                                  3.11   data arrival time

                  0.00   10.00   10.00   clock core_clock (rise edge)
                          0.00   10.00   clock network delay (ideal)
                          0.00   10.00   clock reconvergence pessimism
                                 10.00 ^ _2664_/CLK (sky130_fd_sc_hd__dfxtp_2)
                         -0.06    9.94   library setup time
                                  9.94   data required time
-----------------------------------------------------------------------------
                                  9.94   data required time
                                 -3.11   data arrival time
-----------------------------------------------------------------------------
                                  6.83   slack (MET)


Startpoint: _2813_ (rising edge-triggered flip-flop clocked by core_clock)
Endpoint: _2665_ (rising edge-triggered flip-flop clocked by core_clock)
Path Group: core_clock
Path Type: max

Fanout     Cap    Slew   Delay    Time   Description
-----------------------------------------------------------------------------
                  0.00    0.00    0.00   clock core_clock (rise edge)
                          0.00    0.00   clock network delay (ideal)
                  0.00    0.00    0.00 ^ _2813_/CLK (sky130_fd_sc_hd__dfrtp_2)
     9    0.03    0.09    0.43    0.43 v _2813_/Q (sky130_fd_sc_hd__dfrtp_2)
                                         imem.pc[0] (net)
                  0.09    0.00    0.43 v _1405_/C (sky130_fd_sc_hd__and3b_2)
     4    0.01    0.06    0.26    0.69 v _1405_/X (sky130_fd_sc_hd__and3b_2)
                                         _0212_ (net)
                  0.06    0.00    0.69 v _1408_/A2 (sky130_fd_sc_hd__a22oi_2)
     5    0.01    0.22    0.25    0.94 ^ _1408_/Y (sky130_fd_sc_hd__a22oi_2)
                                         _0215_ (net)
                  0.22    0.00    0.94 ^ _1409_/A (sky130_fd_sc_hd__buf_1)
    10    0.02    0.29    0.29    1.22 ^ _1409_/X (sky130_fd_sc_hd__buf_1)
                                         _0216_ (net)
                  0.29    0.00    1.22 ^ _1444_/A (sky130_fd_sc_hd__buf_1)
    10    0.03    0.37    0.35    1.57 ^ _1444_/X (sky130_fd_sc_hd__buf_1)
                                         _0251_ (net)
                  0.37    0.00    1.57 ^ _1445_/A (sky130_fd_sc_hd__buf_1)
    10    0.03    0.37    0.35    1.93 ^ _1445_/X (sky130_fd_sc_hd__buf_1)
                                         _0252_ (net)
                  0.37    0.00    1.93 ^ _1722_/A1 (sky130_fd_sc_hd__a21o_2)
     5    0.01    0.08    0.22    2.15 ^ _1722_/X (sky130_fd_sc_hd__a21o_2)
                                         _0524_ (net)
                  0.08    0.00    2.15 ^ _1758_/A (sky130_fd_sc_hd__buf_1)
    10    0.03    0.39    0.33    2.48 ^ _1758_/X (sky130_fd_sc_hd__buf_1)
                                         _0558_ (net)
                  0.39    0.00    2.48 ^ _1759_/A (sky130_fd_sc_hd__or2_2)
     5    0.01    0.07    0.21    2.69 ^ _1759_/X (sky130_fd_sc_hd__or2_2)
                                         _0559_ (net)
                  0.07    0.00    2.69 ^ _1781_/A (sky130_fd_sc_hd__buf_1)
    10    0.02    0.19    0.19    2.88 ^ _1781_/X (sky130_fd_sc_hd__buf_1)
                                         _0571_ (net)
                  0.19    0.00    2.88 ^ _1790_/B (sky130_fd_sc_hd__and2_2)
     1    0.00    0.04    0.16    3.04 ^ _1790_/X (sky130_fd_sc_hd__and2_2)
                                         _0576_ (net)
                  0.04    0.00    3.04 ^ _1791_/A (sky130_fd_sc_hd__buf_1)
     1    0.00    0.03    0.07    3.11 ^ _1791_/X (sky130_fd_sc_hd__buf_1)
                                         _0019_ (net)
                  0.03    0.00    3.11 ^ _2665_/D (sky130_fd_sc_hd__dfxtp_2)
                                  3.11   data arrival time

                  0.00   10.00   10.00   clock core_clock (rise edge)
                          0.00   10.00   clock network delay (ideal)
                          0.00   10.00   clock reconvergence pessimism
                                 10.00 ^ _2665_/CLK (sky130_fd_sc_hd__dfxtp_2)
                         -0.06    9.94   library setup time
                                  9.94   data required time
-----------------------------------------------------------------------------
                                  9.94   data required time
                                 -3.11   data arrival time
-----------------------------------------------------------------------------
                                  6.83   slack (MET)


Startpoint: _2813_ (rising edge-triggered flip-flop clocked by core_clock)
Endpoint: _2666_ (rising edge-triggered flip-flop clocked by core_clock)
Path Group: core_clock
Path Type: max

Fanout     Cap    Slew   Delay    Time   Description
-----------------------------------------------------------------------------
                  0.00    0.00    0.00   clock core_clock (rise edge)
                          0.00    0.00   clock network delay (ideal)
                  0.00    0.00    0.00 ^ _2813_/CLK (sky130_fd_sc_hd__dfrtp_2)
     9    0.03    0.09    0.43    0.43 v _2813_/Q (sky130_fd_sc_hd__dfrtp_2)
                                         imem.pc[0] (net)
                  0.09    0.00    0.43 v _1405_/C (sky130_fd_sc_hd__and3b_2)
     4    0.01    0.06    0.26    0.69 v _1405_/X (sky130_fd_sc_hd__and3b_2)
                                         _0212_ (net)
                  0.06    0.00    0.69 v _1408_/A2 (sky130_fd_sc_hd__a22oi_2)
     5    0.01    0.22    0.25    0.94 ^ _1408_/Y (sky130_fd_sc_hd__a22oi_2)
                                         _0215_ (net)
                  0.22    0.00    0.94 ^ _1409_/A (sky130_fd_sc_hd__buf_1)
    10    0.02    0.29    0.29    1.22 ^ _1409_/X (sky130_fd_sc_hd__buf_1)
                                         _0216_ (net)
                  0.29    0.00    1.22 ^ _1444_/A (sky130_fd_sc_hd__buf_1)
    10    0.03    0.37    0.35    1.57 ^ _1444_/X (sky130_fd_sc_hd__buf_1)
                                         _0251_ (net)
                  0.37    0.00    1.57 ^ _1445_/A (sky130_fd_sc_hd__buf_1)
    10    0.03    0.37    0.35    1.93 ^ _1445_/X (sky130_fd_sc_hd__buf_1)
                                         _0252_ (net)
                  0.37    0.00    1.93 ^ _1722_/A1 (sky130_fd_sc_hd__a21o_2)
     5    0.01    0.08    0.22    2.15 ^ _1722_/X (sky130_fd_sc_hd__a21o_2)
                                         _0524_ (net)
                  0.08    0.00    2.15 ^ _1758_/A (sky130_fd_sc_hd__buf_1)
    10    0.03    0.39    0.33    2.48 ^ _1758_/X (sky130_fd_sc_hd__buf_1)
                                         _0558_ (net)
                  0.39    0.00    2.48 ^ _1759_/A (sky130_fd_sc_hd__or2_2)
     5    0.01    0.07    0.21    2.69 ^ _1759_/X (sky130_fd_sc_hd__or2_2)
                                         _0559_ (net)
                  0.07    0.00    2.69 ^ _1781_/A (sky130_fd_sc_hd__buf_1)
    10    0.02    0.19    0.19    2.88 ^ _1781_/X (sky130_fd_sc_hd__buf_1)
                                         _0571_ (net)
                  0.19    0.00    2.88 ^ _1792_/B (sky130_fd_sc_hd__and2_2)
     1    0.00    0.04    0.16    3.04 ^ _1792_/X (sky130_fd_sc_hd__and2_2)
                                         _0577_ (net)
                  0.04    0.00    3.04 ^ _1793_/A (sky130_fd_sc_hd__buf_1)
     1    0.00    0.03    0.07    3.11 ^ _1793_/X (sky130_fd_sc_hd__buf_1)
                                         _0020_ (net)
                  0.03    0.00    3.11 ^ _2666_/D (sky130_fd_sc_hd__dfxtp_2)
                                  3.11   data arrival time

                  0.00   10.00   10.00   clock core_clock (rise edge)
                          0.00   10.00   clock network delay (ideal)
                          0.00   10.00   clock reconvergence pessimism
                                 10.00 ^ _2666_/CLK (sky130_fd_sc_hd__dfxtp_2)
                         -0.06    9.94   library setup time
                                  9.94   data required time
-----------------------------------------------------------------------------
                                  9.94   data required time
                                 -3.11   data arrival time
-----------------------------------------------------------------------------
                                  6.83   slack (MET)


Startpoint: _2813_ (rising edge-triggered flip-flop clocked by core_clock)
Endpoint: _2667_ (rising edge-triggered flip-flop clocked by core_clock)
Path Group: core_clock
Path Type: max

Fanout     Cap    Slew   Delay    Time   Description
-----------------------------------------------------------------------------
                  0.00    0.00    0.00   clock core_clock (rise edge)
                          0.00    0.00   clock network delay (ideal)
                  0.00    0.00    0.00 ^ _2813_/CLK (sky130_fd_sc_hd__dfrtp_2)
     9    0.03    0.09    0.43    0.43 v _2813_/Q (sky130_fd_sc_hd__dfrtp_2)
                                         imem.pc[0] (net)
                  0.09    0.00    0.43 v _1405_/C (sky130_fd_sc_hd__and3b_2)
     4    0.01    0.06    0.26    0.69 v _1405_/X (sky130_fd_sc_hd__and3b_2)
                                         _0212_ (net)
                  0.06    0.00    0.69 v _1408_/A2 (sky130_fd_sc_hd__a22oi_2)
     5    0.01    0.22    0.25    0.94 ^ _1408_/Y (sky130_fd_sc_hd__a22oi_2)
                                         _0215_ (net)
                  0.22    0.00    0.94 ^ _1409_/A (sky130_fd_sc_hd__buf_1)
    10    0.02    0.29    0.29    1.22 ^ _1409_/X (sky130_fd_sc_hd__buf_1)
                                         _0216_ (net)
                  0.29    0.00    1.22 ^ _1444_/A (sky130_fd_sc_hd__buf_1)
    10    0.03    0.37    0.35    1.57 ^ _1444_/X (sky130_fd_sc_hd__buf_1)
                                         _0251_ (net)
                  0.37    0.00    1.57 ^ _1445_/A (sky130_fd_sc_hd__buf_1)
    10    0.03    0.37    0.35    1.93 ^ _1445_/X (sky130_fd_sc_hd__buf_1)
                                         _0252_ (net)
                  0.37    0.00    1.93 ^ _1722_/A1 (sky130_fd_sc_hd__a21o_2)
     5    0.01    0.08    0.22    2.15 ^ _1722_/X (sky130_fd_sc_hd__a21o_2)
                                         _0524_ (net)
                  0.08    0.00    2.15 ^ _1758_/A (sky130_fd_sc_hd__buf_1)
    10    0.03    0.39    0.33    2.48 ^ _1758_/X (sky130_fd_sc_hd__buf_1)
                                         _0558_ (net)
                  0.39    0.00    2.48 ^ _1759_/A (sky130_fd_sc_hd__or2_2)
     5    0.01    0.07    0.21    2.69 ^ _1759_/X (sky130_fd_sc_hd__or2_2)
                                         _0559_ (net)
                  0.07    0.00    2.69 ^ _1781_/A (sky130_fd_sc_hd__buf_1)
    10    0.02    0.19    0.19    2.88 ^ _1781_/X (sky130_fd_sc_hd__buf_1)
                                         _0571_ (net)
                  0.19    0.00    2.88 ^ _1794_/B (sky130_fd_sc_hd__and2_2)
     1    0.00    0.04    0.16    3.04 ^ _1794_/X (sky130_fd_sc_hd__and2_2)
                                         _0578_ (net)
                  0.04    0.00    3.04 ^ _1795_/A (sky130_fd_sc_hd__buf_1)
     1    0.00    0.03    0.07    3.11 ^ _1795_/X (sky130_fd_sc_hd__buf_1)
                                         _0021_ (net)
                  0.03    0.00    3.11 ^ _2667_/D (sky130_fd_sc_hd__dfxtp_2)
                                  3.11   data arrival time

                  0.00   10.00   10.00   clock core_clock (rise edge)
                          0.00   10.00   clock network delay (ideal)
                          0.00   10.00   clock reconvergence pessimism
                                 10.00 ^ _2667_/CLK (sky130_fd_sc_hd__dfxtp_2)
                         -0.06    9.94   library setup time
                                  9.94   data required time
-----------------------------------------------------------------------------
                                  9.94   data required time
                                 -3.11   data arrival time
-----------------------------------------------------------------------------
                                  6.83   slack (MET)


Startpoint: _2813_ (rising edge-triggered flip-flop clocked by core_clock)
Endpoint: _2668_ (rising edge-triggered flip-flop clocked by core_clock)
Path Group: core_clock
Path Type: max

Fanout     Cap    Slew   Delay    Time   Description
-----------------------------------------------------------------------------
                  0.00    0.00    0.00   clock core_clock (rise edge)
                          0.00    0.00   clock network delay (ideal)
                  0.00    0.00    0.00 ^ _2813_/CLK (sky130_fd_sc_hd__dfrtp_2)
     9    0.03    0.09    0.43    0.43 v _2813_/Q (sky130_fd_sc_hd__dfrtp_2)
                                         imem.pc[0] (net)
                  0.09    0.00    0.43 v _1405_/C (sky130_fd_sc_hd__and3b_2)
     4    0.01    0.06    0.26    0.69 v _1405_/X (sky130_fd_sc_hd__and3b_2)
                                         _0212_ (net)
                  0.06    0.00    0.69 v _1408_/A2 (sky130_fd_sc_hd__a22oi_2)
     5    0.01    0.22    0.25    0.94 ^ _1408_/Y (sky130_fd_sc_hd__a22oi_2)
                                         _0215_ (net)
                  0.22    0.00    0.94 ^ _1409_/A (sky130_fd_sc_hd__buf_1)
    10    0.02    0.29    0.29    1.22 ^ _1409_/X (sky130_fd_sc_hd__buf_1)
                                         _0216_ (net)
                  0.29    0.00    1.22 ^ _1444_/A (sky130_fd_sc_hd__buf_1)
    10    0.03    0.37    0.35    1.57 ^ _1444_/X (sky130_fd_sc_hd__buf_1)
                                         _0251_ (net)
                  0.37    0.00    1.57 ^ _1445_/A (sky130_fd_sc_hd__buf_1)
    10    0.03    0.37    0.35    1.93 ^ _1445_/X (sky130_fd_sc_hd__buf_1)
                                         _0252_ (net)
                  0.37    0.00    1.93 ^ _1722_/A1 (sky130_fd_sc_hd__a21o_2)
     5    0.01    0.08    0.22    2.15 ^ _1722_/X (sky130_fd_sc_hd__a21o_2)
                                         _0524_ (net)
                  0.08    0.00    2.15 ^ _1758_/A (sky130_fd_sc_hd__buf_1)
    10    0.03    0.39    0.33    2.48 ^ _1758_/X (sky130_fd_sc_hd__buf_1)
                                         _0558_ (net)
                  0.39    0.00    2.48 ^ _1759_/A (sky130_fd_sc_hd__or2_2)
     5    0.01    0.07    0.21    2.69 ^ _1759_/X (sky130_fd_sc_hd__or2_2)
                                         _0559_ (net)
                  0.07    0.00    2.69 ^ _1781_/A (sky130_fd_sc_hd__buf_1)
    10    0.02    0.19    0.19    2.88 ^ _1781_/X (sky130_fd_sc_hd__buf_1)
                                         _0571_ (net)
                  0.19    0.00    2.88 ^ _1796_/B (sky130_fd_sc_hd__and2_2)
     1    0.00    0.04    0.16    3.04 ^ _1796_/X (sky130_fd_sc_hd__and2_2)
                                         _0579_ (net)
                  0.04    0.00    3.04 ^ _1797_/A (sky130_fd_sc_hd__buf_1)
     1    0.00    0.03    0.07    3.11 ^ _1797_/X (sky130_fd_sc_hd__buf_1)
                                         _0022_ (net)
                  0.03    0.00    3.11 ^ _2668_/D (sky130_fd_sc_hd__dfxtp_2)
                                  3.11   data arrival time

                  0.00   10.00   10.00   clock core_clock (rise edge)
                          0.00   10.00   clock network delay (ideal)
                          0.00   10.00   clock reconvergence pessimism
                                 10.00 ^ _2668_/CLK (sky130_fd_sc_hd__dfxtp_2)
                         -0.06    9.94   library setup time
                                  9.94   data required time
-----------------------------------------------------------------------------
                                  9.94   data required time
                                 -3.11   data arrival time
-----------------------------------------------------------------------------
                                  6.83   slack (MET)


Startpoint: _2813_ (rising edge-triggered flip-flop clocked by core_clock)
Endpoint: _2669_ (rising edge-triggered flip-flop clocked by core_clock)
Path Group: core_clock
Path Type: max

Fanout     Cap    Slew   Delay    Time   Description
-----------------------------------------------------------------------------
                  0.00    0.00    0.00   clock core_clock (rise edge)
                          0.00    0.00   clock network delay (ideal)
                  0.00    0.00    0.00 ^ _2813_/CLK (sky130_fd_sc_hd__dfrtp_2)
     9    0.03    0.09    0.43    0.43 v _2813_/Q (sky130_fd_sc_hd__dfrtp_2)
                                         imem.pc[0] (net)
                  0.09    0.00    0.43 v _1405_/C (sky130_fd_sc_hd__and3b_2)
     4    0.01    0.06    0.26    0.69 v _1405_/X (sky130_fd_sc_hd__and3b_2)
                                         _0212_ (net)
                  0.06    0.00    0.69 v _1408_/A2 (sky130_fd_sc_hd__a22oi_2)
     5    0.01    0.22    0.25    0.94 ^ _1408_/Y (sky130_fd_sc_hd__a22oi_2)
                                         _0215_ (net)
                  0.22    0.00    0.94 ^ _1409_/A (sky130_fd_sc_hd__buf_1)
    10    0.02    0.29    0.29    1.22 ^ _1409_/X (sky130_fd_sc_hd__buf_1)
                                         _0216_ (net)
                  0.29    0.00    1.22 ^ _1444_/A (sky130_fd_sc_hd__buf_1)
    10    0.03    0.37    0.35    1.57 ^ _1444_/X (sky130_fd_sc_hd__buf_1)
                                         _0251_ (net)
                  0.37    0.00    1.57 ^ _1445_/A (sky130_fd_sc_hd__buf_1)
    10    0.03    0.37    0.35    1.93 ^ _1445_/X (sky130_fd_sc_hd__buf_1)
                                         _0252_ (net)
                  0.37    0.00    1.93 ^ _1722_/A1 (sky130_fd_sc_hd__a21o_2)
     5    0.01    0.08    0.22    2.15 ^ _1722_/X (sky130_fd_sc_hd__a21o_2)
                                         _0524_ (net)
                  0.08    0.00    2.15 ^ _1758_/A (sky130_fd_sc_hd__buf_1)
    10    0.03    0.39    0.33    2.48 ^ _1758_/X (sky130_fd_sc_hd__buf_1)
                                         _0558_ (net)
                  0.39    0.00    2.48 ^ _1759_/A (sky130_fd_sc_hd__or2_2)
     5    0.01    0.07    0.21    2.69 ^ _1759_/X (sky130_fd_sc_hd__or2_2)
                                         _0559_ (net)
                  0.07    0.00    2.69 ^ _1781_/A (sky130_fd_sc_hd__buf_1)
    10    0.02    0.19    0.19    2.88 ^ _1781_/X (sky130_fd_sc_hd__buf_1)
                                         _0571_ (net)
                  0.19    0.00    2.88 ^ _1798_/B (sky130_fd_sc_hd__and2_2)
     1    0.00    0.04    0.16    3.04 ^ _1798_/X (sky130_fd_sc_hd__and2_2)
                                         _0580_ (net)
                  0.04    0.00    3.04 ^ _1799_/A (sky130_fd_sc_hd__buf_1)
     1    0.00    0.03    0.07    3.11 ^ _1799_/X (sky130_fd_sc_hd__buf_1)
                                         _0023_ (net)
                  0.03    0.00    3.11 ^ _2669_/D (sky130_fd_sc_hd__dfxtp_2)
                                  3.11   data arrival time

                  0.00   10.00   10.00   clock core_clock (rise edge)
                          0.00   10.00   clock network delay (ideal)
                          0.00   10.00   clock reconvergence pessimism
                                 10.00 ^ _2669_/CLK (sky130_fd_sc_hd__dfxtp_2)
                         -0.06    9.94   library setup time
                                  9.94   data required time
-----------------------------------------------------------------------------
                                  9.94   data required time
                                 -3.11   data arrival time
-----------------------------------------------------------------------------
                                  6.83   slack (MET)


Startpoint: _2813_ (rising edge-triggered flip-flop clocked by core_clock)
Endpoint: _2670_ (rising edge-triggered flip-flop clocked by core_clock)
Path Group: core_clock
Path Type: max

Fanout     Cap    Slew   Delay    Time   Description
-----------------------------------------------------------------------------
                  0.00    0.00    0.00   clock core_clock (rise edge)
                          0.00    0.00   clock network delay (ideal)
                  0.00    0.00    0.00 ^ _2813_/CLK (sky130_fd_sc_hd__dfrtp_2)
     9    0.03    0.09    0.43    0.43 v _2813_/Q (sky130_fd_sc_hd__dfrtp_2)
                                         imem.pc[0] (net)
                  0.09    0.00    0.43 v _1405_/C (sky130_fd_sc_hd__and3b_2)
     4    0.01    0.06    0.26    0.69 v _1405_/X (sky130_fd_sc_hd__and3b_2)
                                         _0212_ (net)
                  0.06    0.00    0.69 v _1408_/A2 (sky130_fd_sc_hd__a22oi_2)
     5    0.01    0.22    0.25    0.94 ^ _1408_/Y (sky130_fd_sc_hd__a22oi_2)
                                         _0215_ (net)
                  0.22    0.00    0.94 ^ _1409_/A (sky130_fd_sc_hd__buf_1)
    10    0.02    0.29    0.29    1.22 ^ _1409_/X (sky130_fd_sc_hd__buf_1)
                                         _0216_ (net)
                  0.29    0.00    1.22 ^ _1444_/A (sky130_fd_sc_hd__buf_1)
    10    0.03    0.37    0.35    1.57 ^ _1444_/X (sky130_fd_sc_hd__buf_1)
                                         _0251_ (net)
                  0.37    0.00    1.57 ^ _1445_/A (sky130_fd_sc_hd__buf_1)
    10    0.03    0.37    0.35    1.93 ^ _1445_/X (sky130_fd_sc_hd__buf_1)
                                         _0252_ (net)
                  0.37    0.00    1.93 ^ _1722_/A1 (sky130_fd_sc_hd__a21o_2)
     5    0.01    0.08    0.22    2.15 ^ _1722_/X (sky130_fd_sc_hd__a21o_2)
                                         _0524_ (net)
                  0.08    0.00    2.15 ^ _1758_/A (sky130_fd_sc_hd__buf_1)
    10    0.03    0.39    0.33    2.48 ^ _1758_/X (sky130_fd_sc_hd__buf_1)
                                         _0558_ (net)
                  0.39    0.00    2.48 ^ _1759_/A (sky130_fd_sc_hd__or2_2)
     5    0.01    0.07    0.21    2.69 ^ _1759_/X (sky130_fd_sc_hd__or2_2)
                                         _0559_ (net)
                  0.07    0.00    2.69 ^ _1781_/A (sky130_fd_sc_hd__buf_1)
    10    0.02    0.19    0.19    2.88 ^ _1781_/X (sky130_fd_sc_hd__buf_1)
                                         _0571_ (net)
                  0.19    0.00    2.88 ^ _1800_/B (sky130_fd_sc_hd__and2_2)
     1    0.00    0.04    0.16    3.04 ^ _1800_/X (sky130_fd_sc_hd__and2_2)
                                         _0581_ (net)
                  0.04    0.00    3.04 ^ _1801_/A (sky130_fd_sc_hd__buf_1)
     1    0.00    0.03    0.07    3.11 ^ _1801_/X (sky130_fd_sc_hd__buf_1)
                                         _0024_ (net)
                  0.03    0.00    3.11 ^ _2670_/D (sky130_fd_sc_hd__dfxtp_2)
                                  3.11   data arrival time

                  0.00   10.00   10.00   clock core_clock (rise edge)
                          0.00   10.00   clock network delay (ideal)
                          0.00   10.00   clock reconvergence pessimism
                                 10.00 ^ _2670_/CLK (sky130_fd_sc_hd__dfxtp_2)
                         -0.06    9.94   library setup time
                                  9.94   data required time
-----------------------------------------------------------------------------
                                  9.94   data required time
                                 -3.11   data arrival time
-----------------------------------------------------------------------------
                                  6.83   slack (MET)


Startpoint: _2813_ (rising edge-triggered flip-flop clocked by core_clock)
Endpoint: _2671_ (rising edge-triggered flip-flop clocked by core_clock)
Path Group: core_clock
Path Type: max

Fanout     Cap    Slew   Delay    Time   Description
-----------------------------------------------------------------------------
                  0.00    0.00    0.00   clock core_clock (rise edge)
                          0.00    0.00   clock network delay (ideal)
                  0.00    0.00    0.00 ^ _2813_/CLK (sky130_fd_sc_hd__dfrtp_2)
     9    0.03    0.09    0.43    0.43 v _2813_/Q (sky130_fd_sc_hd__dfrtp_2)
                                         imem.pc[0] (net)
                  0.09    0.00    0.43 v _1405_/C (sky130_fd_sc_hd__and3b_2)
     4    0.01    0.06    0.26    0.69 v _1405_/X (sky130_fd_sc_hd__and3b_2)
                                         _0212_ (net)
                  0.06    0.00    0.69 v _1408_/A2 (sky130_fd_sc_hd__a22oi_2)
     5    0.01    0.22    0.25    0.94 ^ _1408_/Y (sky130_fd_sc_hd__a22oi_2)
                                         _0215_ (net)
                  0.22    0.00    0.94 ^ _1409_/A (sky130_fd_sc_hd__buf_1)
    10    0.02    0.29    0.29    1.22 ^ _1409_/X (sky130_fd_sc_hd__buf_1)
                                         _0216_ (net)
                  0.29    0.00    1.22 ^ _1444_/A (sky130_fd_sc_hd__buf_1)
    10    0.03    0.37    0.35    1.57 ^ _1444_/X (sky130_fd_sc_hd__buf_1)
                                         _0251_ (net)
                  0.37    0.00    1.57 ^ _1445_/A (sky130_fd_sc_hd__buf_1)
    10    0.03    0.37    0.35    1.93 ^ _1445_/X (sky130_fd_sc_hd__buf_1)
                                         _0252_ (net)
                  0.37    0.00    1.93 ^ _1722_/A1 (sky130_fd_sc_hd__a21o_2)
     5    0.01    0.08    0.22    2.15 ^ _1722_/X (sky130_fd_sc_hd__a21o_2)
                                         _0524_ (net)
                  0.08    0.00    2.15 ^ _1758_/A (sky130_fd_sc_hd__buf_1)
    10    0.03    0.39    0.33    2.48 ^ _1758_/X (sky130_fd_sc_hd__buf_1)
                                         _0558_ (net)
                  0.39    0.00    2.48 ^ _1759_/A (sky130_fd_sc_hd__or2_2)
     5    0.01    0.07    0.21    2.69 ^ _1759_/X (sky130_fd_sc_hd__or2_2)
                                         _0559_ (net)
                  0.07    0.00    2.69 ^ _1802_/A (sky130_fd_sc_hd__buf_1)
    10    0.02    0.19    0.19    2.88 ^ _1802_/X (sky130_fd_sc_hd__buf_1)
                                         _0582_ (net)
                  0.19    0.00    2.88 ^ _1803_/B (sky130_fd_sc_hd__and2_2)
     1    0.00    0.04    0.16    3.04 ^ _1803_/X (sky130_fd_sc_hd__and2_2)
                                         _0583_ (net)
                  0.04    0.00    3.04 ^ _1804_/A (sky130_fd_sc_hd__buf_1)
     1    0.00    0.03    0.07    3.11 ^ _1804_/X (sky130_fd_sc_hd__buf_1)
                                         _0025_ (net)
                  0.03    0.00    3.11 ^ _2671_/D (sky130_fd_sc_hd__dfxtp_2)
                                  3.11   data arrival time

                  0.00   10.00   10.00   clock core_clock (rise edge)
                          0.00   10.00   clock network delay (ideal)
                          0.00   10.00   clock reconvergence pessimism
                                 10.00 ^ _2671_/CLK (sky130_fd_sc_hd__dfxtp_2)
                         -0.06    9.94   library setup time
                                  9.94   data required time
-----------------------------------------------------------------------------
                                  9.94   data required time
                                 -3.11   data arrival time
-----------------------------------------------------------------------------
                                  6.83   slack (MET)


Startpoint: _2813_ (rising edge-triggered flip-flop clocked by core_clock)
Endpoint: _2672_ (rising edge-triggered flip-flop clocked by core_clock)
Path Group: core_clock
Path Type: max

Fanout     Cap    Slew   Delay    Time   Description
-----------------------------------------------------------------------------
                  0.00    0.00    0.00   clock core_clock (rise edge)
                          0.00    0.00   clock network delay (ideal)
                  0.00    0.00    0.00 ^ _2813_/CLK (sky130_fd_sc_hd__dfrtp_2)
     9    0.03    0.09    0.43    0.43 v _2813_/Q (sky130_fd_sc_hd__dfrtp_2)
                                         imem.pc[0] (net)
                  0.09    0.00    0.43 v _1405_/C (sky130_fd_sc_hd__and3b_2)
     4    0.01    0.06    0.26    0.69 v _1405_/X (sky130_fd_sc_hd__and3b_2)
                                         _0212_ (net)
                  0.06    0.00    0.69 v _1408_/A2 (sky130_fd_sc_hd__a22oi_2)
     5    0.01    0.22    0.25    0.94 ^ _1408_/Y (sky130_fd_sc_hd__a22oi_2)
                                         _0215_ (net)
                  0.22    0.00    0.94 ^ _1409_/A (sky130_fd_sc_hd__buf_1)
    10    0.02    0.29    0.29    1.22 ^ _1409_/X (sky130_fd_sc_hd__buf_1)
                                         _0216_ (net)
                  0.29    0.00    1.22 ^ _1444_/A (sky130_fd_sc_hd__buf_1)
    10    0.03    0.37    0.35    1.57 ^ _1444_/X (sky130_fd_sc_hd__buf_1)
                                         _0251_ (net)
                  0.37    0.00    1.57 ^ _1445_/A (sky130_fd_sc_hd__buf_1)
    10    0.03    0.37    0.35    1.93 ^ _1445_/X (sky130_fd_sc_hd__buf_1)
                                         _0252_ (net)
                  0.37    0.00    1.93 ^ _1722_/A1 (sky130_fd_sc_hd__a21o_2)
     5    0.01    0.08    0.22    2.15 ^ _1722_/X (sky130_fd_sc_hd__a21o_2)
                                         _0524_ (net)
                  0.08    0.00    2.15 ^ _1758_/A (sky130_fd_sc_hd__buf_1)
    10    0.03    0.39    0.33    2.48 ^ _1758_/X (sky130_fd_sc_hd__buf_1)
                                         _0558_ (net)
                  0.39    0.00    2.48 ^ _1759_/A (sky130_fd_sc_hd__or2_2)
     5    0.01    0.07    0.21    2.69 ^ _1759_/X (sky130_fd_sc_hd__or2_2)
                                         _0559_ (net)
                  0.07    0.00    2.69 ^ _1802_/A (sky130_fd_sc_hd__buf_1)
    10    0.02    0.19    0.19    2.88 ^ _1802_/X (sky130_fd_sc_hd__buf_1)
                                         _0582_ (net)
                  0.19    0.00    2.88 ^ _1805_/B (sky130_fd_sc_hd__and2_2)
     1    0.00    0.04    0.16    3.04 ^ _1805_/X (sky130_fd_sc_hd__and2_2)
                                         _0584_ (net)
                  0.04    0.00    3.04 ^ _1806_/A (sky130_fd_sc_hd__buf_1)
     1    0.00    0.03    0.07    3.11 ^ _1806_/X (sky130_fd_sc_hd__buf_1)
                                         _0026_ (net)
                  0.03    0.00    3.11 ^ _2672_/D (sky130_fd_sc_hd__dfxtp_2)
                                  3.11   data arrival time

                  0.00   10.00   10.00   clock core_clock (rise edge)
                          0.00   10.00   clock network delay (ideal)
                          0.00   10.00   clock reconvergence pessimism
                                 10.00 ^ _2672_/CLK (sky130_fd_sc_hd__dfxtp_2)
                         -0.06    9.94   library setup time
                                  9.94   data required time
-----------------------------------------------------------------------------
                                  9.94   data required time
                                 -3.11   data arrival time
-----------------------------------------------------------------------------
                                  6.83   slack (MET)


Startpoint: _2813_ (rising edge-triggered flip-flop clocked by core_clock)
Endpoint: _2673_ (rising edge-triggered flip-flop clocked by core_clock)
Path Group: core_clock
Path Type: max

Fanout     Cap    Slew   Delay    Time   Description
-----------------------------------------------------------------------------
                  0.00    0.00    0.00   clock core_clock (rise edge)
                          0.00    0.00   clock network delay (ideal)
                  0.00    0.00    0.00 ^ _2813_/CLK (sky130_fd_sc_hd__dfrtp_2)
     9    0.03    0.09    0.43    0.43 v _2813_/Q (sky130_fd_sc_hd__dfrtp_2)
                                         imem.pc[0] (net)
                  0.09    0.00    0.43 v _1405_/C (sky130_fd_sc_hd__and3b_2)
     4    0.01    0.06    0.26    0.69 v _1405_/X (sky130_fd_sc_hd__and3b_2)
                                         _0212_ (net)
                  0.06    0.00    0.69 v _1408_/A2 (sky130_fd_sc_hd__a22oi_2)
     5    0.01    0.22    0.25    0.94 ^ _1408_/Y (sky130_fd_sc_hd__a22oi_2)
                                         _0215_ (net)
                  0.22    0.00    0.94 ^ _1409_/A (sky130_fd_sc_hd__buf_1)
    10    0.02    0.29    0.29    1.22 ^ _1409_/X (sky130_fd_sc_hd__buf_1)
                                         _0216_ (net)
                  0.29    0.00    1.22 ^ _1444_/A (sky130_fd_sc_hd__buf_1)
    10    0.03    0.37    0.35    1.57 ^ _1444_/X (sky130_fd_sc_hd__buf_1)
                                         _0251_ (net)
                  0.37    0.00    1.57 ^ _1445_/A (sky130_fd_sc_hd__buf_1)
    10    0.03    0.37    0.35    1.93 ^ _1445_/X (sky130_fd_sc_hd__buf_1)
                                         _0252_ (net)
                  0.37    0.00    1.93 ^ _1722_/A1 (sky130_fd_sc_hd__a21o_2)
     5    0.01    0.08    0.22    2.15 ^ _1722_/X (sky130_fd_sc_hd__a21o_2)
                                         _0524_ (net)
                  0.08    0.00    2.15 ^ _1758_/A (sky130_fd_sc_hd__buf_1)
    10    0.03    0.39    0.33    2.48 ^ _1758_/X (sky130_fd_sc_hd__buf_1)
                                         _0558_ (net)
                  0.39    0.00    2.48 ^ _1759_/A (sky130_fd_sc_hd__or2_2)
     5    0.01    0.07    0.21    2.69 ^ _1759_/X (sky130_fd_sc_hd__or2_2)
                                         _0559_ (net)
                  0.07    0.00    2.69 ^ _1802_/A (sky130_fd_sc_hd__buf_1)
    10    0.02    0.19    0.19    2.88 ^ _1802_/X (sky130_fd_sc_hd__buf_1)
                                         _0582_ (net)
                  0.19    0.00    2.88 ^ _1807_/B (sky130_fd_sc_hd__and2_2)
     1    0.00    0.04    0.16    3.04 ^ _1807_/X (sky130_fd_sc_hd__and2_2)
                                         _0585_ (net)
                  0.04    0.00    3.04 ^ _1808_/A (sky130_fd_sc_hd__buf_1)
     1    0.00    0.03    0.07    3.11 ^ _1808_/X (sky130_fd_sc_hd__buf_1)
                                         _0027_ (net)
                  0.03    0.00    3.11 ^ _2673_/D (sky130_fd_sc_hd__dfxtp_2)
                                  3.11   data arrival time

                  0.00   10.00   10.00   clock core_clock (rise edge)
                          0.00   10.00   clock network delay (ideal)
                          0.00   10.00   clock reconvergence pessimism
                                 10.00 ^ _2673_/CLK (sky130_fd_sc_hd__dfxtp_2)
                         -0.06    9.94   library setup time
                                  9.94   data required time
-----------------------------------------------------------------------------
                                  9.94   data required time
                                 -3.11   data arrival time
-----------------------------------------------------------------------------
                                  6.83   slack (MET)


Startpoint: _2813_ (rising edge-triggered flip-flop clocked by core_clock)
Endpoint: _2674_ (rising edge-triggered flip-flop clocked by core_clock)
Path Group: core_clock
Path Type: max

Fanout     Cap    Slew   Delay    Time   Description
-----------------------------------------------------------------------------
                  0.00    0.00    0.00   clock core_clock (rise edge)
                          0.00    0.00   clock network delay (ideal)
                  0.00    0.00    0.00 ^ _2813_/CLK (sky130_fd_sc_hd__dfrtp_2)
     9    0.03    0.09    0.43    0.43 v _2813_/Q (sky130_fd_sc_hd__dfrtp_2)
                                         imem.pc[0] (net)
                  0.09    0.00    0.43 v _1405_/C (sky130_fd_sc_hd__and3b_2)
     4    0.01    0.06    0.26    0.69 v _1405_/X (sky130_fd_sc_hd__and3b_2)
                                         _0212_ (net)
                  0.06    0.00    0.69 v _1408_/A2 (sky130_fd_sc_hd__a22oi_2)
     5    0.01    0.22    0.25    0.94 ^ _1408_/Y (sky130_fd_sc_hd__a22oi_2)
                                         _0215_ (net)
                  0.22    0.00    0.94 ^ _1409_/A (sky130_fd_sc_hd__buf_1)
    10    0.02    0.29    0.29    1.22 ^ _1409_/X (sky130_fd_sc_hd__buf_1)
                                         _0216_ (net)
                  0.29    0.00    1.22 ^ _1444_/A (sky130_fd_sc_hd__buf_1)
    10    0.03    0.37    0.35    1.57 ^ _1444_/X (sky130_fd_sc_hd__buf_1)
                                         _0251_ (net)
                  0.37    0.00    1.57 ^ _1445_/A (sky130_fd_sc_hd__buf_1)
    10    0.03    0.37    0.35    1.93 ^ _1445_/X (sky130_fd_sc_hd__buf_1)
                                         _0252_ (net)
                  0.37    0.00    1.93 ^ _1722_/A1 (sky130_fd_sc_hd__a21o_2)
     5    0.01    0.08    0.22    2.15 ^ _1722_/X (sky130_fd_sc_hd__a21o_2)
                                         _0524_ (net)
                  0.08    0.00    2.15 ^ _1758_/A (sky130_fd_sc_hd__buf_1)
    10    0.03    0.39    0.33    2.48 ^ _1758_/X (sky130_fd_sc_hd__buf_1)
                                         _0558_ (net)
                  0.39    0.00    2.48 ^ _1759_/A (sky130_fd_sc_hd__or2_2)
     5    0.01    0.07    0.21    2.69 ^ _1759_/X (sky130_fd_sc_hd__or2_2)
                                         _0559_ (net)
                  0.07    0.00    2.69 ^ _1802_/A (sky130_fd_sc_hd__buf_1)
    10    0.02    0.19    0.19    2.88 ^ _1802_/X (sky130_fd_sc_hd__buf_1)
                                         _0582_ (net)
                  0.19    0.00    2.88 ^ _1809_/B (sky130_fd_sc_hd__and2_2)
     1    0.00    0.04    0.16    3.04 ^ _1809_/X (sky130_fd_sc_hd__and2_2)
                                         _0586_ (net)
                  0.04    0.00    3.04 ^ _1810_/A (sky130_fd_sc_hd__buf_1)
     1    0.00    0.03    0.07    3.11 ^ _1810_/X (sky130_fd_sc_hd__buf_1)
                                         _0028_ (net)
                  0.03    0.00    3.11 ^ _2674_/D (sky130_fd_sc_hd__dfxtp_2)
                                  3.11   data arrival time

                  0.00   10.00   10.00   clock core_clock (rise edge)
                          0.00   10.00   clock network delay (ideal)
                          0.00   10.00   clock reconvergence pessimism
                                 10.00 ^ _2674_/CLK (sky130_fd_sc_hd__dfxtp_2)
                         -0.06    9.94   library setup time
                                  9.94   data required time
-----------------------------------------------------------------------------
                                  9.94   data required time
                                 -3.11   data arrival time
-----------------------------------------------------------------------------
                                  6.83   slack (MET)


Startpoint: _2813_ (rising edge-triggered flip-flop clocked by core_clock)
Endpoint: _2675_ (rising edge-triggered flip-flop clocked by core_clock)
Path Group: core_clock
Path Type: max

Fanout     Cap    Slew   Delay    Time   Description
-----------------------------------------------------------------------------
                  0.00    0.00    0.00   clock core_clock (rise edge)
                          0.00    0.00   clock network delay (ideal)
                  0.00    0.00    0.00 ^ _2813_/CLK (sky130_fd_sc_hd__dfrtp_2)
     9    0.03    0.09    0.43    0.43 v _2813_/Q (sky130_fd_sc_hd__dfrtp_2)
                                         imem.pc[0] (net)
                  0.09    0.00    0.43 v _1405_/C (sky130_fd_sc_hd__and3b_2)
     4    0.01    0.06    0.26    0.69 v _1405_/X (sky130_fd_sc_hd__and3b_2)
                                         _0212_ (net)
                  0.06    0.00    0.69 v _1408_/A2 (sky130_fd_sc_hd__a22oi_2)
     5    0.01    0.22    0.25    0.94 ^ _1408_/Y (sky130_fd_sc_hd__a22oi_2)
                                         _0215_ (net)
                  0.22    0.00    0.94 ^ _1409_/A (sky130_fd_sc_hd__buf_1)
    10    0.02    0.29    0.29    1.22 ^ _1409_/X (sky130_fd_sc_hd__buf_1)
                                         _0216_ (net)
                  0.29    0.00    1.22 ^ _1444_/A (sky130_fd_sc_hd__buf_1)
    10    0.03    0.37    0.35    1.57 ^ _1444_/X (sky130_fd_sc_hd__buf_1)
                                         _0251_ (net)
                  0.37    0.00    1.57 ^ _1445_/A (sky130_fd_sc_hd__buf_1)
    10    0.03    0.37    0.35    1.93 ^ _1445_/X (sky130_fd_sc_hd__buf_1)
                                         _0252_ (net)
                  0.37    0.00    1.93 ^ _1722_/A1 (sky130_fd_sc_hd__a21o_2)
     5    0.01    0.08    0.22    2.15 ^ _1722_/X (sky130_fd_sc_hd__a21o_2)
                                         _0524_ (net)
                  0.08    0.00    2.15 ^ _1758_/A (sky130_fd_sc_hd__buf_1)
    10    0.03    0.39    0.33    2.48 ^ _1758_/X (sky130_fd_sc_hd__buf_1)
                                         _0558_ (net)
                  0.39    0.00    2.48 ^ _1759_/A (sky130_fd_sc_hd__or2_2)
     5    0.01    0.07    0.21    2.69 ^ _1759_/X (sky130_fd_sc_hd__or2_2)
                                         _0559_ (net)
                  0.07    0.00    2.69 ^ _1802_/A (sky130_fd_sc_hd__buf_1)
    10    0.02    0.19    0.19    2.88 ^ _1802_/X (sky130_fd_sc_hd__buf_1)
                                         _0582_ (net)
                  0.19    0.00    2.88 ^ _1811_/B (sky130_fd_sc_hd__and2_2)
     1    0.00    0.04    0.16    3.04 ^ _1811_/X (sky130_fd_sc_hd__and2_2)
                                         _0587_ (net)
                  0.04    0.00    3.04 ^ _1812_/A (sky130_fd_sc_hd__buf_1)
     1    0.00    0.03    0.07    3.11 ^ _1812_/X (sky130_fd_sc_hd__buf_1)
                                         _0029_ (net)
                  0.03    0.00    3.11 ^ _2675_/D (sky130_fd_sc_hd__dfxtp_2)
                                  3.11   data arrival time

                  0.00   10.00   10.00   clock core_clock (rise edge)
                          0.00   10.00   clock network delay (ideal)
                          0.00   10.00   clock reconvergence pessimism
                                 10.00 ^ _2675_/CLK (sky130_fd_sc_hd__dfxtp_2)
                         -0.06    9.94   library setup time
                                  9.94   data required time
-----------------------------------------------------------------------------
                                  9.94   data required time
                                 -3.11   data arrival time
-----------------------------------------------------------------------------
                                  6.83   slack (MET)


Startpoint: _2813_ (rising edge-triggered flip-flop clocked by core_clock)
Endpoint: _2676_ (rising edge-triggered flip-flop clocked by core_clock)
Path Group: core_clock
Path Type: max

Fanout     Cap    Slew   Delay    Time   Description
-----------------------------------------------------------------------------
                  0.00    0.00    0.00   clock core_clock (rise edge)
                          0.00    0.00   clock network delay (ideal)
                  0.00    0.00    0.00 ^ _2813_/CLK (sky130_fd_sc_hd__dfrtp_2)
     9    0.03    0.09    0.43    0.43 v _2813_/Q (sky130_fd_sc_hd__dfrtp_2)
                                         imem.pc[0] (net)
                  0.09    0.00    0.43 v _1405_/C (sky130_fd_sc_hd__and3b_2)
     4    0.01    0.06    0.26    0.69 v _1405_/X (sky130_fd_sc_hd__and3b_2)
                                         _0212_ (net)
                  0.06    0.00    0.69 v _1408_/A2 (sky130_fd_sc_hd__a22oi_2)
     5    0.01    0.22    0.25    0.94 ^ _1408_/Y (sky130_fd_sc_hd__a22oi_2)
                                         _0215_ (net)
                  0.22    0.00    0.94 ^ _1409_/A (sky130_fd_sc_hd__buf_1)
    10    0.02    0.29    0.29    1.22 ^ _1409_/X (sky130_fd_sc_hd__buf_1)
                                         _0216_ (net)
                  0.29    0.00    1.22 ^ _1444_/A (sky130_fd_sc_hd__buf_1)
    10    0.03    0.37    0.35    1.57 ^ _1444_/X (sky130_fd_sc_hd__buf_1)
                                         _0251_ (net)
                  0.37    0.00    1.57 ^ _1445_/A (sky130_fd_sc_hd__buf_1)
    10    0.03    0.37    0.35    1.93 ^ _1445_/X (sky130_fd_sc_hd__buf_1)
                                         _0252_ (net)
                  0.37    0.00    1.93 ^ _1722_/A1 (sky130_fd_sc_hd__a21o_2)
     5    0.01    0.08    0.22    2.15 ^ _1722_/X (sky130_fd_sc_hd__a21o_2)
                                         _0524_ (net)
                  0.08    0.00    2.15 ^ _1758_/A (sky130_fd_sc_hd__buf_1)
    10    0.03    0.39    0.33    2.48 ^ _1758_/X (sky130_fd_sc_hd__buf_1)
                                         _0558_ (net)
                  0.39    0.00    2.48 ^ _1759_/A (sky130_fd_sc_hd__or2_2)
     5    0.01    0.07    0.21    2.69 ^ _1759_/X (sky130_fd_sc_hd__or2_2)
                                         _0559_ (net)
                  0.07    0.00    2.69 ^ _1802_/A (sky130_fd_sc_hd__buf_1)
    10    0.02    0.19    0.19    2.88 ^ _1802_/X (sky130_fd_sc_hd__buf_1)
                                         _0582_ (net)
                  0.19    0.00    2.88 ^ _1813_/B (sky130_fd_sc_hd__and2_2)
     1    0.00    0.04    0.16    3.04 ^ _1813_/X (sky130_fd_sc_hd__and2_2)
                                         _0588_ (net)
                  0.04    0.00    3.04 ^ _1814_/A (sky130_fd_sc_hd__buf_1)
     1    0.00    0.03    0.07    3.11 ^ _1814_/X (sky130_fd_sc_hd__buf_1)
                                         _0030_ (net)
                  0.03    0.00    3.11 ^ _2676_/D (sky130_fd_sc_hd__dfxtp_2)
                                  3.11   data arrival time

                  0.00   10.00   10.00   clock core_clock (rise edge)
                          0.00   10.00   clock network delay (ideal)
                          0.00   10.00   clock reconvergence pessimism
                                 10.00 ^ _2676_/CLK (sky130_fd_sc_hd__dfxtp_2)
                         -0.06    9.94   library setup time
                                  9.94   data required time
-----------------------------------------------------------------------------
                                  9.94   data required time
                                 -3.11   data arrival time
-----------------------------------------------------------------------------
                                  6.83   slack (MET)


Startpoint: _2813_ (rising edge-triggered flip-flop clocked by core_clock)
Endpoint: _2677_ (rising edge-triggered flip-flop clocked by core_clock)
Path Group: core_clock
Path Type: max

Fanout     Cap    Slew   Delay    Time   Description
-----------------------------------------------------------------------------
                  0.00    0.00    0.00   clock core_clock (rise edge)
                          0.00    0.00   clock network delay (ideal)
                  0.00    0.00    0.00 ^ _2813_/CLK (sky130_fd_sc_hd__dfrtp_2)
     9    0.03    0.09    0.43    0.43 v _2813_/Q (sky130_fd_sc_hd__dfrtp_2)
                                         imem.pc[0] (net)
                  0.09    0.00    0.43 v _1405_/C (sky130_fd_sc_hd__and3b_2)
     4    0.01    0.06    0.26    0.69 v _1405_/X (sky130_fd_sc_hd__and3b_2)
                                         _0212_ (net)
                  0.06    0.00    0.69 v _1408_/A2 (sky130_fd_sc_hd__a22oi_2)
     5    0.01    0.22    0.25    0.94 ^ _1408_/Y (sky130_fd_sc_hd__a22oi_2)
                                         _0215_ (net)
                  0.22    0.00    0.94 ^ _1409_/A (sky130_fd_sc_hd__buf_1)
    10    0.02    0.29    0.29    1.22 ^ _1409_/X (sky130_fd_sc_hd__buf_1)
                                         _0216_ (net)
                  0.29    0.00    1.22 ^ _1444_/A (sky130_fd_sc_hd__buf_1)
    10    0.03    0.37    0.35    1.57 ^ _1444_/X (sky130_fd_sc_hd__buf_1)
                                         _0251_ (net)
                  0.37    0.00    1.57 ^ _1445_/A (sky130_fd_sc_hd__buf_1)
    10    0.03    0.37    0.35    1.93 ^ _1445_/X (sky130_fd_sc_hd__buf_1)
                                         _0252_ (net)
                  0.37    0.00    1.93 ^ _1722_/A1 (sky130_fd_sc_hd__a21o_2)
     5    0.01    0.08    0.22    2.15 ^ _1722_/X (sky130_fd_sc_hd__a21o_2)
                                         _0524_ (net)
                  0.08    0.00    2.15 ^ _1758_/A (sky130_fd_sc_hd__buf_1)
    10    0.03    0.39    0.33    2.48 ^ _1758_/X (sky130_fd_sc_hd__buf_1)
                                         _0558_ (net)
                  0.39    0.00    2.48 ^ _1759_/A (sky130_fd_sc_hd__or2_2)
     5    0.01    0.07    0.21    2.69 ^ _1759_/X (sky130_fd_sc_hd__or2_2)
                                         _0559_ (net)
                  0.07    0.00    2.69 ^ _1802_/A (sky130_fd_sc_hd__buf_1)
    10    0.02    0.19    0.19    2.88 ^ _1802_/X (sky130_fd_sc_hd__buf_1)
                                         _0582_ (net)
                  0.19    0.00    2.88 ^ _1815_/B (sky130_fd_sc_hd__and2_2)
     1    0.00    0.04    0.16    3.04 ^ _1815_/X (sky130_fd_sc_hd__and2_2)
                                         _0589_ (net)
                  0.04    0.00    3.04 ^ _1816_/A (sky130_fd_sc_hd__buf_1)
     1    0.00    0.03    0.07    3.11 ^ _1816_/X (sky130_fd_sc_hd__buf_1)
                                         _0031_ (net)
                  0.03    0.00    3.11 ^ _2677_/D (sky130_fd_sc_hd__dfxtp_2)
                                  3.11   data arrival time

                  0.00   10.00   10.00   clock core_clock (rise edge)
                          0.00   10.00   clock network delay (ideal)
                          0.00   10.00   clock reconvergence pessimism
                                 10.00 ^ _2677_/CLK (sky130_fd_sc_hd__dfxtp_2)
                         -0.06    9.94   library setup time
                                  9.94   data required time
-----------------------------------------------------------------------------
                                  9.94   data required time
                                 -3.11   data arrival time
-----------------------------------------------------------------------------
                                  6.83   slack (MET)


Startpoint: _2813_ (rising edge-triggered flip-flop clocked by core_clock)
Endpoint: _2678_ (rising edge-triggered flip-flop clocked by core_clock)
Path Group: core_clock
Path Type: max

Fanout     Cap    Slew   Delay    Time   Description
-----------------------------------------------------------------------------
                  0.00    0.00    0.00   clock core_clock (rise edge)
                          0.00    0.00   clock network delay (ideal)
                  0.00    0.00    0.00 ^ _2813_/CLK (sky130_fd_sc_hd__dfrtp_2)
     9    0.03    0.09    0.43    0.43 v _2813_/Q (sky130_fd_sc_hd__dfrtp_2)
                                         imem.pc[0] (net)
                  0.09    0.00    0.43 v _1405_/C (sky130_fd_sc_hd__and3b_2)
     4    0.01    0.06    0.26    0.69 v _1405_/X (sky130_fd_sc_hd__and3b_2)
                                         _0212_ (net)
                  0.06    0.00    0.69 v _1408_/A2 (sky130_fd_sc_hd__a22oi_2)
     5    0.01    0.22    0.25    0.94 ^ _1408_/Y (sky130_fd_sc_hd__a22oi_2)
                                         _0215_ (net)
                  0.22    0.00    0.94 ^ _1409_/A (sky130_fd_sc_hd__buf_1)
    10    0.02    0.29    0.29    1.22 ^ _1409_/X (sky130_fd_sc_hd__buf_1)
                                         _0216_ (net)
                  0.29    0.00    1.22 ^ _1444_/A (sky130_fd_sc_hd__buf_1)
    10    0.03    0.37    0.35    1.57 ^ _1444_/X (sky130_fd_sc_hd__buf_1)
                                         _0251_ (net)
                  0.37    0.00    1.57 ^ _1445_/A (sky130_fd_sc_hd__buf_1)
    10    0.03    0.37    0.35    1.93 ^ _1445_/X (sky130_fd_sc_hd__buf_1)
                                         _0252_ (net)
                  0.37    0.00    1.93 ^ _1722_/A1 (sky130_fd_sc_hd__a21o_2)
     5    0.01    0.08    0.22    2.15 ^ _1722_/X (sky130_fd_sc_hd__a21o_2)
                                         _0524_ (net)
                  0.08    0.00    2.15 ^ _1758_/A (sky130_fd_sc_hd__buf_1)
    10    0.03    0.39    0.33    2.48 ^ _1758_/X (sky130_fd_sc_hd__buf_1)
                                         _0558_ (net)
                  0.39    0.00    2.48 ^ _1759_/A (sky130_fd_sc_hd__or2_2)
     5    0.01    0.07    0.21    2.69 ^ _1759_/X (sky130_fd_sc_hd__or2_2)
                                         _0559_ (net)
                  0.07    0.00    2.69 ^ _1802_/A (sky130_fd_sc_hd__buf_1)
    10    0.02    0.19    0.19    2.88 ^ _1802_/X (sky130_fd_sc_hd__buf_1)
                                         _0582_ (net)
                  0.19    0.00    2.88 ^ _1817_/B (sky130_fd_sc_hd__and2_2)
     1    0.00    0.04    0.16    3.04 ^ _1817_/X (sky130_fd_sc_hd__and2_2)
                                         _0590_ (net)
                  0.04    0.00    3.04 ^ _1818_/A (sky130_fd_sc_hd__buf_1)
     1    0.00    0.03    0.07    3.11 ^ _1818_/X (sky130_fd_sc_hd__buf_1)
                                         _0032_ (net)
                  0.03    0.00    3.11 ^ _2678_/D (sky130_fd_sc_hd__dfxtp_2)
                                  3.11   data arrival time

                  0.00   10.00   10.00   clock core_clock (rise edge)
                          0.00   10.00   clock network delay (ideal)
                          0.00   10.00   clock reconvergence pessimism
                                 10.00 ^ _2678_/CLK (sky130_fd_sc_hd__dfxtp_2)
                         -0.06    9.94   library setup time
                                  9.94   data required time
-----------------------------------------------------------------------------
                                  9.94   data required time
                                 -3.11   data arrival time
-----------------------------------------------------------------------------
                                  6.83   slack (MET)


Startpoint: _2813_ (rising edge-triggered flip-flop clocked by core_clock)
Endpoint: _2679_ (rising edge-triggered flip-flop clocked by core_clock)
Path Group: core_clock
Path Type: max

Fanout     Cap    Slew   Delay    Time   Description
-----------------------------------------------------------------------------
                  0.00    0.00    0.00   clock core_clock (rise edge)
                          0.00    0.00   clock network delay (ideal)
                  0.00    0.00    0.00 ^ _2813_/CLK (sky130_fd_sc_hd__dfrtp_2)
     9    0.03    0.09    0.43    0.43 v _2813_/Q (sky130_fd_sc_hd__dfrtp_2)
                                         imem.pc[0] (net)
                  0.09    0.00    0.43 v _1405_/C (sky130_fd_sc_hd__and3b_2)
     4    0.01    0.06    0.26    0.69 v _1405_/X (sky130_fd_sc_hd__and3b_2)
                                         _0212_ (net)
                  0.06    0.00    0.69 v _1408_/A2 (sky130_fd_sc_hd__a22oi_2)
     5    0.01    0.22    0.25    0.94 ^ _1408_/Y (sky130_fd_sc_hd__a22oi_2)
                                         _0215_ (net)
                  0.22    0.00    0.94 ^ _1409_/A (sky130_fd_sc_hd__buf_1)
    10    0.02    0.29    0.29    1.22 ^ _1409_/X (sky130_fd_sc_hd__buf_1)
                                         _0216_ (net)
                  0.29    0.00    1.22 ^ _1444_/A (sky130_fd_sc_hd__buf_1)
    10    0.03    0.37    0.35    1.57 ^ _1444_/X (sky130_fd_sc_hd__buf_1)
                                         _0251_ (net)
                  0.37    0.00    1.57 ^ _1445_/A (sky130_fd_sc_hd__buf_1)
    10    0.03    0.37    0.35    1.93 ^ _1445_/X (sky130_fd_sc_hd__buf_1)
                                         _0252_ (net)
                  0.37    0.00    1.93 ^ _1722_/A1 (sky130_fd_sc_hd__a21o_2)
     5    0.01    0.08    0.22    2.15 ^ _1722_/X (sky130_fd_sc_hd__a21o_2)
                                         _0524_ (net)
                  0.08    0.00    2.15 ^ _1758_/A (sky130_fd_sc_hd__buf_1)
    10    0.03    0.39    0.33    2.48 ^ _1758_/X (sky130_fd_sc_hd__buf_1)
                                         _0558_ (net)
                  0.39    0.00    2.48 ^ _1759_/A (sky130_fd_sc_hd__or2_2)
     5    0.01    0.07    0.21    2.69 ^ _1759_/X (sky130_fd_sc_hd__or2_2)
                                         _0559_ (net)
                  0.07    0.00    2.69 ^ _1802_/A (sky130_fd_sc_hd__buf_1)
    10    0.02    0.19    0.19    2.88 ^ _1802_/X (sky130_fd_sc_hd__buf_1)
                                         _0582_ (net)
                  0.19    0.00    2.88 ^ _1819_/B (sky130_fd_sc_hd__and2_2)
     1    0.00    0.04    0.16    3.04 ^ _1819_/X (sky130_fd_sc_hd__and2_2)
                                         _0591_ (net)
                  0.04    0.00    3.04 ^ _1820_/A (sky130_fd_sc_hd__buf_1)
     1    0.00    0.03    0.07    3.11 ^ _1820_/X (sky130_fd_sc_hd__buf_1)
                                         _0033_ (net)
                  0.03    0.00    3.11 ^ _2679_/D (sky130_fd_sc_hd__dfxtp_2)
                                  3.11   data arrival time

                  0.00   10.00   10.00   clock core_clock (rise edge)
                          0.00   10.00   clock network delay (ideal)
                          0.00   10.00   clock reconvergence pessimism
                                 10.00 ^ _2679_/CLK (sky130_fd_sc_hd__dfxtp_2)
                         -0.06    9.94   library setup time
                                  9.94   data required time
-----------------------------------------------------------------------------
                                  9.94   data required time
                                 -3.11   data arrival time
-----------------------------------------------------------------------------
                                  6.83   slack (MET)


Startpoint: _2813_ (rising edge-triggered flip-flop clocked by core_clock)
Endpoint: _2680_ (rising edge-triggered flip-flop clocked by core_clock)
Path Group: core_clock
Path Type: max

Fanout     Cap    Slew   Delay    Time   Description
-----------------------------------------------------------------------------
                  0.00    0.00    0.00   clock core_clock (rise edge)
                          0.00    0.00   clock network delay (ideal)
                  0.00    0.00    0.00 ^ _2813_/CLK (sky130_fd_sc_hd__dfrtp_2)
     9    0.03    0.09    0.43    0.43 v _2813_/Q (sky130_fd_sc_hd__dfrtp_2)
                                         imem.pc[0] (net)
                  0.09    0.00    0.43 v _1405_/C (sky130_fd_sc_hd__and3b_2)
     4    0.01    0.06    0.26    0.69 v _1405_/X (sky130_fd_sc_hd__and3b_2)
                                         _0212_ (net)
                  0.06    0.00    0.69 v _1408_/A2 (sky130_fd_sc_hd__a22oi_2)
     5    0.01    0.22    0.25    0.94 ^ _1408_/Y (sky130_fd_sc_hd__a22oi_2)
                                         _0215_ (net)
                  0.22    0.00    0.94 ^ _1409_/A (sky130_fd_sc_hd__buf_1)
    10    0.02    0.29    0.29    1.22 ^ _1409_/X (sky130_fd_sc_hd__buf_1)
                                         _0216_ (net)
                  0.29    0.00    1.22 ^ _1444_/A (sky130_fd_sc_hd__buf_1)
    10    0.03    0.37    0.35    1.57 ^ _1444_/X (sky130_fd_sc_hd__buf_1)
                                         _0251_ (net)
                  0.37    0.00    1.57 ^ _1445_/A (sky130_fd_sc_hd__buf_1)
    10    0.03    0.37    0.35    1.93 ^ _1445_/X (sky130_fd_sc_hd__buf_1)
                                         _0252_ (net)
                  0.37    0.00    1.93 ^ _1722_/A1 (sky130_fd_sc_hd__a21o_2)
     5    0.01    0.08    0.22    2.15 ^ _1722_/X (sky130_fd_sc_hd__a21o_2)
                                         _0524_ (net)
                  0.08    0.00    2.15 ^ _1758_/A (sky130_fd_sc_hd__buf_1)
    10    0.03    0.39    0.33    2.48 ^ _1758_/X (sky130_fd_sc_hd__buf_1)
                                         _0558_ (net)
                  0.39    0.00    2.48 ^ _1759_/A (sky130_fd_sc_hd__or2_2)
     5    0.01    0.07    0.21    2.69 ^ _1759_/X (sky130_fd_sc_hd__or2_2)
                                         _0559_ (net)
                  0.07    0.00    2.69 ^ _1802_/A (sky130_fd_sc_hd__buf_1)
    10    0.02    0.19    0.19    2.88 ^ _1802_/X (sky130_fd_sc_hd__buf_1)
                                         _0582_ (net)
                  0.19    0.00    2.88 ^ _1821_/B (sky130_fd_sc_hd__and2_2)
     1    0.00    0.04    0.16    3.04 ^ _1821_/X (sky130_fd_sc_hd__and2_2)
                                         _0592_ (net)
                  0.04    0.00    3.04 ^ _1822_/A (sky130_fd_sc_hd__buf_1)
     1    0.00    0.03    0.07    3.11 ^ _1822_/X (sky130_fd_sc_hd__buf_1)
                                         _0034_ (net)
                  0.03    0.00    3.11 ^ _2680_/D (sky130_fd_sc_hd__dfxtp_2)
                                  3.11   data arrival time

                  0.00   10.00   10.00   clock core_clock (rise edge)
                          0.00   10.00   clock network delay (ideal)
                          0.00   10.00   clock reconvergence pessimism
                                 10.00 ^ _2680_/CLK (sky130_fd_sc_hd__dfxtp_2)
                         -0.06    9.94   library setup time
                                  9.94   data required time
-----------------------------------------------------------------------------
                                  9.94   data required time
                                 -3.11   data arrival time
-----------------------------------------------------------------------------
                                  6.83   slack (MET)


Startpoint: _2814_ (rising edge-triggered flip-flop clocked by core_clock)
Endpoint: _2681_ (rising edge-triggered flip-flop clocked by core_clock)
Path Group: core_clock
Path Type: max

Fanout     Cap    Slew   Delay    Time   Description
-----------------------------------------------------------------------------
                  0.00    0.00    0.00   clock core_clock (rise edge)
                          0.00    0.00   clock network delay (ideal)
                  0.00    0.00    0.00 ^ _2814_/CLK (sky130_fd_sc_hd__dfrtp_2)
     9    0.03    0.09    0.43    0.43 v _2814_/Q (sky130_fd_sc_hd__dfrtp_2)
                                         imem.pc[1] (net)
                  0.09    0.00    0.43 v _1608_/B (sky130_fd_sc_hd__or2_2)
     2    0.01    0.06    0.30    0.73 v _1608_/X (sky130_fd_sc_hd__or2_2)
                                         _0415_ (net)
                  0.06    0.00    0.73 v _1609_/A (sky130_fd_sc_hd__or2_2)
     2    0.00    0.06    0.30    1.03 v _1609_/X (sky130_fd_sc_hd__or2_2)
                                         _0416_ (net)
                  0.06    0.00    1.03 v _1610_/A (sky130_fd_sc_hd__buf_1)
    10    0.02    0.12    0.17    1.21 v _1610_/X (sky130_fd_sc_hd__buf_1)
                                         _0417_ (net)
                  0.12    0.00    1.21 v _1611_/A (sky130_fd_sc_hd__buf_1)
    10    0.03    0.18    0.24    1.45 v _1611_/X (sky130_fd_sc_hd__buf_1)
                                         _0418_ (net)
                  0.18    0.00    1.45 v _1612_/A (sky130_fd_sc_hd__buf_1)
    10    0.03    0.20    0.28    1.72 v _1612_/X (sky130_fd_sc_hd__buf_1)
                                         _0419_ (net)
                  0.20    0.00    1.72 v _1722_/A2 (sky130_fd_sc_hd__a21o_2)
     5    0.01    0.05    0.29    2.01 v _1722_/X (sky130_fd_sc_hd__a21o_2)
                                         _0524_ (net)
                  0.05    0.00    2.01 v _1758_/A (sky130_fd_sc_hd__buf_1)
    10    0.03    0.17    0.21    2.22 v _1758_/X (sky130_fd_sc_hd__buf_1)
                                         _0558_ (net)
                  0.17    0.00    2.22 v _1759_/A (sky130_fd_sc_hd__or2_2)
     5    0.01    0.07    0.36    2.58 v _1759_/X (sky130_fd_sc_hd__or2_2)
                                         _0559_ (net)
                  0.07    0.00    2.58 v _1823_/B (sky130_fd_sc_hd__and2_2)
     1    0.00    0.03    0.19    2.78 v _1823_/X (sky130_fd_sc_hd__and2_2)
                                         _0593_ (net)
                  0.03    0.00    2.78 v _1824_/A (sky130_fd_sc_hd__buf_1)
     1    0.00    0.02    0.08    2.85 v _1824_/X (sky130_fd_sc_hd__buf_1)
                                         _0035_ (net)
                  0.02    0.00    2.85 v _2681_/D (sky130_fd_sc_hd__dfxtp_2)
                                  2.85   data arrival time

                  0.00   10.00   10.00   clock core_clock (rise edge)
                          0.00   10.00   clock network delay (ideal)
                          0.00   10.00   clock reconvergence pessimism
                                 10.00 ^ _2681_/CLK (sky130_fd_sc_hd__dfxtp_2)
                         -0.11    9.89   library setup time
                                  9.89   data required time
-----------------------------------------------------------------------------
                                  9.89   data required time
                                 -2.85   data arrival time
-----------------------------------------------------------------------------
                                  7.03   slack (MET)


Startpoint: _2814_ (rising edge-triggered flip-flop clocked by core_clock)
Endpoint: _2682_ (rising edge-triggered flip-flop clocked by core_clock)
Path Group: core_clock
Path Type: max

Fanout     Cap    Slew   Delay    Time   Description
-----------------------------------------------------------------------------
                  0.00    0.00    0.00   clock core_clock (rise edge)
                          0.00    0.00   clock network delay (ideal)
                  0.00    0.00    0.00 ^ _2814_/CLK (sky130_fd_sc_hd__dfrtp_2)
     9    0.03    0.09    0.43    0.43 v _2814_/Q (sky130_fd_sc_hd__dfrtp_2)
                                         imem.pc[1] (net)
                  0.09    0.00    0.43 v _1608_/B (sky130_fd_sc_hd__or2_2)
     2    0.01    0.06    0.30    0.73 v _1608_/X (sky130_fd_sc_hd__or2_2)
                                         _0415_ (net)
                  0.06    0.00    0.73 v _1609_/A (sky130_fd_sc_hd__or2_2)
     2    0.00    0.06    0.30    1.03 v _1609_/X (sky130_fd_sc_hd__or2_2)
                                         _0416_ (net)
                  0.06    0.00    1.03 v _1610_/A (sky130_fd_sc_hd__buf_1)
    10    0.02    0.12    0.17    1.21 v _1610_/X (sky130_fd_sc_hd__buf_1)
                                         _0417_ (net)
                  0.12    0.00    1.21 v _1611_/A (sky130_fd_sc_hd__buf_1)
    10    0.03    0.18    0.24    1.45 v _1611_/X (sky130_fd_sc_hd__buf_1)
                                         _0418_ (net)
                  0.18    0.00    1.45 v _1612_/A (sky130_fd_sc_hd__buf_1)
    10    0.03    0.20    0.28    1.72 v _1612_/X (sky130_fd_sc_hd__buf_1)
                                         _0419_ (net)
                  0.20    0.00    1.72 v _1722_/A2 (sky130_fd_sc_hd__a21o_2)
     5    0.01    0.05    0.29    2.01 v _1722_/X (sky130_fd_sc_hd__a21o_2)
                                         _0524_ (net)
                  0.05    0.00    2.01 v _1758_/A (sky130_fd_sc_hd__buf_1)
    10    0.03    0.17    0.21    2.22 v _1758_/X (sky130_fd_sc_hd__buf_1)
                                         _0558_ (net)
                  0.17    0.00    2.22 v _1759_/A (sky130_fd_sc_hd__or2_2)
     5    0.01    0.07    0.36    2.58 v _1759_/X (sky130_fd_sc_hd__or2_2)
                                         _0559_ (net)
                  0.07    0.00    2.58 v _1825_/B (sky130_fd_sc_hd__and2_2)
     1    0.00    0.03    0.19    2.78 v _1825_/X (sky130_fd_sc_hd__and2_2)
                                         _0594_ (net)
                  0.03    0.00    2.78 v _1826_/A (sky130_fd_sc_hd__buf_1)
     1    0.00    0.02    0.08    2.85 v _1826_/X (sky130_fd_sc_hd__buf_1)
                                         _0036_ (net)
                  0.02    0.00    2.85 v _2682_/D (sky130_fd_sc_hd__dfxtp_2)
                                  2.85   data arrival time

                  0.00   10.00   10.00   clock core_clock (rise edge)
                          0.00   10.00   clock network delay (ideal)
                          0.00   10.00   clock reconvergence pessimism
                                 10.00 ^ _2682_/CLK (sky130_fd_sc_hd__dfxtp_2)
                         -0.11    9.89   library setup time
                                  9.89   data required time
-----------------------------------------------------------------------------
                                  9.89   data required time
                                 -2.85   data arrival time
-----------------------------------------------------------------------------
                                  7.03   slack (MET)


Startpoint: _2813_ (rising edge-triggered flip-flop clocked by core_clock)
Endpoint: _2816_ (rising edge-triggered flip-flop clocked by core_clock)
Path Group: core_clock
Path Type: max

Fanout     Cap    Slew   Delay    Time   Description
-----------------------------------------------------------------------------
                  0.00    0.00    0.00   clock core_clock (rise edge)
                          0.00    0.00   clock network delay (ideal)
                  0.00    0.00    0.00 ^ _2813_/CLK (sky130_fd_sc_hd__dfrtp_2)
     9    0.03    0.09    0.43    0.43 v _2813_/Q (sky130_fd_sc_hd__dfrtp_2)
                                         imem.pc[0] (net)
                  0.09    0.00    0.43 v _1392_/C (sky130_fd_sc_hd__and3_2)
     3    0.01    0.06    0.25    0.68 v _1392_/X (sky130_fd_sc_hd__and3_2)
                                         _0204_ (net)
                  0.06    0.00    0.68 v _1393_/B (sky130_fd_sc_hd__and2_2)
     3    0.01    0.05    0.21    0.89 v _1393_/X (sky130_fd_sc_hd__and2_2)
                                         _0205_ (net)
                  0.05    0.00    0.89 v _1396_/B (sky130_fd_sc_hd__or2_2)
     1    0.00    0.05    0.26    1.15 v _1396_/X (sky130_fd_sc_hd__or2_2)
                                         _0207_ (net)
                  0.05    0.00    1.15 v _1397_/B (sky130_fd_sc_hd__and2_2)
     1    0.00    0.03    0.18    1.33 v _1397_/X (sky130_fd_sc_hd__and2_2)
                                         _0208_ (net)
                  0.03    0.00    1.33 v _1398_/A (sky130_fd_sc_hd__buf_1)
     1    0.00    0.02    0.08    1.41 v _1398_/X (sky130_fd_sc_hd__buf_1)
                                         _0170_ (net)
                  0.02    0.00    1.41 v _2816_/D (sky130_fd_sc_hd__dfrtp_2)
                                  1.41   data arrival time

                  0.00   10.00   10.00   clock core_clock (rise edge)
                          0.00   10.00   clock network delay (ideal)
                          0.00   10.00   clock reconvergence pessimism
                                 10.00 ^ _2816_/CLK (sky130_fd_sc_hd__dfrtp_2)
                         -0.12    9.88   library setup time
                                  9.88   data required time
-----------------------------------------------------------------------------
                                  9.88   data required time
                                 -1.41   data arrival time
-----------------------------------------------------------------------------
                                  8.47   slack (MET)


Startpoint: _2813_ (rising edge-triggered flip-flop clocked by core_clock)
Endpoint: _2817_ (rising edge-triggered flip-flop clocked by core_clock)
Path Group: core_clock
Path Type: max

Fanout     Cap    Slew   Delay    Time   Description
-----------------------------------------------------------------------------
                  0.00    0.00    0.00   clock core_clock (rise edge)
                          0.00    0.00   clock network delay (ideal)
                  0.00    0.00    0.00 ^ _2813_/CLK (sky130_fd_sc_hd__dfrtp_2)
     9    0.03    0.09    0.43    0.43 v _2813_/Q (sky130_fd_sc_hd__dfrtp_2)
                                         imem.pc[0] (net)
                  0.09    0.00    0.43 v _1392_/C (sky130_fd_sc_hd__and3_2)
     3    0.01    0.06    0.25    0.68 v _1392_/X (sky130_fd_sc_hd__and3_2)
                                         _0204_ (net)
                  0.06    0.00    0.68 v _1393_/B (sky130_fd_sc_hd__and2_2)
     3    0.01    0.05    0.21    0.89 v _1393_/X (sky130_fd_sc_hd__and2_2)
                                         _0205_ (net)
                  0.05    0.00    0.89 v _1394_/B (sky130_fd_sc_hd__nand2_2)
     2    0.01    0.07    0.09    0.98 ^ _1394_/Y (sky130_fd_sc_hd__nand2_2)
                                         _0206_ (net)
                  0.07    0.00    0.98 ^ _1395_/B (sky130_fd_sc_hd__xnor2_2)
     1    0.00    0.09    0.10    1.08 ^ _1395_/Y (sky130_fd_sc_hd__xnor2_2)
                                         _0171_ (net)
                  0.09    0.00    1.08 ^ _2817_/D (sky130_fd_sc_hd__dfrtp_2)
                                  1.08   data arrival time

                  0.00   10.00   10.00   clock core_clock (rise edge)
                          0.00   10.00   clock network delay (ideal)
                          0.00   10.00   clock reconvergence pessimism
                                 10.00 ^ _2817_/CLK (sky130_fd_sc_hd__dfrtp_2)
                         -0.08    9.92   library setup time
                                  9.92   data required time
-----------------------------------------------------------------------------
                                  9.92   data required time
                                 -1.08   data arrival time
-----------------------------------------------------------------------------
                                  8.84   slack (MET)


Startpoint: _2813_ (rising edge-triggered flip-flop clocked by core_clock)
Endpoint: _2815_ (rising edge-triggered flip-flop clocked by core_clock)
Path Group: core_clock
Path Type: max

Fanout     Cap    Slew   Delay    Time   Description
-----------------------------------------------------------------------------
                  0.00    0.00    0.00   clock core_clock (rise edge)
                          0.00    0.00   clock network delay (ideal)
                  0.00    0.00    0.00 ^ _2813_/CLK (sky130_fd_sc_hd__dfrtp_2)
     9    0.03    0.09    0.43    0.43 v _2813_/Q (sky130_fd_sc_hd__dfrtp_2)
                                         imem.pc[0] (net)
                  0.09    0.00    0.43 v _1392_/C (sky130_fd_sc_hd__and3_2)
     3    0.01    0.06    0.25    0.68 v _1392_/X (sky130_fd_sc_hd__and3_2)
                                         _0204_ (net)
                  0.06    0.00    0.68 v _1393_/B (sky130_fd_sc_hd__and2_2)
     3    0.01    0.05    0.21    0.89 v _1393_/X (sky130_fd_sc_hd__and2_2)
                                         _0205_ (net)
                  0.05    0.00    0.89 v _1400_/A (sky130_fd_sc_hd__nor2_2)
     1    0.00    0.05    0.09    0.98 ^ _1400_/Y (sky130_fd_sc_hd__nor2_2)
                                         _0169_ (net)
                  0.05    0.00    0.98 ^ _2815_/D (sky130_fd_sc_hd__dfrtp_2)
                                  0.98   data arrival time

                  0.00   10.00   10.00   clock core_clock (rise edge)
                          0.00   10.00   clock network delay (ideal)
                          0.00   10.00   clock reconvergence pessimism
                                 10.00 ^ _2815_/CLK (sky130_fd_sc_hd__dfrtp_2)
                         -0.07    9.93   library setup time
                                  9.93   data required time
-----------------------------------------------------------------------------
                                  9.93   data required time
                                 -0.98   data arrival time
-----------------------------------------------------------------------------
                                  8.95   slack (MET)


Startpoint: _2813_ (rising edge-triggered flip-flop clocked by core_clock)
Endpoint: _2814_ (rising edge-triggered flip-flop clocked by core_clock)
Path Group: core_clock
Path Type: max

Fanout     Cap    Slew   Delay    Time   Description
-----------------------------------------------------------------------------
                  0.00    0.00    0.00   clock core_clock (rise edge)
                          0.00    0.00   clock network delay (ideal)
                  0.00    0.00    0.00 ^ _2813_/CLK (sky130_fd_sc_hd__dfrtp_2)
     9    0.03    0.09    0.43    0.43 v _2813_/Q (sky130_fd_sc_hd__dfrtp_2)
                                         imem.pc[0] (net)
                  0.09    0.00    0.43 v _1392_/C (sky130_fd_sc_hd__and3_2)
     3    0.01    0.06    0.25    0.68 v _1392_/X (sky130_fd_sc_hd__and3_2)
                                         _0204_ (net)
                  0.06    0.00    0.68 v _1402_/A (sky130_fd_sc_hd__nor2_2)
     1    0.00    0.05    0.09    0.77 ^ _1402_/Y (sky130_fd_sc_hd__nor2_2)
                                         _0168_ (net)
                  0.05    0.00    0.77 ^ _2814_/D (sky130_fd_sc_hd__dfrtp_2)
                                  0.77   data arrival time

                  0.00   10.00   10.00   clock core_clock (rise edge)
                          0.00   10.00   clock network delay (ideal)
                          0.00   10.00   clock reconvergence pessimism
                                 10.00 ^ _2814_/CLK (sky130_fd_sc_hd__dfrtp_2)
                         -0.07    9.93   library setup time
                                  9.93   data required time
-----------------------------------------------------------------------------
                                  9.93   data required time
                                 -0.77   data arrival time
-----------------------------------------------------------------------------
                                  9.16   slack (MET)


Startpoint: _2813_ (rising edge-triggered flip-flop clocked by core_clock)
Endpoint: _2813_ (rising edge-triggered flip-flop clocked by core_clock)
Path Group: core_clock
Path Type: max

Fanout     Cap    Slew   Delay    Time   Description
-----------------------------------------------------------------------------
                  0.00    0.00    0.00   clock core_clock (rise edge)
                          0.00    0.00   clock network delay (ideal)
                  0.00    0.00    0.00 ^ _2813_/CLK (sky130_fd_sc_hd__dfrtp_2)
     9    0.03    0.09    0.43    0.43 v _2813_/Q (sky130_fd_sc_hd__dfrtp_2)
                                         imem.pc[0] (net)
                  0.09    0.00    0.43 v _1403_/B (sky130_fd_sc_hd__xor2_2)
     1    0.00    0.05    0.15    0.58 v _1403_/X (sky130_fd_sc_hd__xor2_2)
                                         _0167_ (net)
                  0.05    0.00    0.58 v _2813_/D (sky130_fd_sc_hd__dfrtp_2)
                                  0.58   data arrival time

                  0.00   10.00   10.00   clock core_clock (rise edge)
                          0.00   10.00   clock network delay (ideal)
                          0.00   10.00   clock reconvergence pessimism
                                 10.00 ^ _2813_/CLK (sky130_fd_sc_hd__dfrtp_2)
                         -0.13    9.87   library setup time
                                  9.87   data required time
-----------------------------------------------------------------------------
                                  9.87   data required time
                                 -0.58   data arrival time
-----------------------------------------------------------------------------
                                  9.29   slack (MET)


Startpoint: _2770_ (rising edge-triggered flip-flop clocked by core_clock)
Endpoint: _2770_ (rising edge-triggered flip-flop clocked by core_clock)
Path Group: core_clock
Path Type: max

Fanout     Cap    Slew   Delay    Time   Description
-----------------------------------------------------------------------------
                  0.00    0.00    0.00   clock core_clock (rise edge)
                          0.00    0.00   clock network delay (ideal)
                  0.00    0.00    0.00 ^ _2770_/CLK (sky130_fd_sc_hd__dfxtp_2)
     5    0.01    0.05    0.31    0.31 v _2770_/Q (sky130_fd_sc_hd__dfxtp_2)
                                         regfile.regfile[0][21] (net)
                  0.05    0.00    0.31 v _2562_/A (sky130_fd_sc_hd__buf_1)
     1    0.00    0.02    0.08    0.40 v _2562_/X (sky130_fd_sc_hd__buf_1)
                                         _1243_ (net)
                  0.02    0.00    0.40 v _2563_/A (sky130_fd_sc_hd__buf_1)
     1    0.00    0.02    0.07    0.47 v _2563_/X (sky130_fd_sc_hd__buf_1)
                                         _0124_ (net)
                  0.02    0.00    0.47 v _2770_/D (sky130_fd_sc_hd__dfxtp_2)
                                  0.47   data arrival time

                  0.00   10.00   10.00   clock core_clock (rise edge)
                          0.00   10.00   clock network delay (ideal)
                          0.00   10.00   clock reconvergence pessimism
                                 10.00 ^ _2770_/CLK (sky130_fd_sc_hd__dfxtp_2)
                         -0.11    9.89   library setup time
                                  9.89   data required time
-----------------------------------------------------------------------------
                                  9.89   data required time
                                 -0.47   data arrival time
-----------------------------------------------------------------------------
                                  9.42   slack (MET)


Startpoint: _2779_ (rising edge-triggered flip-flop clocked by core_clock)
Endpoint: _2779_ (rising edge-triggered flip-flop clocked by core_clock)
Path Group: core_clock
Path Type: max

Fanout     Cap    Slew   Delay    Time   Description
-----------------------------------------------------------------------------
                  0.00    0.00    0.00   clock core_clock (rise edge)
                          0.00    0.00   clock network delay (ideal)
                  0.00    0.00    0.00 ^ _2779_/CLK (sky130_fd_sc_hd__dfxtp_2)
     4    0.01    0.04    0.31    0.31 v _2779_/Q (sky130_fd_sc_hd__dfxtp_2)
                                         regfile.regfile[0][30] (net)
                  0.04    0.00    0.31 v _2580_/A (sky130_fd_sc_hd__buf_1)
     1    0.00    0.02    0.08    0.39 v _2580_/X (sky130_fd_sc_hd__buf_1)
                                         _1252_ (net)
                  0.02    0.00    0.39 v _2581_/A (sky130_fd_sc_hd__buf_1)
     1    0.00    0.02    0.07    0.46 v _2581_/X (sky130_fd_sc_hd__buf_1)
                                         _0133_ (net)
                  0.02    0.00    0.46 v _2779_/D (sky130_fd_sc_hd__dfxtp_2)
                                  0.46   data arrival time

                  0.00   10.00   10.00   clock core_clock (rise edge)
                          0.00   10.00   clock network delay (ideal)
                          0.00   10.00   clock reconvergence pessimism
                                 10.00 ^ _2779_/CLK (sky130_fd_sc_hd__dfxtp_2)
                         -0.11    9.89   library setup time
                                  9.89   data required time
-----------------------------------------------------------------------------
                                  9.89   data required time
                                 -0.46   data arrival time
-----------------------------------------------------------------------------
                                  9.43   slack (MET)


Startpoint: _2771_ (rising edge-triggered flip-flop clocked by core_clock)
Endpoint: _2771_ (rising edge-triggered flip-flop clocked by core_clock)
Path Group: core_clock
Path Type: max

Fanout     Cap    Slew   Delay    Time   Description
-----------------------------------------------------------------------------
                  0.00    0.00    0.00   clock core_clock (rise edge)
                          0.00    0.00   clock network delay (ideal)
                  0.00    0.00    0.00 ^ _2771_/CLK (sky130_fd_sc_hd__dfxtp_2)
     4    0.01    0.04    0.30    0.30 v _2771_/Q (sky130_fd_sc_hd__dfxtp_2)
                                         regfile.regfile[0][22] (net)
                  0.04    0.00    0.30 v _2564_/A (sky130_fd_sc_hd__buf_1)
     1    0.00    0.02    0.08    0.38 v _2564_/X (sky130_fd_sc_hd__buf_1)
                                         _1244_ (net)
                  0.02    0.00    0.38 v _2565_/A (sky130_fd_sc_hd__buf_1)
     1    0.00    0.02    0.07    0.46 v _2565_/X (sky130_fd_sc_hd__buf_1)
                                         _0125_ (net)
                  0.02    0.00    0.46 v _2771_/D (sky130_fd_sc_hd__dfxtp_2)
                                  0.46   data arrival time

                  0.00   10.00   10.00   clock core_clock (rise edge)
                          0.00   10.00   clock network delay (ideal)
                          0.00   10.00   clock reconvergence pessimism
                                 10.00 ^ _2771_/CLK (sky130_fd_sc_hd__dfxtp_2)
                         -0.11    9.89   library setup time
                                  9.89   data required time
-----------------------------------------------------------------------------
                                  9.89   data required time
                                 -0.46   data arrival time
-----------------------------------------------------------------------------
                                  9.43   slack (MET)


Startpoint: _2831_ (rising edge-triggered flip-flop clocked by core_clock)
Endpoint: _2831_ (rising edge-triggered flip-flop clocked by core_clock)
Path Group: core_clock
Path Type: max

Fanout     Cap    Slew   Delay    Time   Description
-----------------------------------------------------------------------------
                  0.00    0.00    0.00   clock core_clock (rise edge)
                          0.00    0.00   clock network delay (ideal)
                  0.00    0.00    0.00 ^ _2831_/CLK (sky130_fd_sc_hd__dfxtp_2)
     3    0.01    0.04    0.30    0.30 v _2831_/Q (sky130_fd_sc_hd__dfxtp_2)
                                         regfile.regfile[16][13] (net)
                  0.04    0.00    0.30 v _1354_/A (sky130_fd_sc_hd__buf_1)
     1    0.00    0.02    0.08    0.38 v _1354_/X (sky130_fd_sc_hd__buf_1)
                                         _1303_ (net)
                  0.02    0.00    0.38 v _1355_/A (sky130_fd_sc_hd__buf_1)
     1    0.00    0.02    0.07    0.45 v _1355_/X (sky130_fd_sc_hd__buf_1)
                                         _0185_ (net)
                  0.02    0.00    0.45 v _2831_/D (sky130_fd_sc_hd__dfxtp_2)
                                  0.45   data arrival time

                  0.00   10.00   10.00   clock core_clock (rise edge)
                          0.00   10.00   clock network delay (ideal)
                          0.00   10.00   clock reconvergence pessimism
                                 10.00 ^ _2831_/CLK (sky130_fd_sc_hd__dfxtp_2)
                         -0.11    9.89   library setup time
                                  9.89   data required time
-----------------------------------------------------------------------------
                                  9.89   data required time
                                 -0.45   data arrival time
-----------------------------------------------------------------------------
                                  9.44   slack (MET)


Startpoint: _2768_ (rising edge-triggered flip-flop clocked by core_clock)
Endpoint: _2768_ (rising edge-triggered flip-flop clocked by core_clock)
Path Group: core_clock
Path Type: max

Fanout     Cap    Slew   Delay    Time   Description
-----------------------------------------------------------------------------
                  0.00    0.00    0.00   clock core_clock (rise edge)
                          0.00    0.00   clock network delay (ideal)
                  0.00    0.00    0.00 ^ _2768_/CLK (sky130_fd_sc_hd__dfxtp_2)
     4    0.01    0.03    0.30    0.30 v _2768_/Q (sky130_fd_sc_hd__dfxtp_2)
                                         regfile.regfile[0][19] (net)
                  0.03    0.00    0.30 v _2558_/A (sky130_fd_sc_hd__buf_1)
     1    0.00    0.02    0.08    0.38 v _2558_/X (sky130_fd_sc_hd__buf_1)
                                         _1241_ (net)
                  0.02    0.00    0.38 v _2559_/A (sky130_fd_sc_hd__buf_1)
     1    0.00    0.02    0.07    0.45 v _2559_/X (sky130_fd_sc_hd__buf_1)
                                         _0122_ (net)
                  0.02    0.00    0.45 v _2768_/D (sky130_fd_sc_hd__dfxtp_2)
                                  0.45   data arrival time

                  0.00   10.00   10.00   clock core_clock (rise edge)
                          0.00   10.00   clock network delay (ideal)
                          0.00   10.00   clock reconvergence pessimism
                                 10.00 ^ _2768_/CLK (sky130_fd_sc_hd__dfxtp_2)
                         -0.11    9.89   library setup time
                                  9.89   data required time
-----------------------------------------------------------------------------
                                  9.89   data required time
                                 -0.45   data arrival time
-----------------------------------------------------------------------------
                                  9.44   slack (MET)


Startpoint: _2772_ (rising edge-triggered flip-flop clocked by core_clock)
Endpoint: _2772_ (rising edge-triggered flip-flop clocked by core_clock)
Path Group: core_clock
Path Type: max

Fanout     Cap    Slew   Delay    Time   Description
-----------------------------------------------------------------------------
                  0.00    0.00    0.00   clock core_clock (rise edge)
                          0.00    0.00   clock network delay (ideal)
                  0.00    0.00    0.00 ^ _2772_/CLK (sky130_fd_sc_hd__dfxtp_2)
     4    0.01    0.03    0.30    0.30 v _2772_/Q (sky130_fd_sc_hd__dfxtp_2)
                                         regfile.regfile[0][23] (net)
                  0.03    0.00    0.30 v _2566_/A (sky130_fd_sc_hd__buf_1)
     1    0.00    0.02    0.08    0.38 v _2566_/X (sky130_fd_sc_hd__buf_1)
                                         _1245_ (net)
                  0.02    0.00    0.38 v _2567_/A (sky130_fd_sc_hd__buf_1)
     1    0.00    0.02    0.07    0.45 v _2567_/X (sky130_fd_sc_hd__buf_1)
                                         _0126_ (net)
                  0.02    0.00    0.45 v _2772_/D (sky130_fd_sc_hd__dfxtp_2)
                                  0.45   data arrival time

                  0.00   10.00   10.00   clock core_clock (rise edge)
                          0.00   10.00   clock network delay (ideal)
                          0.00   10.00   clock reconvergence pessimism
                                 10.00 ^ _2772_/CLK (sky130_fd_sc_hd__dfxtp_2)
                         -0.11    9.89   library setup time
                                  9.89   data required time
-----------------------------------------------------------------------------
                                  9.89   data required time
                                 -0.45   data arrival time
-----------------------------------------------------------------------------
                                  9.44   slack (MET)


Startpoint: _2774_ (rising edge-triggered flip-flop clocked by core_clock)
Endpoint: _2774_ (rising edge-triggered flip-flop clocked by core_clock)
Path Group: core_clock
Path Type: max

Fanout     Cap    Slew   Delay    Time   Description
-----------------------------------------------------------------------------
                  0.00    0.00    0.00   clock core_clock (rise edge)
                          0.00    0.00   clock network delay (ideal)
                  0.00    0.00    0.00 ^ _2774_/CLK (sky130_fd_sc_hd__dfxtp_2)
     4    0.01    0.03    0.30    0.30 v _2774_/Q (sky130_fd_sc_hd__dfxtp_2)
                                         regfile.regfile[0][25] (net)
                  0.03    0.00    0.30 v _2570_/A (sky130_fd_sc_hd__buf_1)
     1    0.00    0.02    0.08    0.38 v _2570_/X (sky130_fd_sc_hd__buf_1)
                                         _1247_ (net)
                  0.02    0.00    0.38 v _2571_/A (sky130_fd_sc_hd__buf_1)
     1    0.00    0.02    0.07    0.45 v _2571_/X (sky130_fd_sc_hd__buf_1)
                                         _0128_ (net)
                  0.02    0.00    0.45 v _2774_/D (sky130_fd_sc_hd__dfxtp_2)
                                  0.45   data arrival time

                  0.00   10.00   10.00   clock core_clock (rise edge)
                          0.00   10.00   clock network delay (ideal)
                          0.00   10.00   clock reconvergence pessimism
                                 10.00 ^ _2774_/CLK (sky130_fd_sc_hd__dfxtp_2)
                         -0.11    9.89   library setup time
                                  9.89   data required time
-----------------------------------------------------------------------------
                                  9.89   data required time
                                 -0.45   data arrival time
-----------------------------------------------------------------------------
                                  9.44   slack (MET)


Startpoint: _2776_ (rising edge-triggered flip-flop clocked by core_clock)
Endpoint: _2776_ (rising edge-triggered flip-flop clocked by core_clock)
Path Group: core_clock
Path Type: max

Fanout     Cap    Slew   Delay    Time   Description
-----------------------------------------------------------------------------
                  0.00    0.00    0.00   clock core_clock (rise edge)
                          0.00    0.00   clock network delay (ideal)
                  0.00    0.00    0.00 ^ _2776_/CLK (sky130_fd_sc_hd__dfxtp_2)
     4    0.01    0.03    0.30    0.30 v _2776_/Q (sky130_fd_sc_hd__dfxtp_2)
                                         regfile.regfile[0][27] (net)
                  0.03    0.00    0.30 v _2574_/A (sky130_fd_sc_hd__buf_1)
     1    0.00    0.02    0.08    0.38 v _2574_/X (sky130_fd_sc_hd__buf_1)
                                         _1249_ (net)
                  0.02    0.00    0.38 v _2575_/A (sky130_fd_sc_hd__buf_1)
     1    0.00    0.02    0.07    0.45 v _2575_/X (sky130_fd_sc_hd__buf_1)
                                         _0130_ (net)
                  0.02    0.00    0.45 v _2776_/D (sky130_fd_sc_hd__dfxtp_2)
                                  0.45   data arrival time

                  0.00   10.00   10.00   clock core_clock (rise edge)
                          0.00   10.00   clock network delay (ideal)
                          0.00   10.00   clock reconvergence pessimism
                                 10.00 ^ _2776_/CLK (sky130_fd_sc_hd__dfxtp_2)
                         -0.11    9.89   library setup time
                                  9.89   data required time
-----------------------------------------------------------------------------
                                  9.89   data required time
                                 -0.45   data arrival time
-----------------------------------------------------------------------------
                                  9.44   slack (MET)


Startpoint: _2778_ (rising edge-triggered flip-flop clocked by core_clock)
Endpoint: _2778_ (rising edge-triggered flip-flop clocked by core_clock)
Path Group: core_clock
Path Type: max

Fanout     Cap    Slew   Delay    Time   Description
-----------------------------------------------------------------------------
                  0.00    0.00    0.00   clock core_clock (rise edge)
                          0.00    0.00   clock network delay (ideal)
                  0.00    0.00    0.00 ^ _2778_/CLK (sky130_fd_sc_hd__dfxtp_2)
     4    0.01    0.03    0.30    0.30 v _2778_/Q (sky130_fd_sc_hd__dfxtp_2)
                                         regfile.regfile[0][29] (net)
                  0.03    0.00    0.30 v _2578_/A (sky130_fd_sc_hd__buf_1)
     1    0.00    0.02    0.08    0.38 v _2578_/X (sky130_fd_sc_hd__buf_1)
                                         _1251_ (net)
                  0.02    0.00    0.38 v _2579_/A (sky130_fd_sc_hd__buf_1)
     1    0.00    0.02    0.07    0.45 v _2579_/X (sky130_fd_sc_hd__buf_1)
                                         _0132_ (net)
                  0.02    0.00    0.45 v _2778_/D (sky130_fd_sc_hd__dfxtp_2)
                                  0.45   data arrival time

                  0.00   10.00   10.00   clock core_clock (rise edge)
                          0.00   10.00   clock network delay (ideal)
                          0.00   10.00   clock reconvergence pessimism
                                 10.00 ^ _2778_/CLK (sky130_fd_sc_hd__dfxtp_2)
                         -0.11    9.89   library setup time
                                  9.89   data required time
-----------------------------------------------------------------------------
                                  9.89   data required time
                                 -0.45   data arrival time
-----------------------------------------------------------------------------
                                  9.44   slack (MET)


Startpoint: _2780_ (rising edge-triggered flip-flop clocked by core_clock)
Endpoint: _2780_ (rising edge-triggered flip-flop clocked by core_clock)
Path Group: core_clock
Path Type: max

Fanout     Cap    Slew   Delay    Time   Description
-----------------------------------------------------------------------------
                  0.00    0.00    0.00   clock core_clock (rise edge)
                          0.00    0.00   clock network delay (ideal)
                  0.00    0.00    0.00 ^ _2780_/CLK (sky130_fd_sc_hd__dfxtp_2)
     4    0.01    0.03    0.30    0.30 v _2780_/Q (sky130_fd_sc_hd__dfxtp_2)
                                         regfile.regfile[0][31] (net)
                  0.03    0.00    0.30 v _2582_/A (sky130_fd_sc_hd__buf_1)
     1    0.00    0.02    0.08    0.38 v _2582_/X (sky130_fd_sc_hd__buf_1)
                                         _1253_ (net)
                  0.02    0.00    0.38 v _2583_/A (sky130_fd_sc_hd__buf_1)
     1    0.00    0.02    0.07    0.45 v _2583_/X (sky130_fd_sc_hd__buf_1)
                                         _0134_ (net)
                  0.02    0.00    0.45 v _2780_/D (sky130_fd_sc_hd__dfxtp_2)
                                  0.45   data arrival time

                  0.00   10.00   10.00   clock core_clock (rise edge)
                          0.00   10.00   clock network delay (ideal)
                          0.00   10.00   clock reconvergence pessimism
                                 10.00 ^ _2780_/CLK (sky130_fd_sc_hd__dfxtp_2)
                         -0.11    9.89   library setup time
                                  9.89   data required time
-----------------------------------------------------------------------------
                                  9.89   data required time
                                 -0.45   data arrival time
-----------------------------------------------------------------------------
                                  9.44   slack (MET)


Startpoint: _2767_ (rising edge-triggered flip-flop clocked by core_clock)
Endpoint: _2767_ (rising edge-triggered flip-flop clocked by core_clock)
Path Group: core_clock
Path Type: max

Fanout     Cap    Slew   Delay    Time   Description
-----------------------------------------------------------------------------
                  0.00    0.00    0.00   clock core_clock (rise edge)
                          0.00    0.00   clock network delay (ideal)
                  0.00    0.00    0.00 ^ _2767_/CLK (sky130_fd_sc_hd__dfxtp_2)
     4    0.01    0.03    0.30    0.30 v _2767_/Q (sky130_fd_sc_hd__dfxtp_2)
                                         regfile.regfile[0][18] (net)
                  0.03    0.00    0.30 v _2556_/A (sky130_fd_sc_hd__buf_1)
     1    0.00    0.02    0.08    0.37 v _2556_/X (sky130_fd_sc_hd__buf_1)
                                         _1240_ (net)
                  0.02    0.00    0.37 v _2557_/A (sky130_fd_sc_hd__buf_1)
     1    0.00    0.02    0.07    0.45 v _2557_/X (sky130_fd_sc_hd__buf_1)
                                         _0121_ (net)
                  0.02    0.00    0.45 v _2767_/D (sky130_fd_sc_hd__dfxtp_2)
                                  0.45   data arrival time

                  0.00   10.00   10.00   clock core_clock (rise edge)
                          0.00   10.00   clock network delay (ideal)
                          0.00   10.00   clock reconvergence pessimism
                                 10.00 ^ _2767_/CLK (sky130_fd_sc_hd__dfxtp_2)
                         -0.11    9.89   library setup time
                                  9.89   data required time
-----------------------------------------------------------------------------
                                  9.89   data required time
                                 -0.45   data arrival time
-----------------------------------------------------------------------------
                                  9.44   slack (MET)


Startpoint: _2818_ (rising edge-triggered flip-flop clocked by core_clock)
Endpoint: _2818_ (rising edge-triggered flip-flop clocked by core_clock)
Path Group: core_clock
Path Type: max

Fanout     Cap    Slew   Delay    Time   Description
-----------------------------------------------------------------------------
                  0.00    0.00    0.00   clock core_clock (rise edge)
                          0.00    0.00   clock network delay (ideal)
                  0.00    0.00    0.00 ^ _2818_/CLK (sky130_fd_sc_hd__dfxtp_2)
     3    0.01    0.03    0.30    0.30 v _2818_/Q (sky130_fd_sc_hd__dfxtp_2)
                                         regfile.regfile[16][0] (net)
                  0.03    0.00    0.30 v _1328_/A (sky130_fd_sc_hd__buf_1)
     1    0.00    0.02    0.08    0.37 v _1328_/X (sky130_fd_sc_hd__buf_1)
                                         _1290_ (net)
                  0.02    0.00    0.37 v _1329_/A (sky130_fd_sc_hd__buf_1)
     1    0.00    0.02    0.07    0.45 v _1329_/X (sky130_fd_sc_hd__buf_1)
                                         _0172_ (net)
                  0.02    0.00    0.45 v _2818_/D (sky130_fd_sc_hd__dfxtp_2)
                                  0.45   data arrival time

                  0.00   10.00   10.00   clock core_clock (rise edge)
                          0.00   10.00   clock network delay (ideal)
                          0.00   10.00   clock reconvergence pessimism
                                 10.00 ^ _2818_/CLK (sky130_fd_sc_hd__dfxtp_2)
                         -0.11    9.89   library setup time
                                  9.89   data required time
-----------------------------------------------------------------------------
                                  9.89   data required time
                                 -0.45   data arrival time
-----------------------------------------------------------------------------
                                  9.44   slack (MET)


Startpoint: _2730_ (rising edge-triggered flip-flop clocked by core_clock)
Endpoint: _2730_ (rising edge-triggered flip-flop clocked by core_clock)
Path Group: core_clock
Path Type: max

Fanout     Cap    Slew   Delay    Time   Description
-----------------------------------------------------------------------------
                  0.00    0.00    0.00   clock core_clock (rise edge)
                          0.00    0.00   clock network delay (ideal)
                  0.00    0.00    0.00 ^ _2730_/CLK (sky130_fd_sc_hd__dfxtp_2)
     2    0.01    0.03    0.30    0.30 v _2730_/Q (sky130_fd_sc_hd__dfxtp_2)
                                         regfile.regfile[7][13] (net)
                  0.03    0.00    0.30 v _2482_/A (sky130_fd_sc_hd__buf_1)
     1    0.00    0.02    0.08    0.37 v _2482_/X (sky130_fd_sc_hd__buf_1)
                                         _1203_ (net)
                  0.02    0.00    0.37 v _2483_/A (sky130_fd_sc_hd__buf_1)
     1    0.00    0.02    0.07    0.44 v _2483_/X (sky130_fd_sc_hd__buf_1)
                                         _0084_ (net)
                  0.02    0.00    0.44 v _2730_/D (sky130_fd_sc_hd__dfxtp_2)
                                  0.44   data arrival time

                  0.00   10.00   10.00   clock core_clock (rise edge)
                          0.00   10.00   clock network delay (ideal)
                          0.00   10.00   clock reconvergence pessimism
                                 10.00 ^ _2730_/CLK (sky130_fd_sc_hd__dfxtp_2)
                         -0.11    9.89   library setup time
                                  9.89   data required time
-----------------------------------------------------------------------------
                                  9.89   data required time
                                 -0.44   data arrival time
-----------------------------------------------------------------------------
                                  9.44   slack (MET)


Startpoint: _2749_ (rising edge-triggered flip-flop clocked by core_clock)
Endpoint: _2749_ (rising edge-triggered flip-flop clocked by core_clock)
Path Group: core_clock
Path Type: max

Fanout     Cap    Slew   Delay    Time   Description
-----------------------------------------------------------------------------
                  0.00    0.00    0.00   clock core_clock (rise edge)
                          0.00    0.00   clock network delay (ideal)
                  0.00    0.00    0.00 ^ _2749_/CLK (sky130_fd_sc_hd__dfxtp_2)
     3    0.01    0.03    0.30    0.30 v _2749_/Q (sky130_fd_sc_hd__dfxtp_2)
                                         regfile.regfile[0][0] (net)
                  0.03    0.00    0.30 v _2520_/A (sky130_fd_sc_hd__buf_1)
     1    0.00    0.02    0.08    0.37 v _2520_/X (sky130_fd_sc_hd__buf_1)
                                         _1222_ (net)
                  0.02    0.00    0.37 v _2521_/A (sky130_fd_sc_hd__buf_1)
     1    0.00    0.02    0.07    0.44 v _2521_/X (sky130_fd_sc_hd__buf_1)
                                         _0103_ (net)
                  0.02    0.00    0.44 v _2749_/D (sky130_fd_sc_hd__dfxtp_2)
                                  0.44   data arrival time

                  0.00   10.00   10.00   clock core_clock (rise edge)
                          0.00   10.00   clock network delay (ideal)
                          0.00   10.00   clock reconvergence pessimism
                                 10.00 ^ _2749_/CLK (sky130_fd_sc_hd__dfxtp_2)
                         -0.11    9.89   library setup time
                                  9.89   data required time
-----------------------------------------------------------------------------
                                  9.89   data required time
                                 -0.44   data arrival time
-----------------------------------------------------------------------------
                                  9.44   slack (MET)


Startpoint: _2751_ (rising edge-triggered flip-flop clocked by core_clock)
Endpoint: _2751_ (rising edge-triggered flip-flop clocked by core_clock)
Path Group: core_clock
Path Type: max

Fanout     Cap    Slew   Delay    Time   Description
-----------------------------------------------------------------------------
                  0.00    0.00    0.00   clock core_clock (rise edge)
                          0.00    0.00   clock network delay (ideal)
                  0.00    0.00    0.00 ^ _2751_/CLK (sky130_fd_sc_hd__dfxtp_2)
     3    0.01    0.03    0.30    0.30 v _2751_/Q (sky130_fd_sc_hd__dfxtp_2)
                                         regfile.regfile[0][2] (net)
                  0.03    0.00    0.30 v _2524_/A (sky130_fd_sc_hd__buf_1)
     1    0.00    0.02    0.08    0.37 v _2524_/X (sky130_fd_sc_hd__buf_1)
                                         _1224_ (net)
                  0.02    0.00    0.37 v _2525_/A (sky130_fd_sc_hd__buf_1)
     1    0.00    0.02    0.07    0.44 v _2525_/X (sky130_fd_sc_hd__buf_1)
                                         _0105_ (net)
                  0.02    0.00    0.44 v _2751_/D (sky130_fd_sc_hd__dfxtp_2)
                                  0.44   data arrival time

                  0.00   10.00   10.00   clock core_clock (rise edge)
                          0.00   10.00   clock network delay (ideal)
                          0.00   10.00   clock reconvergence pessimism
                                 10.00 ^ _2751_/CLK (sky130_fd_sc_hd__dfxtp_2)
                         -0.11    9.89   library setup time
                                  9.89   data required time
-----------------------------------------------------------------------------
                                  9.89   data required time
                                 -0.44   data arrival time
-----------------------------------------------------------------------------
                                  9.44   slack (MET)


Startpoint: _2752_ (rising edge-triggered flip-flop clocked by core_clock)
Endpoint: _2752_ (rising edge-triggered flip-flop clocked by core_clock)
Path Group: core_clock
Path Type: max

Fanout     Cap    Slew   Delay    Time   Description
-----------------------------------------------------------------------------
                  0.00    0.00    0.00   clock core_clock (rise edge)
                          0.00    0.00   clock network delay (ideal)
                  0.00    0.00    0.00 ^ _2752_/CLK (sky130_fd_sc_hd__dfxtp_2)
     3    0.01    0.03    0.30    0.30 v _2752_/Q (sky130_fd_sc_hd__dfxtp_2)
                                         regfile.regfile[0][3] (net)
                  0.03    0.00    0.30 v _2526_/A (sky130_fd_sc_hd__buf_1)
     1    0.00    0.02    0.08    0.37 v _2526_/X (sky130_fd_sc_hd__buf_1)
                                         _1225_ (net)
                  0.02    0.00    0.37 v _2527_/A (sky130_fd_sc_hd__buf_1)
     1    0.00    0.02    0.07    0.44 v _2527_/X (sky130_fd_sc_hd__buf_1)
                                         _0106_ (net)
                  0.02    0.00    0.44 v _2752_/D (sky130_fd_sc_hd__dfxtp_2)
                                  0.44   data arrival time

                  0.00   10.00   10.00   clock core_clock (rise edge)
                          0.00   10.00   clock network delay (ideal)
                          0.00   10.00   clock reconvergence pessimism
                                 10.00 ^ _2752_/CLK (sky130_fd_sc_hd__dfxtp_2)
                         -0.11    9.89   library setup time
                                  9.89   data required time
-----------------------------------------------------------------------------
                                  9.89   data required time
                                 -0.44   data arrival time
-----------------------------------------------------------------------------
                                  9.44   slack (MET)


Startpoint: _2753_ (rising edge-triggered flip-flop clocked by core_clock)
Endpoint: _2753_ (rising edge-triggered flip-flop clocked by core_clock)
Path Group: core_clock
Path Type: max

Fanout     Cap    Slew   Delay    Time   Description
-----------------------------------------------------------------------------
                  0.00    0.00    0.00   clock core_clock (rise edge)
                          0.00    0.00   clock network delay (ideal)
                  0.00    0.00    0.00 ^ _2753_/CLK (sky130_fd_sc_hd__dfxtp_2)
     3    0.01    0.03    0.30    0.30 v _2753_/Q (sky130_fd_sc_hd__dfxtp_2)
                                         regfile.regfile[0][4] (net)
                  0.03    0.00    0.30 v _2528_/A (sky130_fd_sc_hd__buf_1)
     1    0.00    0.02    0.08    0.37 v _2528_/X (sky130_fd_sc_hd__buf_1)
                                         _1226_ (net)
                  0.02    0.00    0.37 v _2529_/A (sky130_fd_sc_hd__buf_1)
     1    0.00    0.02    0.07    0.44 v _2529_/X (sky130_fd_sc_hd__buf_1)
                                         _0107_ (net)
                  0.02    0.00    0.44 v _2753_/D (sky130_fd_sc_hd__dfxtp_2)
                                  0.44   data arrival time

                  0.00   10.00   10.00   clock core_clock (rise edge)
                          0.00   10.00   clock network delay (ideal)
                          0.00   10.00   clock reconvergence pessimism
                                 10.00 ^ _2753_/CLK (sky130_fd_sc_hd__dfxtp_2)
                         -0.11    9.89   library setup time
                                  9.89   data required time
-----------------------------------------------------------------------------
                                  9.89   data required time
                                 -0.44   data arrival time
-----------------------------------------------------------------------------
                                  9.44   slack (MET)


Startpoint: _2762_ (rising edge-triggered flip-flop clocked by core_clock)
Endpoint: _2762_ (rising edge-triggered flip-flop clocked by core_clock)
Path Group: core_clock
Path Type: max

Fanout     Cap    Slew   Delay    Time   Description
-----------------------------------------------------------------------------
                  0.00    0.00    0.00   clock core_clock (rise edge)
                          0.00    0.00   clock network delay (ideal)
                  0.00    0.00    0.00 ^ _2762_/CLK (sky130_fd_sc_hd__dfxtp_2)
     3    0.01    0.03    0.30    0.30 v _2762_/Q (sky130_fd_sc_hd__dfxtp_2)
                                         regfile.regfile[0][13] (net)
                  0.03    0.00    0.30 v _2546_/A (sky130_fd_sc_hd__buf_1)
     1    0.00    0.02    0.08    0.37 v _2546_/X (sky130_fd_sc_hd__buf_1)
                                         _1235_ (net)
                  0.02    0.00    0.37 v _2547_/A (sky130_fd_sc_hd__buf_1)
     1    0.00    0.02    0.07    0.44 v _2547_/X (sky130_fd_sc_hd__buf_1)
                                         _0116_ (net)
                  0.02    0.00    0.44 v _2762_/D (sky130_fd_sc_hd__dfxtp_2)
                                  0.44   data arrival time

                  0.00   10.00   10.00   clock core_clock (rise edge)
                          0.00   10.00   clock network delay (ideal)
                          0.00   10.00   clock reconvergence pessimism
                                 10.00 ^ _2762_/CLK (sky130_fd_sc_hd__dfxtp_2)
                         -0.11    9.89   library setup time
                                  9.89   data required time
-----------------------------------------------------------------------------
                                  9.89   data required time
                                 -0.44   data arrival time
-----------------------------------------------------------------------------
                                  9.44   slack (MET)


Startpoint: _2763_ (rising edge-triggered flip-flop clocked by core_clock)
Endpoint: _2763_ (rising edge-triggered flip-flop clocked by core_clock)
Path Group: core_clock
Path Type: max

Fanout     Cap    Slew   Delay    Time   Description
-----------------------------------------------------------------------------
                  0.00    0.00    0.00   clock core_clock (rise edge)
                          0.00    0.00   clock network delay (ideal)
                  0.00    0.00    0.00 ^ _2763_/CLK (sky130_fd_sc_hd__dfxtp_2)
     3    0.01    0.03    0.30    0.30 v _2763_/Q (sky130_fd_sc_hd__dfxtp_2)
                                         regfile.regfile[0][14] (net)
                  0.03    0.00    0.30 v _2548_/A (sky130_fd_sc_hd__buf_1)
     1    0.00    0.02    0.08    0.37 v _2548_/X (sky130_fd_sc_hd__buf_1)
                                         _1236_ (net)
                  0.02    0.00    0.37 v _2549_/A (sky130_fd_sc_hd__buf_1)
     1    0.00    0.02    0.07    0.44 v _2549_/X (sky130_fd_sc_hd__buf_1)
                                         _0117_ (net)
                  0.02    0.00    0.44 v _2763_/D (sky130_fd_sc_hd__dfxtp_2)
                                  0.44   data arrival time

                  0.00   10.00   10.00   clock core_clock (rise edge)
                          0.00   10.00   clock network delay (ideal)
                          0.00   10.00   clock reconvergence pessimism
                                 10.00 ^ _2763_/CLK (sky130_fd_sc_hd__dfxtp_2)
                         -0.11    9.89   library setup time
                                  9.89   data required time
-----------------------------------------------------------------------------
                                  9.89   data required time
                                 -0.44   data arrival time
-----------------------------------------------------------------------------
                                  9.44   slack (MET)


Startpoint: _2832_ (rising edge-triggered flip-flop clocked by core_clock)
Endpoint: _2832_ (rising edge-triggered flip-flop clocked by core_clock)
Path Group: core_clock
Path Type: max

Fanout     Cap    Slew   Delay    Time   Description
-----------------------------------------------------------------------------
                  0.00    0.00    0.00   clock core_clock (rise edge)
                          0.00    0.00   clock network delay (ideal)
                  0.00    0.00    0.00 ^ _2832_/CLK (sky130_fd_sc_hd__dfxtp_2)
     3    0.01    0.03    0.30    0.30 v _2832_/Q (sky130_fd_sc_hd__dfxtp_2)
                                         regfile.regfile[16][14] (net)
                  0.03    0.00    0.30 v _1356_/A (sky130_fd_sc_hd__buf_1)
     1    0.00    0.02    0.08    0.37 v _1356_/X (sky130_fd_sc_hd__buf_1)
                                         _1304_ (net)
                  0.02    0.00    0.37 v _1357_/A (sky130_fd_sc_hd__buf_1)
     1    0.00    0.02    0.07    0.44 v _1357_/X (sky130_fd_sc_hd__buf_1)
                                         _0186_ (net)
                  0.02    0.00    0.44 v _2832_/D (sky130_fd_sc_hd__dfxtp_2)
                                  0.44   data arrival time

                  0.00   10.00   10.00   clock core_clock (rise edge)
                          0.00   10.00   clock network delay (ideal)
                          0.00   10.00   clock reconvergence pessimism
                                 10.00 ^ _2832_/CLK (sky130_fd_sc_hd__dfxtp_2)
                         -0.11    9.89   library setup time
                                  9.89   data required time
-----------------------------------------------------------------------------
                                  9.89   data required time
                                 -0.44   data arrival time
-----------------------------------------------------------------------------
                                  9.44   slack (MET)


Startpoint: _2750_ (rising edge-triggered flip-flop clocked by core_clock)
Endpoint: _2750_ (rising edge-triggered flip-flop clocked by core_clock)
Path Group: core_clock
Path Type: max

Fanout     Cap    Slew   Delay    Time   Description
-----------------------------------------------------------------------------
                  0.00    0.00    0.00   clock core_clock (rise edge)
                          0.00    0.00   clock network delay (ideal)
                  0.00    0.00    0.00 ^ _2750_/CLK (sky130_fd_sc_hd__dfxtp_2)
     3    0.01    0.03    0.30    0.30 v _2750_/Q (sky130_fd_sc_hd__dfxtp_2)
                                         regfile.regfile[0][1] (net)
                  0.03    0.00    0.30 v _2522_/A (sky130_fd_sc_hd__buf_1)
     1    0.00    0.02    0.08    0.37 v _2522_/X (sky130_fd_sc_hd__buf_1)
                                         _1223_ (net)
                  0.02    0.00    0.37 v _2523_/A (sky130_fd_sc_hd__buf_1)
     1    0.00    0.02    0.07    0.44 v _2523_/X (sky130_fd_sc_hd__buf_1)
                                         _0104_ (net)
                  0.02    0.00    0.44 v _2750_/D (sky130_fd_sc_hd__dfxtp_2)
                                  0.44   data arrival time

                  0.00   10.00   10.00   clock core_clock (rise edge)
                          0.00   10.00   clock network delay (ideal)
                          0.00   10.00   clock reconvergence pessimism
                                 10.00 ^ _2750_/CLK (sky130_fd_sc_hd__dfxtp_2)
                         -0.11    9.89   library setup time
                                  9.89   data required time
-----------------------------------------------------------------------------
                                  9.89   data required time
                                 -0.44   data arrival time
-----------------------------------------------------------------------------
                                  9.44   slack (MET)


Startpoint: _2754_ (rising edge-triggered flip-flop clocked by core_clock)
Endpoint: _2754_ (rising edge-triggered flip-flop clocked by core_clock)
Path Group: core_clock
Path Type: max

Fanout     Cap    Slew   Delay    Time   Description
-----------------------------------------------------------------------------
                  0.00    0.00    0.00   clock core_clock (rise edge)
                          0.00    0.00   clock network delay (ideal)
                  0.00    0.00    0.00 ^ _2754_/CLK (sky130_fd_sc_hd__dfxtp_2)
     3    0.01    0.03    0.30    0.30 v _2754_/Q (sky130_fd_sc_hd__dfxtp_2)
                                         regfile.regfile[0][5] (net)
                  0.03    0.00    0.30 v _2530_/A (sky130_fd_sc_hd__buf_1)
     1    0.00    0.02    0.08    0.37 v _2530_/X (sky130_fd_sc_hd__buf_1)
                                         _1227_ (net)
                  0.02    0.00    0.37 v _2531_/A (sky130_fd_sc_hd__buf_1)
     1    0.00    0.02    0.07    0.44 v _2531_/X (sky130_fd_sc_hd__buf_1)
                                         _0108_ (net)
                  0.02    0.00    0.44 v _2754_/D (sky130_fd_sc_hd__dfxtp_2)
                                  0.44   data arrival time

                  0.00   10.00   10.00   clock core_clock (rise edge)
                          0.00   10.00   clock network delay (ideal)
                          0.00   10.00   clock reconvergence pessimism
                                 10.00 ^ _2754_/CLK (sky130_fd_sc_hd__dfxtp_2)
                         -0.11    9.89   library setup time
                                  9.89   data required time
-----------------------------------------------------------------------------
                                  9.89   data required time
                                 -0.44   data arrival time
-----------------------------------------------------------------------------
                                  9.44   slack (MET)


Startpoint: _2757_ (rising edge-triggered flip-flop clocked by core_clock)
Endpoint: _2757_ (rising edge-triggered flip-flop clocked by core_clock)
Path Group: core_clock
Path Type: max

Fanout     Cap    Slew   Delay    Time   Description
-----------------------------------------------------------------------------
                  0.00    0.00    0.00   clock core_clock (rise edge)
                          0.00    0.00   clock network delay (ideal)
                  0.00    0.00    0.00 ^ _2757_/CLK (sky130_fd_sc_hd__dfxtp_2)
     3    0.01    0.03    0.30    0.30 v _2757_/Q (sky130_fd_sc_hd__dfxtp_2)
                                         regfile.regfile[0][8] (net)
                  0.03    0.00    0.30 v _2536_/A (sky130_fd_sc_hd__buf_1)
     1    0.00    0.02    0.08    0.37 v _2536_/X (sky130_fd_sc_hd__buf_1)
                                         _1230_ (net)
                  0.02    0.00    0.37 v _2537_/A (sky130_fd_sc_hd__buf_1)
     1    0.00    0.02    0.07    0.44 v _2537_/X (sky130_fd_sc_hd__buf_1)
                                         _0111_ (net)
                  0.02    0.00    0.44 v _2757_/D (sky130_fd_sc_hd__dfxtp_2)
                                  0.44   data arrival time

                  0.00   10.00   10.00   clock core_clock (rise edge)
                          0.00   10.00   clock network delay (ideal)
                          0.00   10.00   clock reconvergence pessimism
                                 10.00 ^ _2757_/CLK (sky130_fd_sc_hd__dfxtp_2)
                         -0.11    9.89   library setup time
                                  9.89   data required time
-----------------------------------------------------------------------------
                                  9.89   data required time
                                 -0.44   data arrival time
-----------------------------------------------------------------------------
                                  9.44   slack (MET)


Startpoint: _2758_ (rising edge-triggered flip-flop clocked by core_clock)
Endpoint: _2758_ (rising edge-triggered flip-flop clocked by core_clock)
Path Group: core_clock
Path Type: max

Fanout     Cap    Slew   Delay    Time   Description
-----------------------------------------------------------------------------
                  0.00    0.00    0.00   clock core_clock (rise edge)
                          0.00    0.00   clock network delay (ideal)
                  0.00    0.00    0.00 ^ _2758_/CLK (sky130_fd_sc_hd__dfxtp_2)
     3    0.01    0.03    0.30    0.30 v _2758_/Q (sky130_fd_sc_hd__dfxtp_2)
                                         regfile.regfile[0][9] (net)
                  0.03    0.00    0.30 v _2538_/A (sky130_fd_sc_hd__buf_1)
     1    0.00    0.02    0.08    0.37 v _2538_/X (sky130_fd_sc_hd__buf_1)
                                         _1231_ (net)
                  0.02    0.00    0.37 v _2539_/A (sky130_fd_sc_hd__buf_1)
     1    0.00    0.02    0.07    0.44 v _2539_/X (sky130_fd_sc_hd__buf_1)
                                         _0112_ (net)
                  0.02    0.00    0.44 v _2758_/D (sky130_fd_sc_hd__dfxtp_2)
                                  0.44   data arrival time

                  0.00   10.00   10.00   clock core_clock (rise edge)
                          0.00   10.00   clock network delay (ideal)
                          0.00   10.00   clock reconvergence pessimism
                                 10.00 ^ _2758_/CLK (sky130_fd_sc_hd__dfxtp_2)
                         -0.11    9.89   library setup time
                                  9.89   data required time
-----------------------------------------------------------------------------
                                  9.89   data required time
                                 -0.44   data arrival time
-----------------------------------------------------------------------------
                                  9.44   slack (MET)


Startpoint: _2759_ (rising edge-triggered flip-flop clocked by core_clock)
Endpoint: _2759_ (rising edge-triggered flip-flop clocked by core_clock)
Path Group: core_clock
Path Type: max

Fanout     Cap    Slew   Delay    Time   Description
-----------------------------------------------------------------------------
                  0.00    0.00    0.00   clock core_clock (rise edge)
                          0.00    0.00   clock network delay (ideal)
                  0.00    0.00    0.00 ^ _2759_/CLK (sky130_fd_sc_hd__dfxtp_2)
     3    0.01    0.03    0.30    0.30 v _2759_/Q (sky130_fd_sc_hd__dfxtp_2)
                                         regfile.regfile[0][10] (net)
                  0.03    0.00    0.30 v _2540_/A (sky130_fd_sc_hd__buf_1)
     1    0.00    0.02    0.08    0.37 v _2540_/X (sky130_fd_sc_hd__buf_1)
                                         _1232_ (net)
                  0.02    0.00    0.37 v _2541_/A (sky130_fd_sc_hd__buf_1)
     1    0.00    0.02    0.07    0.44 v _2541_/X (sky130_fd_sc_hd__buf_1)
                                         _0113_ (net)
                  0.02    0.00    0.44 v _2759_/D (sky130_fd_sc_hd__dfxtp_2)
                                  0.44   data arrival time

                  0.00   10.00   10.00   clock core_clock (rise edge)
                          0.00   10.00   clock network delay (ideal)
                          0.00   10.00   clock reconvergence pessimism
                                 10.00 ^ _2759_/CLK (sky130_fd_sc_hd__dfxtp_2)
                         -0.11    9.89   library setup time
                                  9.89   data required time
-----------------------------------------------------------------------------
                                  9.89   data required time
                                 -0.44   data arrival time
-----------------------------------------------------------------------------
                                  9.44   slack (MET)


Startpoint: _2760_ (rising edge-triggered flip-flop clocked by core_clock)
Endpoint: _2760_ (rising edge-triggered flip-flop clocked by core_clock)
Path Group: core_clock
Path Type: max

Fanout     Cap    Slew   Delay    Time   Description
-----------------------------------------------------------------------------
                  0.00    0.00    0.00   clock core_clock (rise edge)
                          0.00    0.00   clock network delay (ideal)
                  0.00    0.00    0.00 ^ _2760_/CLK (sky130_fd_sc_hd__dfxtp_2)
     3    0.01    0.03    0.30    0.30 v _2760_/Q (sky130_fd_sc_hd__dfxtp_2)
                                         regfile.regfile[0][11] (net)
                  0.03    0.00    0.30 v _2542_/A (sky130_fd_sc_hd__buf_1)
     1    0.00    0.02    0.08    0.37 v _2542_/X (sky130_fd_sc_hd__buf_1)
                                         _1233_ (net)
                  0.02    0.00    0.37 v _2543_/A (sky130_fd_sc_hd__buf_1)
     1    0.00    0.02    0.07    0.44 v _2543_/X (sky130_fd_sc_hd__buf_1)
                                         _0114_ (net)
                  0.02    0.00    0.44 v _2760_/D (sky130_fd_sc_hd__dfxtp_2)
                                  0.44   data arrival time

                  0.00   10.00   10.00   clock core_clock (rise edge)
                          0.00   10.00   clock network delay (ideal)
                          0.00   10.00   clock reconvergence pessimism
                                 10.00 ^ _2760_/CLK (sky130_fd_sc_hd__dfxtp_2)
                         -0.11    9.89   library setup time
                                  9.89   data required time
-----------------------------------------------------------------------------
                                  9.89   data required time
                                 -0.44   data arrival time
-----------------------------------------------------------------------------
                                  9.44   slack (MET)


Startpoint: _2761_ (rising edge-triggered flip-flop clocked by core_clock)
Endpoint: _2761_ (rising edge-triggered flip-flop clocked by core_clock)
Path Group: core_clock
Path Type: max

Fanout     Cap    Slew   Delay    Time   Description
-----------------------------------------------------------------------------
                  0.00    0.00    0.00   clock core_clock (rise edge)
                          0.00    0.00   clock network delay (ideal)
                  0.00    0.00    0.00 ^ _2761_/CLK (sky130_fd_sc_hd__dfxtp_2)
     3    0.01    0.03    0.30    0.30 v _2761_/Q (sky130_fd_sc_hd__dfxtp_2)
                                         regfile.regfile[0][12] (net)
                  0.03    0.00    0.30 v _2544_/A (sky130_fd_sc_hd__buf_1)
     1    0.00    0.02    0.08    0.37 v _2544_/X (sky130_fd_sc_hd__buf_1)
                                         _1234_ (net)
                  0.02    0.00    0.37 v _2545_/A (sky130_fd_sc_hd__buf_1)
     1    0.00    0.02    0.07    0.44 v _2545_/X (sky130_fd_sc_hd__buf_1)
                                         _0115_ (net)
                  0.02    0.00    0.44 v _2761_/D (sky130_fd_sc_hd__dfxtp_2)
                                  0.44   data arrival time

                  0.00   10.00   10.00   clock core_clock (rise edge)
                          0.00   10.00   clock network delay (ideal)
                          0.00   10.00   clock reconvergence pessimism
                                 10.00 ^ _2761_/CLK (sky130_fd_sc_hd__dfxtp_2)
                         -0.11    9.89   library setup time
                                  9.89   data required time
-----------------------------------------------------------------------------
                                  9.89   data required time
                                 -0.44   data arrival time
-----------------------------------------------------------------------------
                                  9.44   slack (MET)


Startpoint: _2765_ (rising edge-triggered flip-flop clocked by core_clock)
Endpoint: _2765_ (rising edge-triggered flip-flop clocked by core_clock)
Path Group: core_clock
Path Type: max

Fanout     Cap    Slew   Delay    Time   Description
-----------------------------------------------------------------------------
                  0.00    0.00    0.00   clock core_clock (rise edge)
                          0.00    0.00   clock network delay (ideal)
                  0.00    0.00    0.00 ^ _2765_/CLK (sky130_fd_sc_hd__dfxtp_2)
     3    0.01    0.03    0.30    0.30 v _2765_/Q (sky130_fd_sc_hd__dfxtp_2)
                                         regfile.regfile[0][16] (net)
                  0.03    0.00    0.30 v _2552_/A (sky130_fd_sc_hd__buf_1)
     1    0.00    0.02    0.08    0.37 v _2552_/X (sky130_fd_sc_hd__buf_1)
                                         _1238_ (net)
                  0.02    0.00    0.37 v _2553_/A (sky130_fd_sc_hd__buf_1)
     1    0.00    0.02    0.07    0.44 v _2553_/X (sky130_fd_sc_hd__buf_1)
                                         _0119_ (net)
                  0.02    0.00    0.44 v _2765_/D (sky130_fd_sc_hd__dfxtp_2)
                                  0.44   data arrival time

                  0.00   10.00   10.00   clock core_clock (rise edge)
                          0.00   10.00   clock network delay (ideal)
                          0.00   10.00   clock reconvergence pessimism
                                 10.00 ^ _2765_/CLK (sky130_fd_sc_hd__dfxtp_2)
                         -0.11    9.89   library setup time
                                  9.89   data required time
-----------------------------------------------------------------------------
                                  9.89   data required time
                                 -0.44   data arrival time
-----------------------------------------------------------------------------
                                  9.44   slack (MET)


Startpoint: _2825_ (rising edge-triggered flip-flop clocked by core_clock)
Endpoint: _2825_ (rising edge-triggered flip-flop clocked by core_clock)
Path Group: core_clock
Path Type: max

Fanout     Cap    Slew   Delay    Time   Description
-----------------------------------------------------------------------------
                  0.00    0.00    0.00   clock core_clock (rise edge)
                          0.00    0.00   clock network delay (ideal)
                  0.00    0.00    0.00 ^ _2825_/CLK (sky130_fd_sc_hd__dfxtp_2)
     3    0.01    0.03    0.30    0.30 v _2825_/Q (sky130_fd_sc_hd__dfxtp_2)
                                         regfile.regfile[16][7] (net)
                  0.03    0.00    0.30 v _1342_/A (sky130_fd_sc_hd__buf_1)
     1    0.00    0.02    0.08    0.37 v _1342_/X (sky130_fd_sc_hd__buf_1)
                                         _1297_ (net)
                  0.02    0.00    0.37 v _1343_/A (sky130_fd_sc_hd__buf_1)
     1    0.00    0.02    0.07    0.44 v _1343_/X (sky130_fd_sc_hd__buf_1)
                                         _0179_ (net)
                  0.02    0.00    0.44 v _2825_/D (sky130_fd_sc_hd__dfxtp_2)
                                  0.44   data arrival time

                  0.00   10.00   10.00   clock core_clock (rise edge)
                          0.00   10.00   clock network delay (ideal)
                          0.00   10.00   clock reconvergence pessimism
                                 10.00 ^ _2825_/CLK (sky130_fd_sc_hd__dfxtp_2)
                         -0.11    9.89   library setup time
                                  9.89   data required time
-----------------------------------------------------------------------------
                                  9.89   data required time
                                 -0.44   data arrival time
-----------------------------------------------------------------------------
                                  9.44   slack (MET)


Startpoint: _2820_ (rising edge-triggered flip-flop clocked by core_clock)
Endpoint: _2820_ (rising edge-triggered flip-flop clocked by core_clock)
Path Group: core_clock
Path Type: max

Fanout     Cap    Slew   Delay    Time   Description
-----------------------------------------------------------------------------
                  0.00    0.00    0.00   clock core_clock (rise edge)
                          0.00    0.00   clock network delay (ideal)
                  0.00    0.00    0.00 ^ _2820_/CLK (sky130_fd_sc_hd__dfxtp_2)
     3    0.01    0.03    0.29    0.29 v _2820_/Q (sky130_fd_sc_hd__dfxtp_2)
                                         regfile.regfile[16][2] (net)
                  0.03    0.00    0.29 v _1332_/A (sky130_fd_sc_hd__buf_1)
     1    0.00    0.02    0.08    0.37 v _1332_/X (sky130_fd_sc_hd__buf_1)
                                         _1292_ (net)
                  0.02    0.00    0.37 v _1333_/A (sky130_fd_sc_hd__buf_1)
     1    0.00    0.02    0.07    0.44 v _1333_/X (sky130_fd_sc_hd__buf_1)
                                         _0174_ (net)
                  0.02    0.00    0.44 v _2820_/D (sky130_fd_sc_hd__dfxtp_2)
                                  0.44   data arrival time

                  0.00   10.00   10.00   clock core_clock (rise edge)
                          0.00   10.00   clock network delay (ideal)
                          0.00   10.00   clock reconvergence pessimism
                                 10.00 ^ _2820_/CLK (sky130_fd_sc_hd__dfxtp_2)
                         -0.11    9.89   library setup time
                                  9.89   data required time
-----------------------------------------------------------------------------
                                  9.89   data required time
                                 -0.44   data arrival time
-----------------------------------------------------------------------------
                                  9.44   slack (MET)


Startpoint: _2821_ (rising edge-triggered flip-flop clocked by core_clock)
Endpoint: _2821_ (rising edge-triggered flip-flop clocked by core_clock)
Path Group: core_clock
Path Type: max

Fanout     Cap    Slew   Delay    Time   Description
-----------------------------------------------------------------------------
                  0.00    0.00    0.00   clock core_clock (rise edge)
                          0.00    0.00   clock network delay (ideal)
                  0.00    0.00    0.00 ^ _2821_/CLK (sky130_fd_sc_hd__dfxtp_2)
     3    0.01    0.03    0.29    0.29 v _2821_/Q (sky130_fd_sc_hd__dfxtp_2)
                                         regfile.regfile[16][3] (net)
                  0.03    0.00    0.29 v _1334_/A (sky130_fd_sc_hd__buf_1)
     1    0.00    0.02    0.08    0.37 v _1334_/X (sky130_fd_sc_hd__buf_1)
                                         _1293_ (net)
                  0.02    0.00    0.37 v _1335_/A (sky130_fd_sc_hd__buf_1)
     1    0.00    0.02    0.07    0.44 v _1335_/X (sky130_fd_sc_hd__buf_1)
                                         _0175_ (net)
                  0.02    0.00    0.44 v _2821_/D (sky130_fd_sc_hd__dfxtp_2)
                                  0.44   data arrival time

                  0.00   10.00   10.00   clock core_clock (rise edge)
                          0.00   10.00   clock network delay (ideal)
                          0.00   10.00   clock reconvergence pessimism
                                 10.00 ^ _2821_/CLK (sky130_fd_sc_hd__dfxtp_2)
                         -0.11    9.89   library setup time
                                  9.89   data required time
-----------------------------------------------------------------------------
                                  9.89   data required time
                                 -0.44   data arrival time
-----------------------------------------------------------------------------
                                  9.44   slack (MET)


Startpoint: _2819_ (rising edge-triggered flip-flop clocked by core_clock)
Endpoint: _2819_ (rising edge-triggered flip-flop clocked by core_clock)
Path Group: core_clock
Path Type: max

Fanout     Cap    Slew   Delay    Time   Description
-----------------------------------------------------------------------------
                  0.00    0.00    0.00   clock core_clock (rise edge)
                          0.00    0.00   clock network delay (ideal)
                  0.00    0.00    0.00 ^ _2819_/CLK (sky130_fd_sc_hd__dfxtp_2)
     3    0.01    0.03    0.29    0.29 v _2819_/Q (sky130_fd_sc_hd__dfxtp_2)
                                         regfile.regfile[16][1] (net)
                  0.03    0.00    0.29 v _1330_/A (sky130_fd_sc_hd__buf_1)
     1    0.00    0.02    0.08    0.37 v _1330_/X (sky130_fd_sc_hd__buf_1)
                                         _1291_ (net)
                  0.02    0.00    0.37 v _1331_/A (sky130_fd_sc_hd__buf_1)
     1    0.00    0.02    0.07    0.44 v _1331_/X (sky130_fd_sc_hd__buf_1)
                                         _0173_ (net)
                  0.02    0.00    0.44 v _2819_/D (sky130_fd_sc_hd__dfxtp_2)
                                  0.44   data arrival time

                  0.00   10.00   10.00   clock core_clock (rise edge)
                          0.00   10.00   clock network delay (ideal)
                          0.00   10.00   clock reconvergence pessimism
                                 10.00 ^ _2819_/CLK (sky130_fd_sc_hd__dfxtp_2)
                         -0.11    9.89   library setup time
                                  9.89   data required time
-----------------------------------------------------------------------------
                                  9.89   data required time
                                 -0.44   data arrival time
-----------------------------------------------------------------------------
                                  9.44   slack (MET)


Startpoint: _2823_ (rising edge-triggered flip-flop clocked by core_clock)
Endpoint: _2823_ (rising edge-triggered flip-flop clocked by core_clock)
Path Group: core_clock
Path Type: max

Fanout     Cap    Slew   Delay    Time   Description
-----------------------------------------------------------------------------
                  0.00    0.00    0.00   clock core_clock (rise edge)
                          0.00    0.00   clock network delay (ideal)
                  0.00    0.00    0.00 ^ _2823_/CLK (sky130_fd_sc_hd__dfxtp_2)
     3    0.01    0.03    0.29    0.29 v _2823_/Q (sky130_fd_sc_hd__dfxtp_2)
                                         regfile.regfile[16][5] (net)
                  0.03    0.00    0.29 v _1338_/A (sky130_fd_sc_hd__buf_1)
     1    0.00    0.02    0.08    0.37 v _1338_/X (sky130_fd_sc_hd__buf_1)
                                         _1295_ (net)
                  0.02    0.00    0.37 v _1339_/A (sky130_fd_sc_hd__buf_1)
     1    0.00    0.02    0.07    0.44 v _1339_/X (sky130_fd_sc_hd__buf_1)
                                         _0177_ (net)
                  0.02    0.00    0.44 v _2823_/D (sky130_fd_sc_hd__dfxtp_2)
                                  0.44   data arrival time

                  0.00   10.00   10.00   clock core_clock (rise edge)
                          0.00   10.00   clock network delay (ideal)
                          0.00   10.00   clock reconvergence pessimism
                                 10.00 ^ _2823_/CLK (sky130_fd_sc_hd__dfxtp_2)
                         -0.11    9.89   library setup time
                                  9.89   data required time
-----------------------------------------------------------------------------
                                  9.89   data required time
                                 -0.44   data arrival time
-----------------------------------------------------------------------------
                                  9.44   slack (MET)


Startpoint: _2756_ (rising edge-triggered flip-flop clocked by core_clock)
Endpoint: _2756_ (rising edge-triggered flip-flop clocked by core_clock)
Path Group: core_clock
Path Type: max

Fanout     Cap    Slew   Delay    Time   Description
-----------------------------------------------------------------------------
                  0.00    0.00    0.00   clock core_clock (rise edge)
                          0.00    0.00   clock network delay (ideal)
                  0.00    0.00    0.00 ^ _2756_/CLK (sky130_fd_sc_hd__dfxtp_2)
     3    0.01    0.03    0.29    0.29 v _2756_/Q (sky130_fd_sc_hd__dfxtp_2)
                                         regfile.regfile[0][7] (net)
                  0.03    0.00    0.29 v _2534_/A (sky130_fd_sc_hd__buf_1)
     1    0.00    0.02    0.08    0.37 v _2534_/X (sky130_fd_sc_hd__buf_1)
                                         _1229_ (net)
                  0.02    0.00    0.37 v _2535_/A (sky130_fd_sc_hd__buf_1)
     1    0.00    0.02    0.07    0.44 v _2535_/X (sky130_fd_sc_hd__buf_1)
                                         _0110_ (net)
                  0.02    0.00    0.44 v _2756_/D (sky130_fd_sc_hd__dfxtp_2)
                                  0.44   data arrival time

                  0.00   10.00   10.00   clock core_clock (rise edge)
                          0.00   10.00   clock network delay (ideal)
                          0.00   10.00   clock reconvergence pessimism
                                 10.00 ^ _2756_/CLK (sky130_fd_sc_hd__dfxtp_2)
                         -0.11    9.89   library setup time
                                  9.89   data required time
-----------------------------------------------------------------------------
                                  9.89   data required time
                                 -0.44   data arrival time
-----------------------------------------------------------------------------
                                  9.44   slack (MET)


Startpoint: _2764_ (rising edge-triggered flip-flop clocked by core_clock)
Endpoint: _2764_ (rising edge-triggered flip-flop clocked by core_clock)
Path Group: core_clock
Path Type: max

Fanout     Cap    Slew   Delay    Time   Description
-----------------------------------------------------------------------------
                  0.00    0.00    0.00   clock core_clock (rise edge)
                          0.00    0.00   clock network delay (ideal)
                  0.00    0.00    0.00 ^ _2764_/CLK (sky130_fd_sc_hd__dfxtp_2)
     3    0.01    0.03    0.29    0.29 v _2764_/Q (sky130_fd_sc_hd__dfxtp_2)
                                         regfile.regfile[0][15] (net)
                  0.03    0.00    0.29 v _2550_/A (sky130_fd_sc_hd__buf_1)
     1    0.00    0.02    0.08    0.37 v _2550_/X (sky130_fd_sc_hd__buf_1)
                                         _1237_ (net)
                  0.02    0.00    0.37 v _2551_/A (sky130_fd_sc_hd__buf_1)
     1    0.00    0.02    0.07    0.44 v _2551_/X (sky130_fd_sc_hd__buf_1)
                                         _0118_ (net)
                  0.02    0.00    0.44 v _2764_/D (sky130_fd_sc_hd__dfxtp_2)
                                  0.44   data arrival time

                  0.00   10.00   10.00   clock core_clock (rise edge)
                          0.00   10.00   clock network delay (ideal)
                          0.00   10.00   clock reconvergence pessimism
                                 10.00 ^ _2764_/CLK (sky130_fd_sc_hd__dfxtp_2)
                         -0.11    9.89   library setup time
                                  9.89   data required time
-----------------------------------------------------------------------------
                                  9.89   data required time
                                 -0.44   data arrival time
-----------------------------------------------------------------------------
                                  9.44   slack (MET)


Startpoint: _2769_ (rising edge-triggered flip-flop clocked by core_clock)
Endpoint: _2769_ (rising edge-triggered flip-flop clocked by core_clock)
Path Group: core_clock
Path Type: max

Fanout     Cap    Slew   Delay    Time   Description
-----------------------------------------------------------------------------
                  0.00    0.00    0.00   clock core_clock (rise edge)
                          0.00    0.00   clock network delay (ideal)
                  0.00    0.00    0.00 ^ _2769_/CLK (sky130_fd_sc_hd__dfxtp_2)
     3    0.01    0.03    0.29    0.29 v _2769_/Q (sky130_fd_sc_hd__dfxtp_2)
                                         regfile.regfile[0][20] (net)
                  0.03    0.00    0.29 v _2560_/A (sky130_fd_sc_hd__buf_1)
     1    0.00    0.02    0.08    0.37 v _2560_/X (sky130_fd_sc_hd__buf_1)
                                         _1242_ (net)
                  0.02    0.00    0.37 v _2561_/A (sky130_fd_sc_hd__buf_1)
     1    0.00    0.02    0.07    0.44 v _2561_/X (sky130_fd_sc_hd__buf_1)
                                         _0123_ (net)
                  0.02    0.00    0.44 v _2769_/D (sky130_fd_sc_hd__dfxtp_2)
                                  0.44   data arrival time

                  0.00   10.00   10.00   clock core_clock (rise edge)
                          0.00   10.00   clock network delay (ideal)
                          0.00   10.00   clock reconvergence pessimism
                                 10.00 ^ _2769_/CLK (sky130_fd_sc_hd__dfxtp_2)
                         -0.11    9.89   library setup time
                                  9.89   data required time
-----------------------------------------------------------------------------
                                  9.89   data required time
                                 -0.44   data arrival time
-----------------------------------------------------------------------------
                                  9.44   slack (MET)


Startpoint: _2773_ (rising edge-triggered flip-flop clocked by core_clock)
Endpoint: _2773_ (rising edge-triggered flip-flop clocked by core_clock)
Path Group: core_clock
Path Type: max

Fanout     Cap    Slew   Delay    Time   Description
-----------------------------------------------------------------------------
                  0.00    0.00    0.00   clock core_clock (rise edge)
                          0.00    0.00   clock network delay (ideal)
                  0.00    0.00    0.00 ^ _2773_/CLK (sky130_fd_sc_hd__dfxtp_2)
     3    0.01    0.03    0.29    0.29 v _2773_/Q (sky130_fd_sc_hd__dfxtp_2)
                                         regfile.regfile[0][24] (net)
                  0.03    0.00    0.29 v _2568_/A (sky130_fd_sc_hd__buf_1)
     1    0.00    0.02    0.08    0.37 v _2568_/X (sky130_fd_sc_hd__buf_1)
                                         _1246_ (net)
                  0.02    0.00    0.37 v _2569_/A (sky130_fd_sc_hd__buf_1)
     1    0.00    0.02    0.07    0.44 v _2569_/X (sky130_fd_sc_hd__buf_1)
                                         _0127_ (net)
                  0.02    0.00    0.44 v _2773_/D (sky130_fd_sc_hd__dfxtp_2)
                                  0.44   data arrival time

                  0.00   10.00   10.00   clock core_clock (rise edge)
                          0.00   10.00   clock network delay (ideal)
                          0.00   10.00   clock reconvergence pessimism
                                 10.00 ^ _2773_/CLK (sky130_fd_sc_hd__dfxtp_2)
                         -0.11    9.89   library setup time
                                  9.89   data required time
-----------------------------------------------------------------------------
                                  9.89   data required time
                                 -0.44   data arrival time
-----------------------------------------------------------------------------
                                  9.44   slack (MET)


Startpoint: _2775_ (rising edge-triggered flip-flop clocked by core_clock)
Endpoint: _2775_ (rising edge-triggered flip-flop clocked by core_clock)
Path Group: core_clock
Path Type: max

Fanout     Cap    Slew   Delay    Time   Description
-----------------------------------------------------------------------------
                  0.00    0.00    0.00   clock core_clock (rise edge)
                          0.00    0.00   clock network delay (ideal)
                  0.00    0.00    0.00 ^ _2775_/CLK (sky130_fd_sc_hd__dfxtp_2)
     3    0.01    0.03    0.29    0.29 v _2775_/Q (sky130_fd_sc_hd__dfxtp_2)
                                         regfile.regfile[0][26] (net)
                  0.03    0.00    0.29 v _2572_/A (sky130_fd_sc_hd__buf_1)
     1    0.00    0.02    0.08    0.37 v _2572_/X (sky130_fd_sc_hd__buf_1)
                                         _1248_ (net)
                  0.02    0.00    0.37 v _2573_/A (sky130_fd_sc_hd__buf_1)
     1    0.00    0.02    0.07    0.44 v _2573_/X (sky130_fd_sc_hd__buf_1)
                                         _0129_ (net)
                  0.02    0.00    0.44 v _2775_/D (sky130_fd_sc_hd__dfxtp_2)
                                  0.44   data arrival time

                  0.00   10.00   10.00   clock core_clock (rise edge)
                          0.00   10.00   clock network delay (ideal)
                          0.00   10.00   clock reconvergence pessimism
                                 10.00 ^ _2775_/CLK (sky130_fd_sc_hd__dfxtp_2)
                         -0.11    9.89   library setup time
                                  9.89   data required time
-----------------------------------------------------------------------------
                                  9.89   data required time
                                 -0.44   data arrival time
-----------------------------------------------------------------------------
                                  9.44   slack (MET)


Startpoint: _2777_ (rising edge-triggered flip-flop clocked by core_clock)
Endpoint: _2777_ (rising edge-triggered flip-flop clocked by core_clock)
Path Group: core_clock
Path Type: max

Fanout     Cap    Slew   Delay    Time   Description
-----------------------------------------------------------------------------
                  0.00    0.00    0.00   clock core_clock (rise edge)
                          0.00    0.00   clock network delay (ideal)
                  0.00    0.00    0.00 ^ _2777_/CLK (sky130_fd_sc_hd__dfxtp_2)
     3    0.01    0.03    0.29    0.29 v _2777_/Q (sky130_fd_sc_hd__dfxtp_2)
                                         regfile.regfile[0][28] (net)
                  0.03    0.00    0.29 v _2576_/A (sky130_fd_sc_hd__buf_1)
     1    0.00    0.02    0.08    0.37 v _2576_/X (sky130_fd_sc_hd__buf_1)
                                         _1250_ (net)
                  0.02    0.00    0.37 v _2577_/A (sky130_fd_sc_hd__buf_1)
     1    0.00    0.02    0.07    0.44 v _2577_/X (sky130_fd_sc_hd__buf_1)
                                         _0131_ (net)
                  0.02    0.00    0.44 v _2777_/D (sky130_fd_sc_hd__dfxtp_2)
                                  0.44   data arrival time

                  0.00   10.00   10.00   clock core_clock (rise edge)
                          0.00   10.00   clock network delay (ideal)
                          0.00   10.00   clock reconvergence pessimism
                                 10.00 ^ _2777_/CLK (sky130_fd_sc_hd__dfxtp_2)
                         -0.11    9.89   library setup time
                                  9.89   data required time
-----------------------------------------------------------------------------
                                  9.89   data required time
                                 -0.44   data arrival time
-----------------------------------------------------------------------------
                                  9.44   slack (MET)


Startpoint: _2836_ (rising edge-triggered flip-flop clocked by core_clock)
Endpoint: _2836_ (rising edge-triggered flip-flop clocked by core_clock)
Path Group: core_clock
Path Type: max

Fanout     Cap    Slew   Delay    Time   Description
-----------------------------------------------------------------------------
                  0.00    0.00    0.00   clock core_clock (rise edge)
                          0.00    0.00   clock network delay (ideal)
                  0.00    0.00    0.00 ^ _2836_/CLK (sky130_fd_sc_hd__dfxtp_2)
     3    0.01    0.03    0.29    0.29 v _2836_/Q (sky130_fd_sc_hd__dfxtp_2)
                                         regfile.regfile[16][18] (net)
                  0.03    0.00    0.29 v _1364_/A (sky130_fd_sc_hd__buf_1)
     1    0.00    0.02    0.08    0.37 v _1364_/X (sky130_fd_sc_hd__buf_1)
                                         _1308_ (net)
                  0.02    0.00    0.37 v _1365_/A (sky130_fd_sc_hd__buf_1)
     1    0.00    0.02    0.07    0.44 v _1365_/X (sky130_fd_sc_hd__buf_1)
                                         _0190_ (net)
                  0.02    0.00    0.44 v _2836_/D (sky130_fd_sc_hd__dfxtp_2)
                                  0.44   data arrival time

                  0.00   10.00   10.00   clock core_clock (rise edge)
                          0.00   10.00   clock network delay (ideal)
                          0.00   10.00   clock reconvergence pessimism
                                 10.00 ^ _2836_/CLK (sky130_fd_sc_hd__dfxtp_2)
                         -0.11    9.89   library setup time
                                  9.89   data required time
-----------------------------------------------------------------------------
                                  9.89   data required time
                                 -0.44   data arrival time
-----------------------------------------------------------------------------
                                  9.45   slack (MET)


Startpoint: _2837_ (rising edge-triggered flip-flop clocked by core_clock)
Endpoint: _2837_ (rising edge-triggered flip-flop clocked by core_clock)
Path Group: core_clock
Path Type: max

Fanout     Cap    Slew   Delay    Time   Description
-----------------------------------------------------------------------------
                  0.00    0.00    0.00   clock core_clock (rise edge)
                          0.00    0.00   clock network delay (ideal)
                  0.00    0.00    0.00 ^ _2837_/CLK (sky130_fd_sc_hd__dfxtp_2)
     3    0.01    0.03    0.29    0.29 v _2837_/Q (sky130_fd_sc_hd__dfxtp_2)
                                         regfile.regfile[16][19] (net)
                  0.03    0.00    0.29 v _1366_/A (sky130_fd_sc_hd__buf_1)
     1    0.00    0.02    0.08    0.37 v _1366_/X (sky130_fd_sc_hd__buf_1)
                                         _1309_ (net)
                  0.02    0.00    0.37 v _1367_/A (sky130_fd_sc_hd__buf_1)
     1    0.00    0.02    0.07    0.44 v _1367_/X (sky130_fd_sc_hd__buf_1)
                                         _0191_ (net)
                  0.02    0.00    0.44 v _2837_/D (sky130_fd_sc_hd__dfxtp_2)
                                  0.44   data arrival time

                  0.00   10.00   10.00   clock core_clock (rise edge)
                          0.00   10.00   clock network delay (ideal)
                          0.00   10.00   clock reconvergence pessimism
                                 10.00 ^ _2837_/CLK (sky130_fd_sc_hd__dfxtp_2)
                         -0.11    9.89   library setup time
                                  9.89   data required time
-----------------------------------------------------------------------------
                                  9.89   data required time
                                 -0.44   data arrival time
-----------------------------------------------------------------------------
                                  9.45   slack (MET)


Startpoint: _2838_ (rising edge-triggered flip-flop clocked by core_clock)
Endpoint: _2838_ (rising edge-triggered flip-flop clocked by core_clock)
Path Group: core_clock
Path Type: max

Fanout     Cap    Slew   Delay    Time   Description
-----------------------------------------------------------------------------
                  0.00    0.00    0.00   clock core_clock (rise edge)
                          0.00    0.00   clock network delay (ideal)
                  0.00    0.00    0.00 ^ _2838_/CLK (sky130_fd_sc_hd__dfxtp_2)
     3    0.01    0.03    0.29    0.29 v _2838_/Q (sky130_fd_sc_hd__dfxtp_2)
                                         regfile.regfile[16][20] (net)
                  0.03    0.00    0.29 v _1368_/A (sky130_fd_sc_hd__buf_1)
     1    0.00    0.02    0.08    0.37 v _1368_/X (sky130_fd_sc_hd__buf_1)
                                         _1310_ (net)
                  0.02    0.00    0.37 v _1369_/A (sky130_fd_sc_hd__buf_1)
     1    0.00    0.02    0.07    0.44 v _1369_/X (sky130_fd_sc_hd__buf_1)
                                         _0192_ (net)
                  0.02    0.00    0.44 v _2838_/D (sky130_fd_sc_hd__dfxtp_2)
                                  0.44   data arrival time

                  0.00   10.00   10.00   clock core_clock (rise edge)
                          0.00   10.00   clock network delay (ideal)
                          0.00   10.00   clock reconvergence pessimism
                                 10.00 ^ _2838_/CLK (sky130_fd_sc_hd__dfxtp_2)
                         -0.11    9.89   library setup time
                                  9.89   data required time
-----------------------------------------------------------------------------
                                  9.89   data required time
                                 -0.44   data arrival time
-----------------------------------------------------------------------------
                                  9.45   slack (MET)


Startpoint: _2839_ (rising edge-triggered flip-flop clocked by core_clock)
Endpoint: _2839_ (rising edge-triggered flip-flop clocked by core_clock)
Path Group: core_clock
Path Type: max

Fanout     Cap    Slew   Delay    Time   Description
-----------------------------------------------------------------------------
                  0.00    0.00    0.00   clock core_clock (rise edge)
                          0.00    0.00   clock network delay (ideal)
                  0.00    0.00    0.00 ^ _2839_/CLK (sky130_fd_sc_hd__dfxtp_2)
     3    0.01    0.03    0.29    0.29 v _2839_/Q (sky130_fd_sc_hd__dfxtp_2)
                                         regfile.regfile[16][21] (net)
                  0.03    0.00    0.29 v _1370_/A (sky130_fd_sc_hd__buf_1)
     1    0.00    0.02    0.08    0.37 v _1370_/X (sky130_fd_sc_hd__buf_1)
                                         _1311_ (net)
                  0.02    0.00    0.37 v _1371_/A (sky130_fd_sc_hd__buf_1)
     1    0.00    0.02    0.07    0.44 v _1371_/X (sky130_fd_sc_hd__buf_1)
                                         _0193_ (net)
                  0.02    0.00    0.44 v _2839_/D (sky130_fd_sc_hd__dfxtp_2)
                                  0.44   data arrival time

                  0.00   10.00   10.00   clock core_clock (rise edge)
                          0.00   10.00   clock network delay (ideal)
                          0.00   10.00   clock reconvergence pessimism
                                 10.00 ^ _2839_/CLK (sky130_fd_sc_hd__dfxtp_2)
                         -0.11    9.89   library setup time
                                  9.89   data required time
-----------------------------------------------------------------------------
                                  9.89   data required time
                                 -0.44   data arrival time
-----------------------------------------------------------------------------
                                  9.45   slack (MET)


Startpoint: _2840_ (rising edge-triggered flip-flop clocked by core_clock)
Endpoint: _2840_ (rising edge-triggered flip-flop clocked by core_clock)
Path Group: core_clock
Path Type: max

Fanout     Cap    Slew   Delay    Time   Description
-----------------------------------------------------------------------------
                  0.00    0.00    0.00   clock core_clock (rise edge)
                          0.00    0.00   clock network delay (ideal)
                  0.00    0.00    0.00 ^ _2840_/CLK (sky130_fd_sc_hd__dfxtp_2)
     3    0.01    0.03    0.29    0.29 v _2840_/Q (sky130_fd_sc_hd__dfxtp_2)
                                         regfile.regfile[16][22] (net)
                  0.03    0.00    0.29 v _1372_/A (sky130_fd_sc_hd__buf_1)
     1    0.00    0.02    0.08    0.37 v _1372_/X (sky130_fd_sc_hd__buf_1)
                                         _1312_ (net)
                  0.02    0.00    0.37 v _1373_/A (sky130_fd_sc_hd__buf_1)
     1    0.00    0.02    0.07    0.44 v _1373_/X (sky130_fd_sc_hd__buf_1)
                                         _0194_ (net)
                  0.02    0.00    0.44 v _2840_/D (sky130_fd_sc_hd__dfxtp_2)
                                  0.44   data arrival time

                  0.00   10.00   10.00   clock core_clock (rise edge)
                          0.00   10.00   clock network delay (ideal)
                          0.00   10.00   clock reconvergence pessimism
                                 10.00 ^ _2840_/CLK (sky130_fd_sc_hd__dfxtp_2)
                         -0.11    9.89   library setup time
                                  9.89   data required time
-----------------------------------------------------------------------------
                                  9.89   data required time
                                 -0.44   data arrival time
-----------------------------------------------------------------------------
                                  9.45   slack (MET)


Startpoint: _2841_ (rising edge-triggered flip-flop clocked by core_clock)
Endpoint: _2841_ (rising edge-triggered flip-flop clocked by core_clock)
Path Group: core_clock
Path Type: max

Fanout     Cap    Slew   Delay    Time   Description
-----------------------------------------------------------------------------
                  0.00    0.00    0.00   clock core_clock (rise edge)
                          0.00    0.00   clock network delay (ideal)
                  0.00    0.00    0.00 ^ _2841_/CLK (sky130_fd_sc_hd__dfxtp_2)
     3    0.01    0.03    0.29    0.29 v _2841_/Q (sky130_fd_sc_hd__dfxtp_2)
                                         regfile.regfile[16][23] (net)
                  0.03    0.00    0.29 v _1374_/A (sky130_fd_sc_hd__buf_1)
     1    0.00    0.02    0.08    0.37 v _1374_/X (sky130_fd_sc_hd__buf_1)
                                         _1313_ (net)
                  0.02    0.00    0.37 v _1375_/A (sky130_fd_sc_hd__buf_1)
     1    0.00    0.02    0.07    0.44 v _1375_/X (sky130_fd_sc_hd__buf_1)
                                         _0195_ (net)
                  0.02    0.00    0.44 v _2841_/D (sky130_fd_sc_hd__dfxtp_2)
                                  0.44   data arrival time

                  0.00   10.00   10.00   clock core_clock (rise edge)
                          0.00   10.00   clock network delay (ideal)
                          0.00   10.00   clock reconvergence pessimism
                                 10.00 ^ _2841_/CLK (sky130_fd_sc_hd__dfxtp_2)
                         -0.11    9.89   library setup time
                                  9.89   data required time
-----------------------------------------------------------------------------
                                  9.89   data required time
                                 -0.44   data arrival time
-----------------------------------------------------------------------------
                                  9.45   slack (MET)


Startpoint: _2842_ (rising edge-triggered flip-flop clocked by core_clock)
Endpoint: _2842_ (rising edge-triggered flip-flop clocked by core_clock)
Path Group: core_clock
Path Type: max

Fanout     Cap    Slew   Delay    Time   Description
-----------------------------------------------------------------------------
                  0.00    0.00    0.00   clock core_clock (rise edge)
                          0.00    0.00   clock network delay (ideal)
                  0.00    0.00    0.00 ^ _2842_/CLK (sky130_fd_sc_hd__dfxtp_2)
     3    0.01    0.03    0.29    0.29 v _2842_/Q (sky130_fd_sc_hd__dfxtp_2)
                                         regfile.regfile[16][24] (net)
                  0.03    0.00    0.29 v _1376_/A (sky130_fd_sc_hd__buf_1)
     1    0.00    0.02    0.08    0.37 v _1376_/X (sky130_fd_sc_hd__buf_1)
                                         _1314_ (net)
                  0.02    0.00    0.37 v _1377_/A (sky130_fd_sc_hd__buf_1)
     1    0.00    0.02    0.07    0.44 v _1377_/X (sky130_fd_sc_hd__buf_1)
                                         _0196_ (net)
                  0.02    0.00    0.44 v _2842_/D (sky130_fd_sc_hd__dfxtp_2)
                                  0.44   data arrival time

                  0.00   10.00   10.00   clock core_clock (rise edge)
                          0.00   10.00   clock network delay (ideal)
                          0.00   10.00   clock reconvergence pessimism
                                 10.00 ^ _2842_/CLK (sky130_fd_sc_hd__dfxtp_2)
                         -0.11    9.89   library setup time
                                  9.89   data required time
-----------------------------------------------------------------------------
                                  9.89   data required time
                                 -0.44   data arrival time
-----------------------------------------------------------------------------
                                  9.45   slack (MET)


Startpoint: _2843_ (rising edge-triggered flip-flop clocked by core_clock)
Endpoint: _2843_ (rising edge-triggered flip-flop clocked by core_clock)
Path Group: core_clock
Path Type: max

Fanout     Cap    Slew   Delay    Time   Description
-----------------------------------------------------------------------------
                  0.00    0.00    0.00   clock core_clock (rise edge)
                          0.00    0.00   clock network delay (ideal)
                  0.00    0.00    0.00 ^ _2843_/CLK (sky130_fd_sc_hd__dfxtp_2)
     3    0.01    0.03    0.29    0.29 v _2843_/Q (sky130_fd_sc_hd__dfxtp_2)
                                         regfile.regfile[16][25] (net)
                  0.03    0.00    0.29 v _1378_/A (sky130_fd_sc_hd__buf_1)
     1    0.00    0.02    0.08    0.37 v _1378_/X (sky130_fd_sc_hd__buf_1)
                                         _1315_ (net)
                  0.02    0.00    0.37 v _1379_/A (sky130_fd_sc_hd__buf_1)
     1    0.00    0.02    0.07    0.44 v _1379_/X (sky130_fd_sc_hd__buf_1)
                                         _0197_ (net)
                  0.02    0.00    0.44 v _2843_/D (sky130_fd_sc_hd__dfxtp_2)
                                  0.44   data arrival time

                  0.00   10.00   10.00   clock core_clock (rise edge)
                          0.00   10.00   clock network delay (ideal)
                          0.00   10.00   clock reconvergence pessimism
                                 10.00 ^ _2843_/CLK (sky130_fd_sc_hd__dfxtp_2)
                         -0.11    9.89   library setup time
                                  9.89   data required time
-----------------------------------------------------------------------------
                                  9.89   data required time
                                 -0.44   data arrival time
-----------------------------------------------------------------------------
                                  9.45   slack (MET)


Startpoint: _2844_ (rising edge-triggered flip-flop clocked by core_clock)
Endpoint: _2844_ (rising edge-triggered flip-flop clocked by core_clock)
Path Group: core_clock
Path Type: max

Fanout     Cap    Slew   Delay    Time   Description
-----------------------------------------------------------------------------
                  0.00    0.00    0.00   clock core_clock (rise edge)
                          0.00    0.00   clock network delay (ideal)
                  0.00    0.00    0.00 ^ _2844_/CLK (sky130_fd_sc_hd__dfxtp_2)
     3    0.01    0.03    0.29    0.29 v _2844_/Q (sky130_fd_sc_hd__dfxtp_2)
                                         regfile.regfile[16][26] (net)
                  0.03    0.00    0.29 v _1380_/A (sky130_fd_sc_hd__buf_1)
     1    0.00    0.02    0.08    0.37 v _1380_/X (sky130_fd_sc_hd__buf_1)
                                         _1316_ (net)
                  0.02    0.00    0.37 v _1381_/A (sky130_fd_sc_hd__buf_1)
     1    0.00    0.02    0.07    0.44 v _1381_/X (sky130_fd_sc_hd__buf_1)
                                         _0198_ (net)
                  0.02    0.00    0.44 v _2844_/D (sky130_fd_sc_hd__dfxtp_2)
                                  0.44   data arrival time

                  0.00   10.00   10.00   clock core_clock (rise edge)
                          0.00   10.00   clock network delay (ideal)
                          0.00   10.00   clock reconvergence pessimism
                                 10.00 ^ _2844_/CLK (sky130_fd_sc_hd__dfxtp_2)
                         -0.11    9.89   library setup time
                                  9.89   data required time
-----------------------------------------------------------------------------
                                  9.89   data required time
                                 -0.44   data arrival time
-----------------------------------------------------------------------------
                                  9.45   slack (MET)


Startpoint: _2845_ (rising edge-triggered flip-flop clocked by core_clock)
Endpoint: _2845_ (rising edge-triggered flip-flop clocked by core_clock)
Path Group: core_clock
Path Type: max

Fanout     Cap    Slew   Delay    Time   Description
-----------------------------------------------------------------------------
                  0.00    0.00    0.00   clock core_clock (rise edge)
                          0.00    0.00   clock network delay (ideal)
                  0.00    0.00    0.00 ^ _2845_/CLK (sky130_fd_sc_hd__dfxtp_2)
     3    0.01    0.03    0.29    0.29 v _2845_/Q (sky130_fd_sc_hd__dfxtp_2)
                                         regfile.regfile[16][27] (net)
                  0.03    0.00    0.29 v _1382_/A (sky130_fd_sc_hd__buf_1)
     1    0.00    0.02    0.08    0.37 v _1382_/X (sky130_fd_sc_hd__buf_1)
                                         _1317_ (net)
                  0.02    0.00    0.37 v _1383_/A (sky130_fd_sc_hd__buf_1)
     1    0.00    0.02    0.07    0.44 v _1383_/X (sky130_fd_sc_hd__buf_1)
                                         _0199_ (net)
                  0.02    0.00    0.44 v _2845_/D (sky130_fd_sc_hd__dfxtp_2)
                                  0.44   data arrival time

                  0.00   10.00   10.00   clock core_clock (rise edge)
                          0.00   10.00   clock network delay (ideal)
                          0.00   10.00   clock reconvergence pessimism
                                 10.00 ^ _2845_/CLK (sky130_fd_sc_hd__dfxtp_2)
                         -0.11    9.89   library setup time
                                  9.89   data required time
-----------------------------------------------------------------------------
                                  9.89   data required time
                                 -0.44   data arrival time
-----------------------------------------------------------------------------
                                  9.45   slack (MET)


Startpoint: _2846_ (rising edge-triggered flip-flop clocked by core_clock)
Endpoint: _2846_ (rising edge-triggered flip-flop clocked by core_clock)
Path Group: core_clock
Path Type: max

Fanout     Cap    Slew   Delay    Time   Description
-----------------------------------------------------------------------------
                  0.00    0.00    0.00   clock core_clock (rise edge)
                          0.00    0.00   clock network delay (ideal)
                  0.00    0.00    0.00 ^ _2846_/CLK (sky130_fd_sc_hd__dfxtp_2)
     3    0.01    0.03    0.29    0.29 v _2846_/Q (sky130_fd_sc_hd__dfxtp_2)
                                         regfile.regfile[16][28] (net)
                  0.03    0.00    0.29 v _1384_/A (sky130_fd_sc_hd__buf_1)
     1    0.00    0.02    0.08    0.37 v _1384_/X (sky130_fd_sc_hd__buf_1)
                                         _1318_ (net)
                  0.02    0.00    0.37 v _1385_/A (sky130_fd_sc_hd__buf_1)
     1    0.00    0.02    0.07    0.44 v _1385_/X (sky130_fd_sc_hd__buf_1)
                                         _0200_ (net)
                  0.02    0.00    0.44 v _2846_/D (sky130_fd_sc_hd__dfxtp_2)
                                  0.44   data arrival time

                  0.00   10.00   10.00   clock core_clock (rise edge)
                          0.00   10.00   clock network delay (ideal)
                          0.00   10.00   clock reconvergence pessimism
                                 10.00 ^ _2846_/CLK (sky130_fd_sc_hd__dfxtp_2)
                         -0.11    9.89   library setup time
                                  9.89   data required time
-----------------------------------------------------------------------------
                                  9.89   data required time
                                 -0.44   data arrival time
-----------------------------------------------------------------------------
                                  9.45   slack (MET)


Startpoint: _2847_ (rising edge-triggered flip-flop clocked by core_clock)
Endpoint: _2847_ (rising edge-triggered flip-flop clocked by core_clock)
Path Group: core_clock
Path Type: max

Fanout     Cap    Slew   Delay    Time   Description
-----------------------------------------------------------------------------
                  0.00    0.00    0.00   clock core_clock (rise edge)
                          0.00    0.00   clock network delay (ideal)
                  0.00    0.00    0.00 ^ _2847_/CLK (sky130_fd_sc_hd__dfxtp_2)
     3    0.01    0.03    0.29    0.29 v _2847_/Q (sky130_fd_sc_hd__dfxtp_2)
                                         regfile.regfile[16][29] (net)
                  0.03    0.00    0.29 v _1386_/A (sky130_fd_sc_hd__buf_1)
     1    0.00    0.02    0.08    0.37 v _1386_/X (sky130_fd_sc_hd__buf_1)
                                         _1319_ (net)
                  0.02    0.00    0.37 v _1387_/A (sky130_fd_sc_hd__buf_1)
     1    0.00    0.02    0.07    0.44 v _1387_/X (sky130_fd_sc_hd__buf_1)
                                         _0201_ (net)
                  0.02    0.00    0.44 v _2847_/D (sky130_fd_sc_hd__dfxtp_2)
                                  0.44   data arrival time

                  0.00   10.00   10.00   clock core_clock (rise edge)
                          0.00   10.00   clock network delay (ideal)
                          0.00   10.00   clock reconvergence pessimism
                                 10.00 ^ _2847_/CLK (sky130_fd_sc_hd__dfxtp_2)
                         -0.11    9.89   library setup time
                                  9.89   data required time
-----------------------------------------------------------------------------
                                  9.89   data required time
                                 -0.44   data arrival time
-----------------------------------------------------------------------------
                                  9.45   slack (MET)


Startpoint: _2848_ (rising edge-triggered flip-flop clocked by core_clock)
Endpoint: _2848_ (rising edge-triggered flip-flop clocked by core_clock)
Path Group: core_clock
Path Type: max

Fanout     Cap    Slew   Delay    Time   Description
-----------------------------------------------------------------------------
                  0.00    0.00    0.00   clock core_clock (rise edge)
                          0.00    0.00   clock network delay (ideal)
                  0.00    0.00    0.00 ^ _2848_/CLK (sky130_fd_sc_hd__dfxtp_2)
     3    0.01    0.03    0.29    0.29 v _2848_/Q (sky130_fd_sc_hd__dfxtp_2)
                                         regfile.regfile[16][30] (net)
                  0.03    0.00    0.29 v _1388_/A (sky130_fd_sc_hd__buf_1)
     1    0.00    0.02    0.08    0.37 v _1388_/X (sky130_fd_sc_hd__buf_1)
                                         _1320_ (net)
                  0.02    0.00    0.37 v _1389_/A (sky130_fd_sc_hd__buf_1)
     1    0.00    0.02    0.07    0.44 v _1389_/X (sky130_fd_sc_hd__buf_1)
                                         _0202_ (net)
                  0.02    0.00    0.44 v _2848_/D (sky130_fd_sc_hd__dfxtp_2)
                                  0.44   data arrival time

                  0.00   10.00   10.00   clock core_clock (rise edge)
                          0.00   10.00   clock network delay (ideal)
                          0.00   10.00   clock reconvergence pessimism
                                 10.00 ^ _2848_/CLK (sky130_fd_sc_hd__dfxtp_2)
                         -0.11    9.89   library setup time
                                  9.89   data required time
-----------------------------------------------------------------------------
                                  9.89   data required time
                                 -0.44   data arrival time
-----------------------------------------------------------------------------
                                  9.45   slack (MET)


Startpoint: _2849_ (rising edge-triggered flip-flop clocked by core_clock)
Endpoint: _2849_ (rising edge-triggered flip-flop clocked by core_clock)
Path Group: core_clock
Path Type: max

Fanout     Cap    Slew   Delay    Time   Description
-----------------------------------------------------------------------------
                  0.00    0.00    0.00   clock core_clock (rise edge)
                          0.00    0.00   clock network delay (ideal)
                  0.00    0.00    0.00 ^ _2849_/CLK (sky130_fd_sc_hd__dfxtp_2)
     3    0.01    0.03    0.29    0.29 v _2849_/Q (sky130_fd_sc_hd__dfxtp_2)
                                         regfile.regfile[16][31] (net)
                  0.03    0.00    0.29 v _1390_/A (sky130_fd_sc_hd__buf_1)
     1    0.00    0.02    0.08    0.37 v _1390_/X (sky130_fd_sc_hd__buf_1)
                                         _1321_ (net)
                  0.02    0.00    0.37 v _1391_/A (sky130_fd_sc_hd__buf_1)
     1    0.00    0.02    0.07    0.44 v _1391_/X (sky130_fd_sc_hd__buf_1)
                                         _0203_ (net)
                  0.02    0.00    0.44 v _2849_/D (sky130_fd_sc_hd__dfxtp_2)
                                  0.44   data arrival time

                  0.00   10.00   10.00   clock core_clock (rise edge)
                          0.00   10.00   clock network delay (ideal)
                          0.00   10.00   clock reconvergence pessimism
                                 10.00 ^ _2849_/CLK (sky130_fd_sc_hd__dfxtp_2)
                         -0.11    9.89   library setup time
                                  9.89   data required time
-----------------------------------------------------------------------------
                                  9.89   data required time
                                 -0.44   data arrival time
-----------------------------------------------------------------------------
                                  9.45   slack (MET)


Startpoint: _2826_ (rising edge-triggered flip-flop clocked by core_clock)
Endpoint: _2826_ (rising edge-triggered flip-flop clocked by core_clock)
Path Group: core_clock
Path Type: max

Fanout     Cap    Slew   Delay    Time   Description
-----------------------------------------------------------------------------
                  0.00    0.00    0.00   clock core_clock (rise edge)
                          0.00    0.00   clock network delay (ideal)
                  0.00    0.00    0.00 ^ _2826_/CLK (sky130_fd_sc_hd__dfxtp_2)
     3    0.01    0.03    0.29    0.29 v _2826_/Q (sky130_fd_sc_hd__dfxtp_2)
                                         regfile.regfile[16][8] (net)
                  0.03    0.00    0.29 v _1344_/A (sky130_fd_sc_hd__buf_1)
     1    0.00    0.02    0.08    0.37 v _1344_/X (sky130_fd_sc_hd__buf_1)
                                         _1298_ (net)
                  0.02    0.00    0.37 v _1345_/A (sky130_fd_sc_hd__buf_1)
     1    0.00    0.02    0.07    0.44 v _1345_/X (sky130_fd_sc_hd__buf_1)
                                         _0180_ (net)
                  0.02    0.00    0.44 v _2826_/D (sky130_fd_sc_hd__dfxtp_2)
                                  0.44   data arrival time

                  0.00   10.00   10.00   clock core_clock (rise edge)
                          0.00   10.00   clock network delay (ideal)
                          0.00   10.00   clock reconvergence pessimism
                                 10.00 ^ _2826_/CLK (sky130_fd_sc_hd__dfxtp_2)
                         -0.11    9.89   library setup time
                                  9.89   data required time
-----------------------------------------------------------------------------
                                  9.89   data required time
                                 -0.44   data arrival time
-----------------------------------------------------------------------------
                                  9.45   slack (MET)


Startpoint: _2827_ (rising edge-triggered flip-flop clocked by core_clock)
Endpoint: _2827_ (rising edge-triggered flip-flop clocked by core_clock)
Path Group: core_clock
Path Type: max

Fanout     Cap    Slew   Delay    Time   Description
-----------------------------------------------------------------------------
                  0.00    0.00    0.00   clock core_clock (rise edge)
                          0.00    0.00   clock network delay (ideal)
                  0.00    0.00    0.00 ^ _2827_/CLK (sky130_fd_sc_hd__dfxtp_2)
     3    0.01    0.03    0.29    0.29 v _2827_/Q (sky130_fd_sc_hd__dfxtp_2)
                                         regfile.regfile[16][9] (net)
                  0.03    0.00    0.29 v _1346_/A (sky130_fd_sc_hd__buf_1)
     1    0.00    0.02    0.08    0.37 v _1346_/X (sky130_fd_sc_hd__buf_1)
                                         _1299_ (net)
                  0.02    0.00    0.37 v _1347_/A (sky130_fd_sc_hd__buf_1)
     1    0.00    0.02    0.07    0.44 v _1347_/X (sky130_fd_sc_hd__buf_1)
                                         _0181_ (net)
                  0.02    0.00    0.44 v _2827_/D (sky130_fd_sc_hd__dfxtp_2)
                                  0.44   data arrival time

                  0.00   10.00   10.00   clock core_clock (rise edge)
                          0.00   10.00   clock network delay (ideal)
                          0.00   10.00   clock reconvergence pessimism
                                 10.00 ^ _2827_/CLK (sky130_fd_sc_hd__dfxtp_2)
                         -0.11    9.89   library setup time
                                  9.89   data required time
-----------------------------------------------------------------------------
                                  9.89   data required time
                                 -0.44   data arrival time
-----------------------------------------------------------------------------
                                  9.45   slack (MET)


Startpoint: _2828_ (rising edge-triggered flip-flop clocked by core_clock)
Endpoint: _2828_ (rising edge-triggered flip-flop clocked by core_clock)
Path Group: core_clock
Path Type: max

Fanout     Cap    Slew   Delay    Time   Description
-----------------------------------------------------------------------------
                  0.00    0.00    0.00   clock core_clock (rise edge)
                          0.00    0.00   clock network delay (ideal)
                  0.00    0.00    0.00 ^ _2828_/CLK (sky130_fd_sc_hd__dfxtp_2)
     3    0.01    0.03    0.29    0.29 v _2828_/Q (sky130_fd_sc_hd__dfxtp_2)
                                         regfile.regfile[16][10] (net)
                  0.03    0.00    0.29 v _1348_/A (sky130_fd_sc_hd__buf_1)
     1    0.00    0.02    0.08    0.37 v _1348_/X (sky130_fd_sc_hd__buf_1)
                                         _1300_ (net)
                  0.02    0.00    0.37 v _1349_/A (sky130_fd_sc_hd__buf_1)
     1    0.00    0.02    0.07    0.44 v _1349_/X (sky130_fd_sc_hd__buf_1)
                                         _0182_ (net)
                  0.02    0.00    0.44 v _2828_/D (sky130_fd_sc_hd__dfxtp_2)
                                  0.44   data arrival time

                  0.00   10.00   10.00   clock core_clock (rise edge)
                          0.00   10.00   clock network delay (ideal)
                          0.00   10.00   clock reconvergence pessimism
                                 10.00 ^ _2828_/CLK (sky130_fd_sc_hd__dfxtp_2)
                         -0.11    9.89   library setup time
                                  9.89   data required time
-----------------------------------------------------------------------------
                                  9.89   data required time
                                 -0.44   data arrival time
-----------------------------------------------------------------------------
                                  9.45   slack (MET)


Startpoint: _2829_ (rising edge-triggered flip-flop clocked by core_clock)
Endpoint: _2829_ (rising edge-triggered flip-flop clocked by core_clock)
Path Group: core_clock
Path Type: max

Fanout     Cap    Slew   Delay    Time   Description
-----------------------------------------------------------------------------
                  0.00    0.00    0.00   clock core_clock (rise edge)
                          0.00    0.00   clock network delay (ideal)
                  0.00    0.00    0.00 ^ _2829_/CLK (sky130_fd_sc_hd__dfxtp_2)
     3    0.01    0.03    0.29    0.29 v _2829_/Q (sky130_fd_sc_hd__dfxtp_2)
                                         regfile.regfile[16][11] (net)
                  0.03    0.00    0.29 v _1350_/A (sky130_fd_sc_hd__buf_1)
     1    0.00    0.02    0.08    0.37 v _1350_/X (sky130_fd_sc_hd__buf_1)
                                         _1301_ (net)
                  0.02    0.00    0.37 v _1351_/A (sky130_fd_sc_hd__buf_1)
     1    0.00    0.02    0.07    0.44 v _1351_/X (sky130_fd_sc_hd__buf_1)
                                         _0183_ (net)
                  0.02    0.00    0.44 v _2829_/D (sky130_fd_sc_hd__dfxtp_2)
                                  0.44   data arrival time

                  0.00   10.00   10.00   clock core_clock (rise edge)
                          0.00   10.00   clock network delay (ideal)
                          0.00   10.00   clock reconvergence pessimism
                                 10.00 ^ _2829_/CLK (sky130_fd_sc_hd__dfxtp_2)
                         -0.11    9.89   library setup time
                                  9.89   data required time
-----------------------------------------------------------------------------
                                  9.89   data required time
                                 -0.44   data arrival time
-----------------------------------------------------------------------------
                                  9.45   slack (MET)


Startpoint: _2830_ (rising edge-triggered flip-flop clocked by core_clock)
Endpoint: _2830_ (rising edge-triggered flip-flop clocked by core_clock)
Path Group: core_clock
Path Type: max

Fanout     Cap    Slew   Delay    Time   Description
-----------------------------------------------------------------------------
                  0.00    0.00    0.00   clock core_clock (rise edge)
                          0.00    0.00   clock network delay (ideal)
                  0.00    0.00    0.00 ^ _2830_/CLK (sky130_fd_sc_hd__dfxtp_2)
     3    0.01    0.03    0.29    0.29 v _2830_/Q (sky130_fd_sc_hd__dfxtp_2)
                                         regfile.regfile[16][12] (net)
                  0.03    0.00    0.29 v _1352_/A (sky130_fd_sc_hd__buf_1)
     1    0.00    0.02    0.08    0.37 v _1352_/X (sky130_fd_sc_hd__buf_1)
                                         _1302_ (net)
                  0.02    0.00    0.37 v _1353_/A (sky130_fd_sc_hd__buf_1)
     1    0.00    0.02    0.07    0.44 v _1353_/X (sky130_fd_sc_hd__buf_1)
                                         _0184_ (net)
                  0.02    0.00    0.44 v _2830_/D (sky130_fd_sc_hd__dfxtp_2)
                                  0.44   data arrival time

                  0.00   10.00   10.00   clock core_clock (rise edge)
                          0.00   10.00   clock network delay (ideal)
                          0.00   10.00   clock reconvergence pessimism
                                 10.00 ^ _2830_/CLK (sky130_fd_sc_hd__dfxtp_2)
                         -0.11    9.89   library setup time
                                  9.89   data required time
-----------------------------------------------------------------------------
                                  9.89   data required time
                                 -0.44   data arrival time
-----------------------------------------------------------------------------
                                  9.45   slack (MET)


Startpoint: _2833_ (rising edge-triggered flip-flop clocked by core_clock)
Endpoint: _2833_ (rising edge-triggered flip-flop clocked by core_clock)
Path Group: core_clock
Path Type: max

Fanout     Cap    Slew   Delay    Time   Description
-----------------------------------------------------------------------------
                  0.00    0.00    0.00   clock core_clock (rise edge)
                          0.00    0.00   clock network delay (ideal)
                  0.00    0.00    0.00 ^ _2833_/CLK (sky130_fd_sc_hd__dfxtp_2)
     3    0.01    0.03    0.29    0.29 v _2833_/Q (sky130_fd_sc_hd__dfxtp_2)
                                         regfile.regfile[16][15] (net)
                  0.03    0.00    0.29 v _1358_/A (sky130_fd_sc_hd__buf_1)
     1    0.00    0.02    0.08    0.37 v _1358_/X (sky130_fd_sc_hd__buf_1)
                                         _1305_ (net)
                  0.02    0.00    0.37 v _1359_/A (sky130_fd_sc_hd__buf_1)
     1    0.00    0.02    0.07    0.44 v _1359_/X (sky130_fd_sc_hd__buf_1)
                                         _0187_ (net)
                  0.02    0.00    0.44 v _2833_/D (sky130_fd_sc_hd__dfxtp_2)
                                  0.44   data arrival time

                  0.00   10.00   10.00   clock core_clock (rise edge)
                          0.00   10.00   clock network delay (ideal)
                          0.00   10.00   clock reconvergence pessimism
                                 10.00 ^ _2833_/CLK (sky130_fd_sc_hd__dfxtp_2)
                         -0.11    9.89   library setup time
                                  9.89   data required time
-----------------------------------------------------------------------------
                                  9.89   data required time
                                 -0.44   data arrival time
-----------------------------------------------------------------------------
                                  9.45   slack (MET)


Startpoint: _2834_ (rising edge-triggered flip-flop clocked by core_clock)
Endpoint: _2834_ (rising edge-triggered flip-flop clocked by core_clock)
Path Group: core_clock
Path Type: max

Fanout     Cap    Slew   Delay    Time   Description
-----------------------------------------------------------------------------
                  0.00    0.00    0.00   clock core_clock (rise edge)
                          0.00    0.00   clock network delay (ideal)
                  0.00    0.00    0.00 ^ _2834_/CLK (sky130_fd_sc_hd__dfxtp_2)
     3    0.01    0.03    0.29    0.29 v _2834_/Q (sky130_fd_sc_hd__dfxtp_2)
                                         regfile.regfile[16][16] (net)
                  0.03    0.00    0.29 v _1360_/A (sky130_fd_sc_hd__buf_1)
     1    0.00    0.02    0.08    0.37 v _1360_/X (sky130_fd_sc_hd__buf_1)
                                         _1306_ (net)
                  0.02    0.00    0.37 v _1361_/A (sky130_fd_sc_hd__buf_1)
     1    0.00    0.02    0.07    0.44 v _1361_/X (sky130_fd_sc_hd__buf_1)
                                         _0188_ (net)
                  0.02    0.00    0.44 v _2834_/D (sky130_fd_sc_hd__dfxtp_2)
                                  0.44   data arrival time

                  0.00   10.00   10.00   clock core_clock (rise edge)
                          0.00   10.00   clock network delay (ideal)
                          0.00   10.00   clock reconvergence pessimism
                                 10.00 ^ _2834_/CLK (sky130_fd_sc_hd__dfxtp_2)
                         -0.11    9.89   library setup time
                                  9.89   data required time
-----------------------------------------------------------------------------
                                  9.89   data required time
                                 -0.44   data arrival time
-----------------------------------------------------------------------------
                                  9.45   slack (MET)


Startpoint: _2835_ (rising edge-triggered flip-flop clocked by core_clock)
Endpoint: _2835_ (rising edge-triggered flip-flop clocked by core_clock)
Path Group: core_clock
Path Type: max

Fanout     Cap    Slew   Delay    Time   Description
-----------------------------------------------------------------------------
                  0.00    0.00    0.00   clock core_clock (rise edge)
                          0.00    0.00   clock network delay (ideal)
                  0.00    0.00    0.00 ^ _2835_/CLK (sky130_fd_sc_hd__dfxtp_2)
     3    0.01    0.03    0.29    0.29 v _2835_/Q (sky130_fd_sc_hd__dfxtp_2)
                                         regfile.regfile[16][17] (net)
                  0.03    0.00    0.29 v _1362_/A (sky130_fd_sc_hd__buf_1)
     1    0.00    0.02    0.08    0.37 v _1362_/X (sky130_fd_sc_hd__buf_1)
                                         _1307_ (net)
                  0.02    0.00    0.37 v _1363_/A (sky130_fd_sc_hd__buf_1)
     1    0.00    0.02    0.07    0.44 v _1363_/X (sky130_fd_sc_hd__buf_1)
                                         _0189_ (net)
                  0.02    0.00    0.44 v _2835_/D (sky130_fd_sc_hd__dfxtp_2)
                                  0.44   data arrival time

                  0.00   10.00   10.00   clock core_clock (rise edge)
                          0.00   10.00   clock network delay (ideal)
                          0.00   10.00   clock reconvergence pessimism
                                 10.00 ^ _2835_/CLK (sky130_fd_sc_hd__dfxtp_2)
                         -0.11    9.89   library setup time
                                  9.89   data required time
-----------------------------------------------------------------------------
                                  9.89   data required time
                                 -0.44   data arrival time
-----------------------------------------------------------------------------
                                  9.45   slack (MET)


Startpoint: _2755_ (rising edge-triggered flip-flop clocked by core_clock)
Endpoint: _2755_ (rising edge-triggered flip-flop clocked by core_clock)
Path Group: core_clock
Path Type: max

Fanout     Cap    Slew   Delay    Time   Description
-----------------------------------------------------------------------------
                  0.00    0.00    0.00   clock core_clock (rise edge)
                          0.00    0.00   clock network delay (ideal)
                  0.00    0.00    0.00 ^ _2755_/CLK (sky130_fd_sc_hd__dfxtp_2)
     3    0.01    0.03    0.29    0.29 v _2755_/Q (sky130_fd_sc_hd__dfxtp_2)
                                         regfile.regfile[0][6] (net)
                  0.03    0.00    0.29 v _2532_/A (sky130_fd_sc_hd__buf_1)
     1    0.00    0.02    0.08    0.37 v _2532_/X (sky130_fd_sc_hd__buf_1)
                                         _1228_ (net)
                  0.02    0.00    0.37 v _2533_/A (sky130_fd_sc_hd__buf_1)
     1    0.00    0.02    0.07    0.44 v _2533_/X (sky130_fd_sc_hd__buf_1)
                                         _0109_ (net)
                  0.02    0.00    0.44 v _2755_/D (sky130_fd_sc_hd__dfxtp_2)
                                  0.44   data arrival time

                  0.00   10.00   10.00   clock core_clock (rise edge)
                          0.00   10.00   clock network delay (ideal)
                          0.00   10.00   clock reconvergence pessimism
                                 10.00 ^ _2755_/CLK (sky130_fd_sc_hd__dfxtp_2)
                         -0.11    9.89   library setup time
                                  9.89   data required time
-----------------------------------------------------------------------------
                                  9.89   data required time
                                 -0.44   data arrival time
-----------------------------------------------------------------------------
                                  9.45   slack (MET)


Startpoint: _2766_ (rising edge-triggered flip-flop clocked by core_clock)
Endpoint: _2766_ (rising edge-triggered flip-flop clocked by core_clock)
Path Group: core_clock
Path Type: max

Fanout     Cap    Slew   Delay    Time   Description
-----------------------------------------------------------------------------
                  0.00    0.00    0.00   clock core_clock (rise edge)
                          0.00    0.00   clock network delay (ideal)
                  0.00    0.00    0.00 ^ _2766_/CLK (sky130_fd_sc_hd__dfxtp_2)
     3    0.01    0.03    0.29    0.29 v _2766_/Q (sky130_fd_sc_hd__dfxtp_2)
                                         regfile.regfile[0][17] (net)
                  0.03    0.00    0.29 v _2554_/A (sky130_fd_sc_hd__buf_1)
     1    0.00    0.02    0.08    0.37 v _2554_/X (sky130_fd_sc_hd__buf_1)
                                         _1239_ (net)
                  0.02    0.00    0.37 v _2555_/A (sky130_fd_sc_hd__buf_1)
     1    0.00    0.02    0.07    0.44 v _2555_/X (sky130_fd_sc_hd__buf_1)
                                         _0120_ (net)
                  0.02    0.00    0.44 v _2766_/D (sky130_fd_sc_hd__dfxtp_2)
                                  0.44   data arrival time

                  0.00   10.00   10.00   clock core_clock (rise edge)
                          0.00   10.00   clock network delay (ideal)
                          0.00   10.00   clock reconvergence pessimism
                                 10.00 ^ _2766_/CLK (sky130_fd_sc_hd__dfxtp_2)
                         -0.11    9.89   library setup time
                                  9.89   data required time
-----------------------------------------------------------------------------
                                  9.89   data required time
                                 -0.44   data arrival time
-----------------------------------------------------------------------------
                                  9.45   slack (MET)


Startpoint: _2822_ (rising edge-triggered flip-flop clocked by core_clock)
Endpoint: _2822_ (rising edge-triggered flip-flop clocked by core_clock)
Path Group: core_clock
Path Type: max

Fanout     Cap    Slew   Delay    Time   Description
-----------------------------------------------------------------------------
                  0.00    0.00    0.00   clock core_clock (rise edge)
                          0.00    0.00   clock network delay (ideal)
                  0.00    0.00    0.00 ^ _2822_/CLK (sky130_fd_sc_hd__dfxtp_2)
     3    0.01    0.03    0.29    0.29 v _2822_/Q (sky130_fd_sc_hd__dfxtp_2)
                                         regfile.regfile[16][4] (net)
                  0.03    0.00    0.29 v _1336_/A (sky130_fd_sc_hd__buf_1)
     1    0.00    0.02    0.08    0.37 v _1336_/X (sky130_fd_sc_hd__buf_1)
                                         _1294_ (net)
                  0.02    0.00    0.37 v _1337_/A (sky130_fd_sc_hd__buf_1)
     1    0.00    0.02    0.07    0.44 v _1337_/X (sky130_fd_sc_hd__buf_1)
                                         _0176_ (net)
                  0.02    0.00    0.44 v _2822_/D (sky130_fd_sc_hd__dfxtp_2)
                                  0.44   data arrival time

                  0.00   10.00   10.00   clock core_clock (rise edge)
                          0.00   10.00   clock network delay (ideal)
                          0.00   10.00   clock reconvergence pessimism
                                 10.00 ^ _2822_/CLK (sky130_fd_sc_hd__dfxtp_2)
                         -0.11    9.89   library setup time
                                  9.89   data required time
-----------------------------------------------------------------------------
                                  9.89   data required time
                                 -0.44   data arrival time
-----------------------------------------------------------------------------
                                  9.45   slack (MET)


Startpoint: _2824_ (rising edge-triggered flip-flop clocked by core_clock)
Endpoint: _2824_ (rising edge-triggered flip-flop clocked by core_clock)
Path Group: core_clock
Path Type: max

Fanout     Cap    Slew   Delay    Time   Description
-----------------------------------------------------------------------------
                  0.00    0.00    0.00   clock core_clock (rise edge)
                          0.00    0.00   clock network delay (ideal)
                  0.00    0.00    0.00 ^ _2824_/CLK (sky130_fd_sc_hd__dfxtp_2)
     3    0.01    0.03    0.29    0.29 v _2824_/Q (sky130_fd_sc_hd__dfxtp_2)
                                         regfile.regfile[16][6] (net)
                  0.03    0.00    0.29 v _1340_/A (sky130_fd_sc_hd__buf_1)
     1    0.00    0.02    0.08    0.37 v _1340_/X (sky130_fd_sc_hd__buf_1)
                                         _1296_ (net)
                  0.02    0.00    0.37 v _1341_/A (sky130_fd_sc_hd__buf_1)
     1    0.00    0.02    0.07    0.44 v _1341_/X (sky130_fd_sc_hd__buf_1)
                                         _0178_ (net)
                  0.02    0.00    0.44 v _2824_/D (sky130_fd_sc_hd__dfxtp_2)
                                  0.44   data arrival time

                  0.00   10.00   10.00   clock core_clock (rise edge)
                          0.00   10.00   clock network delay (ideal)
                          0.00   10.00   clock reconvergence pessimism
                                 10.00 ^ _2824_/CLK (sky130_fd_sc_hd__dfxtp_2)
                         -0.11    9.89   library setup time
                                  9.89   data required time
-----------------------------------------------------------------------------
                                  9.89   data required time
                                 -0.44   data arrival time
-----------------------------------------------------------------------------
                                  9.45   slack (MET)


Startpoint: _2735_ (rising edge-triggered flip-flop clocked by core_clock)
Endpoint: _2735_ (rising edge-triggered flip-flop clocked by core_clock)
Path Group: core_clock
Path Type: max

Fanout     Cap    Slew   Delay    Time   Description
-----------------------------------------------------------------------------
                  0.00    0.00    0.00   clock core_clock (rise edge)
                          0.00    0.00   clock network delay (ideal)
                  0.00    0.00    0.00 ^ _2735_/CLK (sky130_fd_sc_hd__dfxtp_2)
     2    0.00    0.03    0.29    0.29 v _2735_/Q (sky130_fd_sc_hd__dfxtp_2)
                                         regfile.regfile[7][18] (net)
                  0.03    0.00    0.29 v _2492_/A (sky130_fd_sc_hd__buf_1)
     1    0.00    0.02    0.08    0.37 v _2492_/X (sky130_fd_sc_hd__buf_1)
                                         _1208_ (net)
                  0.02    0.00    0.37 v _2493_/A (sky130_fd_sc_hd__buf_1)
     1    0.00    0.02    0.07    0.44 v _2493_/X (sky130_fd_sc_hd__buf_1)
                                         _0089_ (net)
                  0.02    0.00    0.44 v _2735_/D (sky130_fd_sc_hd__dfxtp_2)
                                  0.44   data arrival time

                  0.00   10.00   10.00   clock core_clock (rise edge)
                          0.00   10.00   clock network delay (ideal)
                          0.00   10.00   clock reconvergence pessimism
                                 10.00 ^ _2735_/CLK (sky130_fd_sc_hd__dfxtp_2)
                         -0.11    9.89   library setup time
                                  9.89   data required time
-----------------------------------------------------------------------------
                                  9.89   data required time
                                 -0.44   data arrival time
-----------------------------------------------------------------------------
                                  9.45   slack (MET)


Startpoint: _2736_ (rising edge-triggered flip-flop clocked by core_clock)
Endpoint: _2736_ (rising edge-triggered flip-flop clocked by core_clock)
Path Group: core_clock
Path Type: max

Fanout     Cap    Slew   Delay    Time   Description
-----------------------------------------------------------------------------
                  0.00    0.00    0.00   clock core_clock (rise edge)
                          0.00    0.00   clock network delay (ideal)
                  0.00    0.00    0.00 ^ _2736_/CLK (sky130_fd_sc_hd__dfxtp_2)
     2    0.00    0.03    0.29    0.29 v _2736_/Q (sky130_fd_sc_hd__dfxtp_2)
                                         regfile.regfile[7][19] (net)
                  0.03    0.00    0.29 v _2494_/A (sky130_fd_sc_hd__buf_1)
     1    0.00    0.02    0.08    0.37 v _2494_/X (sky130_fd_sc_hd__buf_1)
                                         _1209_ (net)
                  0.02    0.00    0.37 v _2495_/A (sky130_fd_sc_hd__buf_1)
     1    0.00    0.02    0.07    0.44 v _2495_/X (sky130_fd_sc_hd__buf_1)
                                         _0090_ (net)
                  0.02    0.00    0.44 v _2736_/D (sky130_fd_sc_hd__dfxtp_2)
                                  0.44   data arrival time

                  0.00   10.00   10.00   clock core_clock (rise edge)
                          0.00   10.00   clock network delay (ideal)
                          0.00   10.00   clock reconvergence pessimism
                                 10.00 ^ _2736_/CLK (sky130_fd_sc_hd__dfxtp_2)
                         -0.11    9.89   library setup time
                                  9.89   data required time
-----------------------------------------------------------------------------
                                  9.89   data required time
                                 -0.44   data arrival time
-----------------------------------------------------------------------------
                                  9.45   slack (MET)


Startpoint: _2738_ (rising edge-triggered flip-flop clocked by core_clock)
Endpoint: _2738_ (rising edge-triggered flip-flop clocked by core_clock)
Path Group: core_clock
Path Type: max

Fanout     Cap    Slew   Delay    Time   Description
-----------------------------------------------------------------------------
                  0.00    0.00    0.00   clock core_clock (rise edge)
                          0.00    0.00   clock network delay (ideal)
                  0.00    0.00    0.00 ^ _2738_/CLK (sky130_fd_sc_hd__dfxtp_2)
     2    0.00    0.03    0.29    0.29 v _2738_/Q (sky130_fd_sc_hd__dfxtp_2)
                                         regfile.regfile[7][21] (net)
                  0.03    0.00    0.29 v _2498_/A (sky130_fd_sc_hd__buf_1)
     1    0.00    0.02    0.08    0.37 v _2498_/X (sky130_fd_sc_hd__buf_1)
                                         _1211_ (net)
                  0.02    0.00    0.37 v _2499_/A (sky130_fd_sc_hd__buf_1)
     1    0.00    0.02    0.07    0.44 v _2499_/X (sky130_fd_sc_hd__buf_1)
                                         _0092_ (net)
                  0.02    0.00    0.44 v _2738_/D (sky130_fd_sc_hd__dfxtp_2)
                                  0.44   data arrival time

                  0.00   10.00   10.00   clock core_clock (rise edge)
                          0.00   10.00   clock network delay (ideal)
                          0.00   10.00   clock reconvergence pessimism
                                 10.00 ^ _2738_/CLK (sky130_fd_sc_hd__dfxtp_2)
                         -0.11    9.89   library setup time
                                  9.89   data required time
-----------------------------------------------------------------------------
                                  9.89   data required time
                                 -0.44   data arrival time
-----------------------------------------------------------------------------
                                  9.45   slack (MET)


Startpoint: _2739_ (rising edge-triggered flip-flop clocked by core_clock)
Endpoint: _2739_ (rising edge-triggered flip-flop clocked by core_clock)
Path Group: core_clock
Path Type: max

Fanout     Cap    Slew   Delay    Time   Description
-----------------------------------------------------------------------------
                  0.00    0.00    0.00   clock core_clock (rise edge)
                          0.00    0.00   clock network delay (ideal)
                  0.00    0.00    0.00 ^ _2739_/CLK (sky130_fd_sc_hd__dfxtp_2)
     2    0.00    0.03    0.29    0.29 v _2739_/Q (sky130_fd_sc_hd__dfxtp_2)
                                         regfile.regfile[7][22] (net)
                  0.03    0.00    0.29 v _2500_/A (sky130_fd_sc_hd__buf_1)
     1    0.00    0.02    0.08    0.37 v _2500_/X (sky130_fd_sc_hd__buf_1)
                                         _1212_ (net)
                  0.02    0.00    0.37 v _2501_/A (sky130_fd_sc_hd__buf_1)
     1    0.00    0.02    0.07    0.44 v _2501_/X (sky130_fd_sc_hd__buf_1)
                                         _0093_ (net)
                  0.02    0.00    0.44 v _2739_/D (sky130_fd_sc_hd__dfxtp_2)
                                  0.44   data arrival time

                  0.00   10.00   10.00   clock core_clock (rise edge)
                          0.00   10.00   clock network delay (ideal)
                          0.00   10.00   clock reconvergence pessimism
                                 10.00 ^ _2739_/CLK (sky130_fd_sc_hd__dfxtp_2)
                         -0.11    9.89   library setup time
                                  9.89   data required time
-----------------------------------------------------------------------------
                                  9.89   data required time
                                 -0.44   data arrival time
-----------------------------------------------------------------------------
                                  9.45   slack (MET)


Startpoint: _2723_ (rising edge-triggered flip-flop clocked by core_clock)
Endpoint: _2723_ (rising edge-triggered flip-flop clocked by core_clock)
Path Group: core_clock
Path Type: max

Fanout     Cap    Slew   Delay    Time   Description
-----------------------------------------------------------------------------
                  0.00    0.00    0.00   clock core_clock (rise edge)
                          0.00    0.00   clock network delay (ideal)
                  0.00    0.00    0.00 ^ _2723_/CLK (sky130_fd_sc_hd__dfxtp_2)
     2    0.00    0.03    0.29    0.29 v _2723_/Q (sky130_fd_sc_hd__dfxtp_2)
                                         regfile.regfile[7][6] (net)
                  0.03    0.00    0.29 v _2468_/A (sky130_fd_sc_hd__buf_1)
     1    0.00    0.02    0.08    0.37 v _2468_/X (sky130_fd_sc_hd__buf_1)
                                         _1196_ (net)
                  0.02    0.00    0.37 v _2469_/A (sky130_fd_sc_hd__buf_1)
     1    0.00    0.02    0.07    0.44 v _2469_/X (sky130_fd_sc_hd__buf_1)
                                         _0077_ (net)
                  0.02    0.00    0.44 v _2723_/D (sky130_fd_sc_hd__dfxtp_2)
                                  0.44   data arrival time

                  0.00   10.00   10.00   clock core_clock (rise edge)
                          0.00   10.00   clock network delay (ideal)
                          0.00   10.00   clock reconvergence pessimism
                                 10.00 ^ _2723_/CLK (sky130_fd_sc_hd__dfxtp_2)
                         -0.11    9.89   library setup time
                                  9.89   data required time
-----------------------------------------------------------------------------
                                  9.89   data required time
                                 -0.44   data arrival time
-----------------------------------------------------------------------------
                                  9.45   slack (MET)


Startpoint: _2683_ (rising edge-triggered flip-flop clocked by core_clock)
Endpoint: _2683_ (rising edge-triggered flip-flop clocked by core_clock)
Path Group: core_clock
Path Type: max

Fanout     Cap    Slew   Delay    Time   Description
-----------------------------------------------------------------------------
                  0.00    0.00    0.00   clock core_clock (rise edge)
                          0.00    0.00   clock network delay (ideal)
                  0.00    0.00    0.00 ^ _2683_/CLK (sky130_fd_sc_hd__dfxtp_2)
     2    0.00    0.03    0.29    0.29 v _2683_/Q (sky130_fd_sc_hd__dfxtp_2)
                                         regfile.regfile[20][1] (net)
                  0.03    0.00    0.29 v _1827_/A (sky130_fd_sc_hd__buf_1)
     1    0.00    0.02    0.08    0.37 v _1827_/X (sky130_fd_sc_hd__buf_1)
                                         _0595_ (net)
                  0.02    0.00    0.37 v _1828_/A (sky130_fd_sc_hd__buf_1)
     1    0.00    0.02    0.07    0.44 v _1828_/X (sky130_fd_sc_hd__buf_1)
                                         _0037_ (net)
                  0.02    0.00    0.44 v _2683_/D (sky130_fd_sc_hd__dfxtp_2)
                                  0.44   data arrival time

                  0.00   10.00   10.00   clock core_clock (rise edge)
                          0.00   10.00   clock network delay (ideal)
                          0.00   10.00   clock reconvergence pessimism
                                 10.00 ^ _2683_/CLK (sky130_fd_sc_hd__dfxtp_2)
                         -0.11    9.89   library setup time
                                  9.89   data required time
-----------------------------------------------------------------------------
                                  9.89   data required time
                                 -0.44   data arrival time
-----------------------------------------------------------------------------
                                  9.45   slack (MET)


Startpoint: _2684_ (rising edge-triggered flip-flop clocked by core_clock)
Endpoint: _2684_ (rising edge-triggered flip-flop clocked by core_clock)
Path Group: core_clock
Path Type: max

Fanout     Cap    Slew   Delay    Time   Description
-----------------------------------------------------------------------------
                  0.00    0.00    0.00   clock core_clock (rise edge)
                          0.00    0.00   clock network delay (ideal)
                  0.00    0.00    0.00 ^ _2684_/CLK (sky130_fd_sc_hd__dfxtp_2)
     2    0.00    0.03    0.29    0.29 v _2684_/Q (sky130_fd_sc_hd__dfxtp_2)
                                         regfile.regfile[20][5] (net)
                  0.03    0.00    0.29 v _1829_/A (sky130_fd_sc_hd__buf_1)
     1    0.00    0.02    0.08    0.37 v _1829_/X (sky130_fd_sc_hd__buf_1)
                                         _0596_ (net)
                  0.02    0.00    0.37 v _1830_/A (sky130_fd_sc_hd__buf_1)
     1    0.00    0.02    0.07    0.44 v _1830_/X (sky130_fd_sc_hd__buf_1)
                                         _0038_ (net)
                  0.02    0.00    0.44 v _2684_/D (sky130_fd_sc_hd__dfxtp_2)
                                  0.44   data arrival time

                  0.00   10.00   10.00   clock core_clock (rise edge)
                          0.00   10.00   clock network delay (ideal)
                          0.00   10.00   clock reconvergence pessimism
                                 10.00 ^ _2684_/CLK (sky130_fd_sc_hd__dfxtp_2)
                         -0.11    9.89   library setup time
                                  9.89   data required time
-----------------------------------------------------------------------------
                                  9.89   data required time
                                 -0.44   data arrival time
-----------------------------------------------------------------------------
                                  9.45   slack (MET)


Startpoint: _2717_ (rising edge-triggered flip-flop clocked by core_clock)
Endpoint: _2717_ (rising edge-triggered flip-flop clocked by core_clock)
Path Group: core_clock
Path Type: max

Fanout     Cap    Slew   Delay    Time   Description
-----------------------------------------------------------------------------
                  0.00    0.00    0.00   clock core_clock (rise edge)
                          0.00    0.00   clock network delay (ideal)
                  0.00    0.00    0.00 ^ _2717_/CLK (sky130_fd_sc_hd__dfxtp_2)
     2    0.00    0.03    0.29    0.29 v _2717_/Q (sky130_fd_sc_hd__dfxtp_2)
                                         regfile.regfile[7][0] (net)
                  0.03    0.00    0.29 v _2456_/A (sky130_fd_sc_hd__buf_1)
     1    0.00    0.02    0.08    0.37 v _2456_/X (sky130_fd_sc_hd__buf_1)
                                         _1190_ (net)
                  0.02    0.00    0.37 v _2457_/A (sky130_fd_sc_hd__buf_1)
     1    0.00    0.02    0.07    0.44 v _2457_/X (sky130_fd_sc_hd__buf_1)
                                         _0071_ (net)
                  0.02    0.00    0.44 v _2717_/D (sky130_fd_sc_hd__dfxtp_2)
                                  0.44   data arrival time

                  0.00   10.00   10.00   clock core_clock (rise edge)
                          0.00   10.00   clock network delay (ideal)
                          0.00   10.00   clock reconvergence pessimism
                                 10.00 ^ _2717_/CLK (sky130_fd_sc_hd__dfxtp_2)
                         -0.11    9.89   library setup time
                                  9.89   data required time
-----------------------------------------------------------------------------
                                  9.89   data required time
                                 -0.44   data arrival time
-----------------------------------------------------------------------------
                                  9.45   slack (MET)


Startpoint: _2719_ (rising edge-triggered flip-flop clocked by core_clock)
Endpoint: _2719_ (rising edge-triggered flip-flop clocked by core_clock)
Path Group: core_clock
Path Type: max

Fanout     Cap    Slew   Delay    Time   Description
-----------------------------------------------------------------------------
                  0.00    0.00    0.00   clock core_clock (rise edge)
                          0.00    0.00   clock network delay (ideal)
                  0.00    0.00    0.00 ^ _2719_/CLK (sky130_fd_sc_hd__dfxtp_2)
     2    0.00    0.03    0.29    0.29 v _2719_/Q (sky130_fd_sc_hd__dfxtp_2)
                                         regfile.regfile[7][2] (net)
                  0.03    0.00    0.29 v _2460_/A (sky130_fd_sc_hd__buf_1)
     1    0.00    0.02    0.08    0.37 v _2460_/X (sky130_fd_sc_hd__buf_1)
                                         _1192_ (net)
                  0.02    0.00    0.37 v _2461_/A (sky130_fd_sc_hd__buf_1)
     1    0.00    0.02    0.07    0.44 v _2461_/X (sky130_fd_sc_hd__buf_1)
                                         _0073_ (net)
                  0.02    0.00    0.44 v _2719_/D (sky130_fd_sc_hd__dfxtp_2)
                                  0.44   data arrival time

                  0.00   10.00   10.00   clock core_clock (rise edge)
                          0.00   10.00   clock network delay (ideal)
                          0.00   10.00   clock reconvergence pessimism
                                 10.00 ^ _2719_/CLK (sky130_fd_sc_hd__dfxtp_2)
                         -0.11    9.89   library setup time
                                  9.89   data required time
-----------------------------------------------------------------------------
                                  9.89   data required time
                                 -0.44   data arrival time
-----------------------------------------------------------------------------
                                  9.45   slack (MET)


Startpoint: _2720_ (rising edge-triggered flip-flop clocked by core_clock)
Endpoint: _2720_ (rising edge-triggered flip-flop clocked by core_clock)
Path Group: core_clock
Path Type: max

Fanout     Cap    Slew   Delay    Time   Description
-----------------------------------------------------------------------------
                  0.00    0.00    0.00   clock core_clock (rise edge)
                          0.00    0.00   clock network delay (ideal)
                  0.00    0.00    0.00 ^ _2720_/CLK (sky130_fd_sc_hd__dfxtp_2)
     2    0.00    0.03    0.29    0.29 v _2720_/Q (sky130_fd_sc_hd__dfxtp_2)
                                         regfile.regfile[7][3] (net)
                  0.03    0.00    0.29 v _2462_/A (sky130_fd_sc_hd__buf_1)
     1    0.00    0.02    0.08    0.37 v _2462_/X (sky130_fd_sc_hd__buf_1)
                                         _1193_ (net)
                  0.02    0.00    0.37 v _2463_/A (sky130_fd_sc_hd__buf_1)
     1    0.00    0.02    0.07    0.44 v _2463_/X (sky130_fd_sc_hd__buf_1)
                                         _0074_ (net)
                  0.02    0.00    0.44 v _2720_/D (sky130_fd_sc_hd__dfxtp_2)
                                  0.44   data arrival time

                  0.00   10.00   10.00   clock core_clock (rise edge)
                          0.00   10.00   clock network delay (ideal)
                          0.00   10.00   clock reconvergence pessimism
                                 10.00 ^ _2720_/CLK (sky130_fd_sc_hd__dfxtp_2)
                         -0.11    9.89   library setup time
                                  9.89   data required time
-----------------------------------------------------------------------------
                                  9.89   data required time
                                 -0.44   data arrival time
-----------------------------------------------------------------------------
                                  9.45   slack (MET)


Startpoint: _2721_ (rising edge-triggered flip-flop clocked by core_clock)
Endpoint: _2721_ (rising edge-triggered flip-flop clocked by core_clock)
Path Group: core_clock
Path Type: max

Fanout     Cap    Slew   Delay    Time   Description
-----------------------------------------------------------------------------
                  0.00    0.00    0.00   clock core_clock (rise edge)
                          0.00    0.00   clock network delay (ideal)
                  0.00    0.00    0.00 ^ _2721_/CLK (sky130_fd_sc_hd__dfxtp_2)
     2    0.00    0.03    0.29    0.29 v _2721_/Q (sky130_fd_sc_hd__dfxtp_2)
                                         regfile.regfile[7][4] (net)
                  0.03    0.00    0.29 v _2464_/A (sky130_fd_sc_hd__buf_1)
     1    0.00    0.02    0.08    0.37 v _2464_/X (sky130_fd_sc_hd__buf_1)
                                         _1194_ (net)
                  0.02    0.00    0.37 v _2465_/A (sky130_fd_sc_hd__buf_1)
     1    0.00    0.02    0.07    0.44 v _2465_/X (sky130_fd_sc_hd__buf_1)
                                         _0075_ (net)
                  0.02    0.00    0.44 v _2721_/D (sky130_fd_sc_hd__dfxtp_2)
                                  0.44   data arrival time

                  0.00   10.00   10.00   clock core_clock (rise edge)
                          0.00   10.00   clock network delay (ideal)
                          0.00   10.00   clock reconvergence pessimism
                                 10.00 ^ _2721_/CLK (sky130_fd_sc_hd__dfxtp_2)
                         -0.11    9.89   library setup time
                                  9.89   data required time
-----------------------------------------------------------------------------
                                  9.89   data required time
                                 -0.44   data arrival time
-----------------------------------------------------------------------------
                                  9.45   slack (MET)


Startpoint: _2731_ (rising edge-triggered flip-flop clocked by core_clock)
Endpoint: _2731_ (rising edge-triggered flip-flop clocked by core_clock)
Path Group: core_clock
Path Type: max

Fanout     Cap    Slew   Delay    Time   Description
-----------------------------------------------------------------------------
                  0.00    0.00    0.00   clock core_clock (rise edge)
                          0.00    0.00   clock network delay (ideal)
                  0.00    0.00    0.00 ^ _2731_/CLK (sky130_fd_sc_hd__dfxtp_2)
     2    0.00    0.03    0.29    0.29 v _2731_/Q (sky130_fd_sc_hd__dfxtp_2)
                                         regfile.regfile[7][14] (net)
                  0.03    0.00    0.29 v _2484_/A (sky130_fd_sc_hd__buf_1)
     1    0.00    0.02    0.08    0.37 v _2484_/X (sky130_fd_sc_hd__buf_1)
                                         _1204_ (net)
                  0.02    0.00    0.37 v _2485_/A (sky130_fd_sc_hd__buf_1)
     1    0.00    0.02    0.07    0.44 v _2485_/X (sky130_fd_sc_hd__buf_1)
                                         _0085_ (net)
                  0.02    0.00    0.44 v _2731_/D (sky130_fd_sc_hd__dfxtp_2)
                                  0.44   data arrival time

                  0.00   10.00   10.00   clock core_clock (rise edge)
                          0.00   10.00   clock network delay (ideal)
                          0.00   10.00   clock reconvergence pessimism
                                 10.00 ^ _2731_/CLK (sky130_fd_sc_hd__dfxtp_2)
                         -0.11    9.89   library setup time
                                  9.89   data required time
-----------------------------------------------------------------------------
                                  9.89   data required time
                                 -0.44   data arrival time
-----------------------------------------------------------------------------
                                  9.45   slack (MET)


Startpoint: _2734_ (rising edge-triggered flip-flop clocked by core_clock)
Endpoint: _2734_ (rising edge-triggered flip-flop clocked by core_clock)
Path Group: core_clock
Path Type: max

Fanout     Cap    Slew   Delay    Time   Description
-----------------------------------------------------------------------------
                  0.00    0.00    0.00   clock core_clock (rise edge)
                          0.00    0.00   clock network delay (ideal)
                  0.00    0.00    0.00 ^ _2734_/CLK (sky130_fd_sc_hd__dfxtp_2)
     2    0.00    0.03    0.29    0.29 v _2734_/Q (sky130_fd_sc_hd__dfxtp_2)
                                         regfile.regfile[7][17] (net)
                  0.03    0.00    0.29 v _2490_/A (sky130_fd_sc_hd__buf_1)
     1    0.00    0.02    0.08    0.37 v _2490_/X (sky130_fd_sc_hd__buf_1)
                                         _1207_ (net)
                  0.02    0.00    0.37 v _2491_/A (sky130_fd_sc_hd__buf_1)
     1    0.00    0.02    0.07    0.44 v _2491_/X (sky130_fd_sc_hd__buf_1)
                                         _0088_ (net)
                  0.02    0.00    0.44 v _2734_/D (sky130_fd_sc_hd__dfxtp_2)
                                  0.44   data arrival time

                  0.00   10.00   10.00   clock core_clock (rise edge)
                          0.00   10.00   clock network delay (ideal)
                          0.00   10.00   clock reconvergence pessimism
                                 10.00 ^ _2734_/CLK (sky130_fd_sc_hd__dfxtp_2)
                         -0.11    9.89   library setup time
                                  9.89   data required time
-----------------------------------------------------------------------------
                                  9.89   data required time
                                 -0.44   data arrival time
-----------------------------------------------------------------------------
                                  9.45   slack (MET)


Startpoint: _2685_ (rising edge-triggered flip-flop clocked by core_clock)
Endpoint: _2685_ (rising edge-triggered flip-flop clocked by core_clock)
Path Group: core_clock
Path Type: max

Fanout     Cap    Slew   Delay    Time   Description
-----------------------------------------------------------------------------
                  0.00    0.00    0.00   clock core_clock (rise edge)
                          0.00    0.00   clock network delay (ideal)
                  0.00    0.00    0.00 ^ _2685_/CLK (sky130_fd_sc_hd__dfxtp_2)
     2    0.00    0.03    0.29    0.29 v _2685_/Q (sky130_fd_sc_hd__dfxtp_2)
                                         regfile.regfile[12][0] (net)
                  0.03    0.00    0.29 v _2392_/A (sky130_fd_sc_hd__buf_1)
     1    0.00    0.02    0.07    0.36 v _2392_/X (sky130_fd_sc_hd__buf_1)
                                         _1158_ (net)
                  0.02    0.00    0.36 v _2393_/A (sky130_fd_sc_hd__buf_1)
     1    0.00    0.02    0.07    0.43 v _2393_/X (sky130_fd_sc_hd__buf_1)
                                         _0039_ (net)
                  0.02    0.00    0.43 v _2685_/D (sky130_fd_sc_hd__dfxtp_2)
                                  0.43   data arrival time

                  0.00   10.00   10.00   clock core_clock (rise edge)
                          0.00   10.00   clock network delay (ideal)
                          0.00   10.00   clock reconvergence pessimism
                                 10.00 ^ _2685_/CLK (sky130_fd_sc_hd__dfxtp_2)
                         -0.11    9.89   library setup time
                                  9.89   data required time
-----------------------------------------------------------------------------
                                  9.89   data required time
                                 -0.43   data arrival time
-----------------------------------------------------------------------------
                                  9.45   slack (MET)


Startpoint: _2686_ (rising edge-triggered flip-flop clocked by core_clock)
Endpoint: _2686_ (rising edge-triggered flip-flop clocked by core_clock)
Path Group: core_clock
Path Type: max

Fanout     Cap    Slew   Delay    Time   Description
-----------------------------------------------------------------------------
                  0.00    0.00    0.00   clock core_clock (rise edge)
                          0.00    0.00   clock network delay (ideal)
                  0.00    0.00    0.00 ^ _2686_/CLK (sky130_fd_sc_hd__dfxtp_2)
     2    0.00    0.03    0.29    0.29 v _2686_/Q (sky130_fd_sc_hd__dfxtp_2)
                                         regfile.regfile[12][1] (net)
                  0.03    0.00    0.29 v _2394_/A (sky130_fd_sc_hd__buf_1)
     1    0.00    0.02    0.07    0.36 v _2394_/X (sky130_fd_sc_hd__buf_1)
                                         _1159_ (net)
                  0.02    0.00    0.36 v _2395_/A (sky130_fd_sc_hd__buf_1)
     1    0.00    0.02    0.07    0.43 v _2395_/X (sky130_fd_sc_hd__buf_1)
                                         _0040_ (net)
                  0.02    0.00    0.43 v _2686_/D (sky130_fd_sc_hd__dfxtp_2)
                                  0.43   data arrival time

                  0.00   10.00   10.00   clock core_clock (rise edge)
                          0.00   10.00   clock network delay (ideal)
                          0.00   10.00   clock reconvergence pessimism
                                 10.00 ^ _2686_/CLK (sky130_fd_sc_hd__dfxtp_2)
                         -0.11    9.89   library setup time
                                  9.89   data required time
-----------------------------------------------------------------------------
                                  9.89   data required time
                                 -0.43   data arrival time
-----------------------------------------------------------------------------
                                  9.45   slack (MET)


Startpoint: _2687_ (rising edge-triggered flip-flop clocked by core_clock)
Endpoint: _2687_ (rising edge-triggered flip-flop clocked by core_clock)
Path Group: core_clock
Path Type: max

Fanout     Cap    Slew   Delay    Time   Description
-----------------------------------------------------------------------------
                  0.00    0.00    0.00   clock core_clock (rise edge)
                          0.00    0.00   clock network delay (ideal)
                  0.00    0.00    0.00 ^ _2687_/CLK (sky130_fd_sc_hd__dfxtp_2)
     2    0.00    0.03    0.29    0.29 v _2687_/Q (sky130_fd_sc_hd__dfxtp_2)
                                         regfile.regfile[12][2] (net)
                  0.03    0.00    0.29 v _2396_/A (sky130_fd_sc_hd__buf_1)
     1    0.00    0.02    0.07    0.36 v _2396_/X (sky130_fd_sc_hd__buf_1)
                                         _1160_ (net)
                  0.02    0.00    0.36 v _2397_/A (sky130_fd_sc_hd__buf_1)
     1    0.00    0.02    0.07    0.43 v _2397_/X (sky130_fd_sc_hd__buf_1)
                                         _0041_ (net)
                  0.02    0.00    0.43 v _2687_/D (sky130_fd_sc_hd__dfxtp_2)
                                  0.43   data arrival time

                  0.00   10.00   10.00   clock core_clock (rise edge)
                          0.00   10.00   clock network delay (ideal)
                          0.00   10.00   clock reconvergence pessimism
                                 10.00 ^ _2687_/CLK (sky130_fd_sc_hd__dfxtp_2)
                         -0.11    9.89   library setup time
                                  9.89   data required time
-----------------------------------------------------------------------------
                                  9.89   data required time
                                 -0.43   data arrival time
-----------------------------------------------------------------------------
                                  9.45   slack (MET)


Startpoint: _2688_ (rising edge-triggered flip-flop clocked by core_clock)
Endpoint: _2688_ (rising edge-triggered flip-flop clocked by core_clock)
Path Group: core_clock
Path Type: max

Fanout     Cap    Slew   Delay    Time   Description
-----------------------------------------------------------------------------
                  0.00    0.00    0.00   clock core_clock (rise edge)
                          0.00    0.00   clock network delay (ideal)
                  0.00    0.00    0.00 ^ _2688_/CLK (sky130_fd_sc_hd__dfxtp_2)
     2    0.00    0.03    0.29    0.29 v _2688_/Q (sky130_fd_sc_hd__dfxtp_2)
                                         regfile.regfile[12][3] (net)
                  0.03    0.00    0.29 v _2398_/A (sky130_fd_sc_hd__buf_1)
     1    0.00    0.02    0.07    0.36 v _2398_/X (sky130_fd_sc_hd__buf_1)
                                         _1161_ (net)
                  0.02    0.00    0.36 v _2399_/A (sky130_fd_sc_hd__buf_1)
     1    0.00    0.02    0.07    0.43 v _2399_/X (sky130_fd_sc_hd__buf_1)
                                         _0042_ (net)
                  0.02    0.00    0.43 v _2688_/D (sky130_fd_sc_hd__dfxtp_2)
                                  0.43   data arrival time

                  0.00   10.00   10.00   clock core_clock (rise edge)
                          0.00   10.00   clock network delay (ideal)
                          0.00   10.00   clock reconvergence pessimism
                                 10.00 ^ _2688_/CLK (sky130_fd_sc_hd__dfxtp_2)
                         -0.11    9.89   library setup time
                                  9.89   data required time
-----------------------------------------------------------------------------
                                  9.89   data required time
                                 -0.43   data arrival time
-----------------------------------------------------------------------------
                                  9.45   slack (MET)


Startpoint: _2689_ (rising edge-triggered flip-flop clocked by core_clock)
Endpoint: _2689_ (rising edge-triggered flip-flop clocked by core_clock)
Path Group: core_clock
Path Type: max

Fanout     Cap    Slew   Delay    Time   Description
-----------------------------------------------------------------------------
                  0.00    0.00    0.00   clock core_clock (rise edge)
                          0.00    0.00   clock network delay (ideal)
                  0.00    0.00    0.00 ^ _2689_/CLK (sky130_fd_sc_hd__dfxtp_2)
     2    0.00    0.03    0.29    0.29 v _2689_/Q (sky130_fd_sc_hd__dfxtp_2)
                                         regfile.regfile[12][4] (net)
                  0.03    0.00    0.29 v _2400_/A (sky130_fd_sc_hd__buf_1)
     1    0.00    0.02    0.07    0.36 v _2400_/X (sky130_fd_sc_hd__buf_1)
                                         _1162_ (net)
                  0.02    0.00    0.36 v _2401_/A (sky130_fd_sc_hd__buf_1)
     1    0.00    0.02    0.07    0.43 v _2401_/X (sky130_fd_sc_hd__buf_1)
                                         _0043_ (net)
                  0.02    0.00    0.43 v _2689_/D (sky130_fd_sc_hd__dfxtp_2)
                                  0.43   data arrival time

                  0.00   10.00   10.00   clock core_clock (rise edge)
                          0.00   10.00   clock network delay (ideal)
                          0.00   10.00   clock reconvergence pessimism
                                 10.00 ^ _2689_/CLK (sky130_fd_sc_hd__dfxtp_2)
                         -0.11    9.89   library setup time
                                  9.89   data required time
-----------------------------------------------------------------------------
                                  9.89   data required time
                                 -0.43   data arrival time
-----------------------------------------------------------------------------
                                  9.45   slack (MET)


Startpoint: _2690_ (rising edge-triggered flip-flop clocked by core_clock)
Endpoint: _2690_ (rising edge-triggered flip-flop clocked by core_clock)
Path Group: core_clock
Path Type: max

Fanout     Cap    Slew   Delay    Time   Description
-----------------------------------------------------------------------------
                  0.00    0.00    0.00   clock core_clock (rise edge)
                          0.00    0.00   clock network delay (ideal)
                  0.00    0.00    0.00 ^ _2690_/CLK (sky130_fd_sc_hd__dfxtp_2)
     2    0.00    0.03    0.29    0.29 v _2690_/Q (sky130_fd_sc_hd__dfxtp_2)
                                         regfile.regfile[12][5] (net)
                  0.03    0.00    0.29 v _2402_/A (sky130_fd_sc_hd__buf_1)
     1    0.00    0.02    0.07    0.36 v _2402_/X (sky130_fd_sc_hd__buf_1)
                                         _1163_ (net)
                  0.02    0.00    0.36 v _2403_/A (sky130_fd_sc_hd__buf_1)
     1    0.00    0.02    0.07    0.43 v _2403_/X (sky130_fd_sc_hd__buf_1)
                                         _0044_ (net)
                  0.02    0.00    0.43 v _2690_/D (sky130_fd_sc_hd__dfxtp_2)
                                  0.43   data arrival time

                  0.00   10.00   10.00   clock core_clock (rise edge)
                          0.00   10.00   clock network delay (ideal)
                          0.00   10.00   clock reconvergence pessimism
                                 10.00 ^ _2690_/CLK (sky130_fd_sc_hd__dfxtp_2)
                         -0.11    9.89   library setup time
                                  9.89   data required time
-----------------------------------------------------------------------------
                                  9.89   data required time
                                 -0.43   data arrival time
-----------------------------------------------------------------------------
                                  9.45   slack (MET)


Startpoint: _2691_ (rising edge-triggered flip-flop clocked by core_clock)
Endpoint: _2691_ (rising edge-triggered flip-flop clocked by core_clock)
Path Group: core_clock
Path Type: max

Fanout     Cap    Slew   Delay    Time   Description
-----------------------------------------------------------------------------
                  0.00    0.00    0.00   clock core_clock (rise edge)
                          0.00    0.00   clock network delay (ideal)
                  0.00    0.00    0.00 ^ _2691_/CLK (sky130_fd_sc_hd__dfxtp_2)
     2    0.00    0.03    0.29    0.29 v _2691_/Q (sky130_fd_sc_hd__dfxtp_2)
                                         regfile.regfile[12][6] (net)
                  0.03    0.00    0.29 v _2404_/A (sky130_fd_sc_hd__buf_1)
     1    0.00    0.02    0.07    0.36 v _2404_/X (sky130_fd_sc_hd__buf_1)
                                         _1164_ (net)
                  0.02    0.00    0.36 v _2405_/A (sky130_fd_sc_hd__buf_1)
     1    0.00    0.02    0.07    0.43 v _2405_/X (sky130_fd_sc_hd__buf_1)
                                         _0045_ (net)
                  0.02    0.00    0.43 v _2691_/D (sky130_fd_sc_hd__dfxtp_2)
                                  0.43   data arrival time

                  0.00   10.00   10.00   clock core_clock (rise edge)
                          0.00   10.00   clock network delay (ideal)
                          0.00   10.00   clock reconvergence pessimism
                                 10.00 ^ _2691_/CLK (sky130_fd_sc_hd__dfxtp_2)
                         -0.11    9.89   library setup time
                                  9.89   data required time
-----------------------------------------------------------------------------
                                  9.89   data required time
                                 -0.43   data arrival time
-----------------------------------------------------------------------------
                                  9.45   slack (MET)


Startpoint: _2692_ (rising edge-triggered flip-flop clocked by core_clock)
Endpoint: _2692_ (rising edge-triggered flip-flop clocked by core_clock)
Path Group: core_clock
Path Type: max

Fanout     Cap    Slew   Delay    Time   Description
-----------------------------------------------------------------------------
                  0.00    0.00    0.00   clock core_clock (rise edge)
                          0.00    0.00   clock network delay (ideal)
                  0.00    0.00    0.00 ^ _2692_/CLK (sky130_fd_sc_hd__dfxtp_2)
     2    0.00    0.03    0.29    0.29 v _2692_/Q (sky130_fd_sc_hd__dfxtp_2)
                                         regfile.regfile[12][7] (net)
                  0.03    0.00    0.29 v _2406_/A (sky130_fd_sc_hd__buf_1)
     1    0.00    0.02    0.07    0.36 v _2406_/X (sky130_fd_sc_hd__buf_1)
                                         _1165_ (net)
                  0.02    0.00    0.36 v _2407_/A (sky130_fd_sc_hd__buf_1)
     1    0.00    0.02    0.07    0.43 v _2407_/X (sky130_fd_sc_hd__buf_1)
                                         _0046_ (net)
                  0.02    0.00    0.43 v _2692_/D (sky130_fd_sc_hd__dfxtp_2)
                                  0.43   data arrival time

                  0.00   10.00   10.00   clock core_clock (rise edge)
                          0.00   10.00   clock network delay (ideal)
                          0.00   10.00   clock reconvergence pessimism
                                 10.00 ^ _2692_/CLK (sky130_fd_sc_hd__dfxtp_2)
                         -0.11    9.89   library setup time
                                  9.89   data required time
-----------------------------------------------------------------------------
                                  9.89   data required time
                                 -0.43   data arrival time
-----------------------------------------------------------------------------
                                  9.45   slack (MET)


Startpoint: _2693_ (rising edge-triggered flip-flop clocked by core_clock)
Endpoint: _2693_ (rising edge-triggered flip-flop clocked by core_clock)
Path Group: core_clock
Path Type: max

Fanout     Cap    Slew   Delay    Time   Description
-----------------------------------------------------------------------------
                  0.00    0.00    0.00   clock core_clock (rise edge)
                          0.00    0.00   clock network delay (ideal)
                  0.00    0.00    0.00 ^ _2693_/CLK (sky130_fd_sc_hd__dfxtp_2)
     2    0.00    0.03    0.29    0.29 v _2693_/Q (sky130_fd_sc_hd__dfxtp_2)
                                         regfile.regfile[12][8] (net)
                  0.03    0.00    0.29 v _2408_/A (sky130_fd_sc_hd__buf_1)
     1    0.00    0.02    0.07    0.36 v _2408_/X (sky130_fd_sc_hd__buf_1)
                                         _1166_ (net)
                  0.02    0.00    0.36 v _2409_/A (sky130_fd_sc_hd__buf_1)
     1    0.00    0.02    0.07    0.43 v _2409_/X (sky130_fd_sc_hd__buf_1)
                                         _0047_ (net)
                  0.02    0.00    0.43 v _2693_/D (sky130_fd_sc_hd__dfxtp_2)
                                  0.43   data arrival time

                  0.00   10.00   10.00   clock core_clock (rise edge)
                          0.00   10.00   clock network delay (ideal)
                          0.00   10.00   clock reconvergence pessimism
                                 10.00 ^ _2693_/CLK (sky130_fd_sc_hd__dfxtp_2)
                         -0.11    9.89   library setup time
                                  9.89   data required time
-----------------------------------------------------------------------------
                                  9.89   data required time
                                 -0.43   data arrival time
-----------------------------------------------------------------------------
                                  9.45   slack (MET)


Startpoint: _2694_ (rising edge-triggered flip-flop clocked by core_clock)
Endpoint: _2694_ (rising edge-triggered flip-flop clocked by core_clock)
Path Group: core_clock
Path Type: max

Fanout     Cap    Slew   Delay    Time   Description
-----------------------------------------------------------------------------
                  0.00    0.00    0.00   clock core_clock (rise edge)
                          0.00    0.00   clock network delay (ideal)
                  0.00    0.00    0.00 ^ _2694_/CLK (sky130_fd_sc_hd__dfxtp_2)
     2    0.00    0.03    0.29    0.29 v _2694_/Q (sky130_fd_sc_hd__dfxtp_2)
                                         regfile.regfile[12][9] (net)
                  0.03    0.00    0.29 v _2410_/A (sky130_fd_sc_hd__buf_1)
     1    0.00    0.02    0.07    0.36 v _2410_/X (sky130_fd_sc_hd__buf_1)
                                         _1167_ (net)
                  0.02    0.00    0.36 v _2411_/A (sky130_fd_sc_hd__buf_1)
     1    0.00    0.02    0.07    0.43 v _2411_/X (sky130_fd_sc_hd__buf_1)
                                         _0048_ (net)
                  0.02    0.00    0.43 v _2694_/D (sky130_fd_sc_hd__dfxtp_2)
                                  0.43   data arrival time

                  0.00   10.00   10.00   clock core_clock (rise edge)
                          0.00   10.00   clock network delay (ideal)
                          0.00   10.00   clock reconvergence pessimism
                                 10.00 ^ _2694_/CLK (sky130_fd_sc_hd__dfxtp_2)
                         -0.11    9.89   library setup time
                                  9.89   data required time
-----------------------------------------------------------------------------
                                  9.89   data required time
                                 -0.43   data arrival time
-----------------------------------------------------------------------------
                                  9.45   slack (MET)


Startpoint: _2695_ (rising edge-triggered flip-flop clocked by core_clock)
Endpoint: _2695_ (rising edge-triggered flip-flop clocked by core_clock)
Path Group: core_clock
Path Type: max

Fanout     Cap    Slew   Delay    Time   Description
-----------------------------------------------------------------------------
                  0.00    0.00    0.00   clock core_clock (rise edge)
                          0.00    0.00   clock network delay (ideal)
                  0.00    0.00    0.00 ^ _2695_/CLK (sky130_fd_sc_hd__dfxtp_2)
     2    0.00    0.03    0.29    0.29 v _2695_/Q (sky130_fd_sc_hd__dfxtp_2)
                                         regfile.regfile[12][10] (net)
                  0.03    0.00    0.29 v _2412_/A (sky130_fd_sc_hd__buf_1)
     1    0.00    0.02    0.07    0.36 v _2412_/X (sky130_fd_sc_hd__buf_1)
                                         _1168_ (net)
                  0.02    0.00    0.36 v _2413_/A (sky130_fd_sc_hd__buf_1)
     1    0.00    0.02    0.07    0.43 v _2413_/X (sky130_fd_sc_hd__buf_1)
                                         _0049_ (net)
                  0.02    0.00    0.43 v _2695_/D (sky130_fd_sc_hd__dfxtp_2)
                                  0.43   data arrival time

                  0.00   10.00   10.00   clock core_clock (rise edge)
                          0.00   10.00   clock network delay (ideal)
                          0.00   10.00   clock reconvergence pessimism
                                 10.00 ^ _2695_/CLK (sky130_fd_sc_hd__dfxtp_2)
                         -0.11    9.89   library setup time
                                  9.89   data required time
-----------------------------------------------------------------------------
                                  9.89   data required time
                                 -0.43   data arrival time
-----------------------------------------------------------------------------
                                  9.45   slack (MET)


Startpoint: _2696_ (rising edge-triggered flip-flop clocked by core_clock)
Endpoint: _2696_ (rising edge-triggered flip-flop clocked by core_clock)
Path Group: core_clock
Path Type: max

Fanout     Cap    Slew   Delay    Time   Description
-----------------------------------------------------------------------------
                  0.00    0.00    0.00   clock core_clock (rise edge)
                          0.00    0.00   clock network delay (ideal)
                  0.00    0.00    0.00 ^ _2696_/CLK (sky130_fd_sc_hd__dfxtp_2)
     2    0.00    0.03    0.29    0.29 v _2696_/Q (sky130_fd_sc_hd__dfxtp_2)
                                         regfile.regfile[12][11] (net)
                  0.03    0.00    0.29 v _2414_/A (sky130_fd_sc_hd__buf_1)
     1    0.00    0.02    0.07    0.36 v _2414_/X (sky130_fd_sc_hd__buf_1)
                                         _1169_ (net)
                  0.02    0.00    0.36 v _2415_/A (sky130_fd_sc_hd__buf_1)
     1    0.00    0.02    0.07    0.43 v _2415_/X (sky130_fd_sc_hd__buf_1)
                                         _0050_ (net)
                  0.02    0.00    0.43 v _2696_/D (sky130_fd_sc_hd__dfxtp_2)
                                  0.43   data arrival time

                  0.00   10.00   10.00   clock core_clock (rise edge)
                          0.00   10.00   clock network delay (ideal)
                          0.00   10.00   clock reconvergence pessimism
                                 10.00 ^ _2696_/CLK (sky130_fd_sc_hd__dfxtp_2)
                         -0.11    9.89   library setup time
                                  9.89   data required time
-----------------------------------------------------------------------------
                                  9.89   data required time
                                 -0.43   data arrival time
-----------------------------------------------------------------------------
                                  9.45   slack (MET)


Startpoint: _2697_ (rising edge-triggered flip-flop clocked by core_clock)
Endpoint: _2697_ (rising edge-triggered flip-flop clocked by core_clock)
Path Group: core_clock
Path Type: max

Fanout     Cap    Slew   Delay    Time   Description
-----------------------------------------------------------------------------
                  0.00    0.00    0.00   clock core_clock (rise edge)
                          0.00    0.00   clock network delay (ideal)
                  0.00    0.00    0.00 ^ _2697_/CLK (sky130_fd_sc_hd__dfxtp_2)
     2    0.00    0.03    0.29    0.29 v _2697_/Q (sky130_fd_sc_hd__dfxtp_2)
                                         regfile.regfile[12][12] (net)
                  0.03    0.00    0.29 v _2416_/A (sky130_fd_sc_hd__buf_1)
     1    0.00    0.02    0.07    0.36 v _2416_/X (sky130_fd_sc_hd__buf_1)
                                         _1170_ (net)
                  0.02    0.00    0.36 v _2417_/A (sky130_fd_sc_hd__buf_1)
     1    0.00    0.02    0.07    0.43 v _2417_/X (sky130_fd_sc_hd__buf_1)
                                         _0051_ (net)
                  0.02    0.00    0.43 v _2697_/D (sky130_fd_sc_hd__dfxtp_2)
                                  0.43   data arrival time

                  0.00   10.00   10.00   clock core_clock (rise edge)
                          0.00   10.00   clock network delay (ideal)
                          0.00   10.00   clock reconvergence pessimism
                                 10.00 ^ _2697_/CLK (sky130_fd_sc_hd__dfxtp_2)
                         -0.11    9.89   library setup time
                                  9.89   data required time
-----------------------------------------------------------------------------
                                  9.89   data required time
                                 -0.43   data arrival time
-----------------------------------------------------------------------------
                                  9.45   slack (MET)


Startpoint: _2698_ (rising edge-triggered flip-flop clocked by core_clock)
Endpoint: _2698_ (rising edge-triggered flip-flop clocked by core_clock)
Path Group: core_clock
Path Type: max

Fanout     Cap    Slew   Delay    Time   Description
-----------------------------------------------------------------------------
                  0.00    0.00    0.00   clock core_clock (rise edge)
                          0.00    0.00   clock network delay (ideal)
                  0.00    0.00    0.00 ^ _2698_/CLK (sky130_fd_sc_hd__dfxtp_2)
     2    0.00    0.03    0.29    0.29 v _2698_/Q (sky130_fd_sc_hd__dfxtp_2)
                                         regfile.regfile[12][13] (net)
                  0.03    0.00    0.29 v _2418_/A (sky130_fd_sc_hd__buf_1)
     1    0.00    0.02    0.07    0.36 v _2418_/X (sky130_fd_sc_hd__buf_1)
                                         _1171_ (net)
                  0.02    0.00    0.36 v _2419_/A (sky130_fd_sc_hd__buf_1)
     1    0.00    0.02    0.07    0.43 v _2419_/X (sky130_fd_sc_hd__buf_1)
                                         _0052_ (net)
                  0.02    0.00    0.43 v _2698_/D (sky130_fd_sc_hd__dfxtp_2)
                                  0.43   data arrival time

                  0.00   10.00   10.00   clock core_clock (rise edge)
                          0.00   10.00   clock network delay (ideal)
                          0.00   10.00   clock reconvergence pessimism
                                 10.00 ^ _2698_/CLK (sky130_fd_sc_hd__dfxtp_2)
                         -0.11    9.89   library setup time
                                  9.89   data required time
-----------------------------------------------------------------------------
                                  9.89   data required time
                                 -0.43   data arrival time
-----------------------------------------------------------------------------
                                  9.45   slack (MET)


Startpoint: _2699_ (rising edge-triggered flip-flop clocked by core_clock)
Endpoint: _2699_ (rising edge-triggered flip-flop clocked by core_clock)
Path Group: core_clock
Path Type: max

Fanout     Cap    Slew   Delay    Time   Description
-----------------------------------------------------------------------------
                  0.00    0.00    0.00   clock core_clock (rise edge)
                          0.00    0.00   clock network delay (ideal)
                  0.00    0.00    0.00 ^ _2699_/CLK (sky130_fd_sc_hd__dfxtp_2)
     2    0.00    0.03    0.29    0.29 v _2699_/Q (sky130_fd_sc_hd__dfxtp_2)
                                         regfile.regfile[12][14] (net)
                  0.03    0.00    0.29 v _2420_/A (sky130_fd_sc_hd__buf_1)
     1    0.00    0.02    0.07    0.36 v _2420_/X (sky130_fd_sc_hd__buf_1)
                                         _1172_ (net)
                  0.02    0.00    0.36 v _2421_/A (sky130_fd_sc_hd__buf_1)
     1    0.00    0.02    0.07    0.43 v _2421_/X (sky130_fd_sc_hd__buf_1)
                                         _0053_ (net)
                  0.02    0.00    0.43 v _2699_/D (sky130_fd_sc_hd__dfxtp_2)
                                  0.43   data arrival time

                  0.00   10.00   10.00   clock core_clock (rise edge)
                          0.00   10.00   clock network delay (ideal)
                          0.00   10.00   clock reconvergence pessimism
                                 10.00 ^ _2699_/CLK (sky130_fd_sc_hd__dfxtp_2)
                         -0.11    9.89   library setup time
                                  9.89   data required time
-----------------------------------------------------------------------------
                                  9.89   data required time
                                 -0.43   data arrival time
-----------------------------------------------------------------------------
                                  9.45   slack (MET)


Startpoint: _2700_ (rising edge-triggered flip-flop clocked by core_clock)
Endpoint: _2700_ (rising edge-triggered flip-flop clocked by core_clock)
Path Group: core_clock
Path Type: max

Fanout     Cap    Slew   Delay    Time   Description
-----------------------------------------------------------------------------
                  0.00    0.00    0.00   clock core_clock (rise edge)
                          0.00    0.00   clock network delay (ideal)
                  0.00    0.00    0.00 ^ _2700_/CLK (sky130_fd_sc_hd__dfxtp_2)
     2    0.00    0.03    0.29    0.29 v _2700_/Q (sky130_fd_sc_hd__dfxtp_2)
                                         regfile.regfile[12][15] (net)
                  0.03    0.00    0.29 v _2422_/A (sky130_fd_sc_hd__buf_1)
     1    0.00    0.02    0.07    0.36 v _2422_/X (sky130_fd_sc_hd__buf_1)
                                         _1173_ (net)
                  0.02    0.00    0.36 v _2423_/A (sky130_fd_sc_hd__buf_1)
     1    0.00    0.02    0.07    0.43 v _2423_/X (sky130_fd_sc_hd__buf_1)
                                         _0054_ (net)
                  0.02    0.00    0.43 v _2700_/D (sky130_fd_sc_hd__dfxtp_2)
                                  0.43   data arrival time

                  0.00   10.00   10.00   clock core_clock (rise edge)
                          0.00   10.00   clock network delay (ideal)
                          0.00   10.00   clock reconvergence pessimism
                                 10.00 ^ _2700_/CLK (sky130_fd_sc_hd__dfxtp_2)
                         -0.11    9.89   library setup time
                                  9.89   data required time
-----------------------------------------------------------------------------
                                  9.89   data required time
                                 -0.43   data arrival time
-----------------------------------------------------------------------------
                                  9.45   slack (MET)


Startpoint: _2701_ (rising edge-triggered flip-flop clocked by core_clock)
Endpoint: _2701_ (rising edge-triggered flip-flop clocked by core_clock)
Path Group: core_clock
Path Type: max

Fanout     Cap    Slew   Delay    Time   Description
-----------------------------------------------------------------------------
                  0.00    0.00    0.00   clock core_clock (rise edge)
                          0.00    0.00   clock network delay (ideal)
                  0.00    0.00    0.00 ^ _2701_/CLK (sky130_fd_sc_hd__dfxtp_2)
     2    0.00    0.03    0.29    0.29 v _2701_/Q (sky130_fd_sc_hd__dfxtp_2)
                                         regfile.regfile[12][16] (net)
                  0.03    0.00    0.29 v _2424_/A (sky130_fd_sc_hd__buf_1)
     1    0.00    0.02    0.07    0.36 v _2424_/X (sky130_fd_sc_hd__buf_1)
                                         _1174_ (net)
                  0.02    0.00    0.36 v _2425_/A (sky130_fd_sc_hd__buf_1)
     1    0.00    0.02    0.07    0.43 v _2425_/X (sky130_fd_sc_hd__buf_1)
                                         _0055_ (net)
                  0.02    0.00    0.43 v _2701_/D (sky130_fd_sc_hd__dfxtp_2)
                                  0.43   data arrival time

                  0.00   10.00   10.00   clock core_clock (rise edge)
                          0.00   10.00   clock network delay (ideal)
                          0.00   10.00   clock reconvergence pessimism
                                 10.00 ^ _2701_/CLK (sky130_fd_sc_hd__dfxtp_2)
                         -0.11    9.89   library setup time
                                  9.89   data required time
-----------------------------------------------------------------------------
                                  9.89   data required time
                                 -0.43   data arrival time
-----------------------------------------------------------------------------
                                  9.45   slack (MET)


Startpoint: _2702_ (rising edge-triggered flip-flop clocked by core_clock)
Endpoint: _2702_ (rising edge-triggered flip-flop clocked by core_clock)
Path Group: core_clock
Path Type: max

Fanout     Cap    Slew   Delay    Time   Description
-----------------------------------------------------------------------------
                  0.00    0.00    0.00   clock core_clock (rise edge)
                          0.00    0.00   clock network delay (ideal)
                  0.00    0.00    0.00 ^ _2702_/CLK (sky130_fd_sc_hd__dfxtp_2)
     2    0.00    0.03    0.29    0.29 v _2702_/Q (sky130_fd_sc_hd__dfxtp_2)
                                         regfile.regfile[12][17] (net)
                  0.03    0.00    0.29 v _2426_/A (sky130_fd_sc_hd__buf_1)
     1    0.00    0.02    0.07    0.36 v _2426_/X (sky130_fd_sc_hd__buf_1)
                                         _1175_ (net)
                  0.02    0.00    0.36 v _2427_/A (sky130_fd_sc_hd__buf_1)
     1    0.00    0.02    0.07    0.43 v _2427_/X (sky130_fd_sc_hd__buf_1)
                                         _0056_ (net)
                  0.02    0.00    0.43 v _2702_/D (sky130_fd_sc_hd__dfxtp_2)
                                  0.43   data arrival time

                  0.00   10.00   10.00   clock core_clock (rise edge)
                          0.00   10.00   clock network delay (ideal)
                          0.00   10.00   clock reconvergence pessimism
                                 10.00 ^ _2702_/CLK (sky130_fd_sc_hd__dfxtp_2)
                         -0.11    9.89   library setup time
                                  9.89   data required time
-----------------------------------------------------------------------------
                                  9.89   data required time
                                 -0.43   data arrival time
-----------------------------------------------------------------------------
                                  9.45   slack (MET)


Startpoint: _2703_ (rising edge-triggered flip-flop clocked by core_clock)
Endpoint: _2703_ (rising edge-triggered flip-flop clocked by core_clock)
Path Group: core_clock
Path Type: max

Fanout     Cap    Slew   Delay    Time   Description
-----------------------------------------------------------------------------
                  0.00    0.00    0.00   clock core_clock (rise edge)
                          0.00    0.00   clock network delay (ideal)
                  0.00    0.00    0.00 ^ _2703_/CLK (sky130_fd_sc_hd__dfxtp_2)
     2    0.00    0.03    0.29    0.29 v _2703_/Q (sky130_fd_sc_hd__dfxtp_2)
                                         regfile.regfile[12][18] (net)
                  0.03    0.00    0.29 v _2428_/A (sky130_fd_sc_hd__buf_1)
     1    0.00    0.02    0.07    0.36 v _2428_/X (sky130_fd_sc_hd__buf_1)
                                         _1176_ (net)
                  0.02    0.00    0.36 v _2429_/A (sky130_fd_sc_hd__buf_1)
     1    0.00    0.02    0.07    0.43 v _2429_/X (sky130_fd_sc_hd__buf_1)
                                         _0057_ (net)
                  0.02    0.00    0.43 v _2703_/D (sky130_fd_sc_hd__dfxtp_2)
                                  0.43   data arrival time

                  0.00   10.00   10.00   clock core_clock (rise edge)
                          0.00   10.00   clock network delay (ideal)
                          0.00   10.00   clock reconvergence pessimism
                                 10.00 ^ _2703_/CLK (sky130_fd_sc_hd__dfxtp_2)
                         -0.11    9.89   library setup time
                                  9.89   data required time
-----------------------------------------------------------------------------
                                  9.89   data required time
                                 -0.43   data arrival time
-----------------------------------------------------------------------------
                                  9.45   slack (MET)


Startpoint: _2704_ (rising edge-triggered flip-flop clocked by core_clock)
Endpoint: _2704_ (rising edge-triggered flip-flop clocked by core_clock)
Path Group: core_clock
Path Type: max

Fanout     Cap    Slew   Delay    Time   Description
-----------------------------------------------------------------------------
                  0.00    0.00    0.00   clock core_clock (rise edge)
                          0.00    0.00   clock network delay (ideal)
                  0.00    0.00    0.00 ^ _2704_/CLK (sky130_fd_sc_hd__dfxtp_2)
     2    0.00    0.03    0.29    0.29 v _2704_/Q (sky130_fd_sc_hd__dfxtp_2)
                                         regfile.regfile[12][19] (net)
                  0.03    0.00    0.29 v _2430_/A (sky130_fd_sc_hd__buf_1)
     1    0.00    0.02    0.07    0.36 v _2430_/X (sky130_fd_sc_hd__buf_1)
                                         _1177_ (net)
                  0.02    0.00    0.36 v _2431_/A (sky130_fd_sc_hd__buf_1)
     1    0.00    0.02    0.07    0.43 v _2431_/X (sky130_fd_sc_hd__buf_1)
                                         _0058_ (net)
                  0.02    0.00    0.43 v _2704_/D (sky130_fd_sc_hd__dfxtp_2)
                                  0.43   data arrival time

                  0.00   10.00   10.00   clock core_clock (rise edge)
                          0.00   10.00   clock network delay (ideal)
                          0.00   10.00   clock reconvergence pessimism
                                 10.00 ^ _2704_/CLK (sky130_fd_sc_hd__dfxtp_2)
                         -0.11    9.89   library setup time
                                  9.89   data required time
-----------------------------------------------------------------------------
                                  9.89   data required time
                                 -0.43   data arrival time
-----------------------------------------------------------------------------
                                  9.45   slack (MET)


Startpoint: _2705_ (rising edge-triggered flip-flop clocked by core_clock)
Endpoint: _2705_ (rising edge-triggered flip-flop clocked by core_clock)
Path Group: core_clock
Path Type: max

Fanout     Cap    Slew   Delay    Time   Description
-----------------------------------------------------------------------------
                  0.00    0.00    0.00   clock core_clock (rise edge)
                          0.00    0.00   clock network delay (ideal)
                  0.00    0.00    0.00 ^ _2705_/CLK (sky130_fd_sc_hd__dfxtp_2)
     2    0.00    0.03    0.29    0.29 v _2705_/Q (sky130_fd_sc_hd__dfxtp_2)
                                         regfile.regfile[12][20] (net)
                  0.03    0.00    0.29 v _2432_/A (sky130_fd_sc_hd__buf_1)
     1    0.00    0.02    0.07    0.36 v _2432_/X (sky130_fd_sc_hd__buf_1)
                                         _1178_ (net)
                  0.02    0.00    0.36 v _2433_/A (sky130_fd_sc_hd__buf_1)
     1    0.00    0.02    0.07    0.43 v _2433_/X (sky130_fd_sc_hd__buf_1)
                                         _0059_ (net)
                  0.02    0.00    0.43 v _2705_/D (sky130_fd_sc_hd__dfxtp_2)
                                  0.43   data arrival time

                  0.00   10.00   10.00   clock core_clock (rise edge)
                          0.00   10.00   clock network delay (ideal)
                          0.00   10.00   clock reconvergence pessimism
                                 10.00 ^ _2705_/CLK (sky130_fd_sc_hd__dfxtp_2)
                         -0.11    9.89   library setup time
                                  9.89   data required time
-----------------------------------------------------------------------------
                                  9.89   data required time
                                 -0.43   data arrival time
-----------------------------------------------------------------------------
                                  9.45   slack (MET)


Startpoint: _2706_ (rising edge-triggered flip-flop clocked by core_clock)
Endpoint: _2706_ (rising edge-triggered flip-flop clocked by core_clock)
Path Group: core_clock
Path Type: max

Fanout     Cap    Slew   Delay    Time   Description
-----------------------------------------------------------------------------
                  0.00    0.00    0.00   clock core_clock (rise edge)
                          0.00    0.00   clock network delay (ideal)
                  0.00    0.00    0.00 ^ _2706_/CLK (sky130_fd_sc_hd__dfxtp_2)
     2    0.00    0.03    0.29    0.29 v _2706_/Q (sky130_fd_sc_hd__dfxtp_2)
                                         regfile.regfile[12][21] (net)
                  0.03    0.00    0.29 v _2434_/A (sky130_fd_sc_hd__buf_1)
     1    0.00    0.02    0.07    0.36 v _2434_/X (sky130_fd_sc_hd__buf_1)
                                         _1179_ (net)
                  0.02    0.00    0.36 v _2435_/A (sky130_fd_sc_hd__buf_1)
     1    0.00    0.02    0.07    0.43 v _2435_/X (sky130_fd_sc_hd__buf_1)
                                         _0060_ (net)
                  0.02    0.00    0.43 v _2706_/D (sky130_fd_sc_hd__dfxtp_2)
                                  0.43   data arrival time

                  0.00   10.00   10.00   clock core_clock (rise edge)
                          0.00   10.00   clock network delay (ideal)
                          0.00   10.00   clock reconvergence pessimism
                                 10.00 ^ _2706_/CLK (sky130_fd_sc_hd__dfxtp_2)
                         -0.11    9.89   library setup time
                                  9.89   data required time
-----------------------------------------------------------------------------
                                  9.89   data required time
                                 -0.43   data arrival time
-----------------------------------------------------------------------------
                                  9.45   slack (MET)


Startpoint: _2707_ (rising edge-triggered flip-flop clocked by core_clock)
Endpoint: _2707_ (rising edge-triggered flip-flop clocked by core_clock)
Path Group: core_clock
Path Type: max

Fanout     Cap    Slew   Delay    Time   Description
-----------------------------------------------------------------------------
                  0.00    0.00    0.00   clock core_clock (rise edge)
                          0.00    0.00   clock network delay (ideal)
                  0.00    0.00    0.00 ^ _2707_/CLK (sky130_fd_sc_hd__dfxtp_2)
     2    0.00    0.03    0.29    0.29 v _2707_/Q (sky130_fd_sc_hd__dfxtp_2)
                                         regfile.regfile[12][22] (net)
                  0.03    0.00    0.29 v _2436_/A (sky130_fd_sc_hd__buf_1)
     1    0.00    0.02    0.07    0.36 v _2436_/X (sky130_fd_sc_hd__buf_1)
                                         _1180_ (net)
                  0.02    0.00    0.36 v _2437_/A (sky130_fd_sc_hd__buf_1)
     1    0.00    0.02    0.07    0.43 v _2437_/X (sky130_fd_sc_hd__buf_1)
                                         _0061_ (net)
                  0.02    0.00    0.43 v _2707_/D (sky130_fd_sc_hd__dfxtp_2)
                                  0.43   data arrival time

                  0.00   10.00   10.00   clock core_clock (rise edge)
                          0.00   10.00   clock network delay (ideal)
                          0.00   10.00   clock reconvergence pessimism
                                 10.00 ^ _2707_/CLK (sky130_fd_sc_hd__dfxtp_2)
                         -0.11    9.89   library setup time
                                  9.89   data required time
-----------------------------------------------------------------------------
                                  9.89   data required time
                                 -0.43   data arrival time
-----------------------------------------------------------------------------
                                  9.45   slack (MET)


Startpoint: _2708_ (rising edge-triggered flip-flop clocked by core_clock)
Endpoint: _2708_ (rising edge-triggered flip-flop clocked by core_clock)
Path Group: core_clock
Path Type: max

Fanout     Cap    Slew   Delay    Time   Description
-----------------------------------------------------------------------------
                  0.00    0.00    0.00   clock core_clock (rise edge)
                          0.00    0.00   clock network delay (ideal)
                  0.00    0.00    0.00 ^ _2708_/CLK (sky130_fd_sc_hd__dfxtp_2)
     2    0.00    0.03    0.29    0.29 v _2708_/Q (sky130_fd_sc_hd__dfxtp_2)
                                         regfile.regfile[12][23] (net)
                  0.03    0.00    0.29 v _2438_/A (sky130_fd_sc_hd__buf_1)
     1    0.00    0.02    0.07    0.36 v _2438_/X (sky130_fd_sc_hd__buf_1)
                                         _1181_ (net)
                  0.02    0.00    0.36 v _2439_/A (sky130_fd_sc_hd__buf_1)
     1    0.00    0.02    0.07    0.43 v _2439_/X (sky130_fd_sc_hd__buf_1)
                                         _0062_ (net)
                  0.02    0.00    0.43 v _2708_/D (sky130_fd_sc_hd__dfxtp_2)
                                  0.43   data arrival time

                  0.00   10.00   10.00   clock core_clock (rise edge)
                          0.00   10.00   clock network delay (ideal)
                          0.00   10.00   clock reconvergence pessimism
                                 10.00 ^ _2708_/CLK (sky130_fd_sc_hd__dfxtp_2)
                         -0.11    9.89   library setup time
                                  9.89   data required time
-----------------------------------------------------------------------------
                                  9.89   data required time
                                 -0.43   data arrival time
-----------------------------------------------------------------------------
                                  9.45   slack (MET)


Startpoint: _2709_ (rising edge-triggered flip-flop clocked by core_clock)
Endpoint: _2709_ (rising edge-triggered flip-flop clocked by core_clock)
Path Group: core_clock
Path Type: max

Fanout     Cap    Slew   Delay    Time   Description
-----------------------------------------------------------------------------
                  0.00    0.00    0.00   clock core_clock (rise edge)
                          0.00    0.00   clock network delay (ideal)
                  0.00    0.00    0.00 ^ _2709_/CLK (sky130_fd_sc_hd__dfxtp_2)
     2    0.00    0.03    0.29    0.29 v _2709_/Q (sky130_fd_sc_hd__dfxtp_2)
                                         regfile.regfile[12][24] (net)
                  0.03    0.00    0.29 v _2440_/A (sky130_fd_sc_hd__buf_1)
     1    0.00    0.02    0.07    0.36 v _2440_/X (sky130_fd_sc_hd__buf_1)
                                         _1182_ (net)
                  0.02    0.00    0.36 v _2441_/A (sky130_fd_sc_hd__buf_1)
     1    0.00    0.02    0.07    0.43 v _2441_/X (sky130_fd_sc_hd__buf_1)
                                         _0063_ (net)
                  0.02    0.00    0.43 v _2709_/D (sky130_fd_sc_hd__dfxtp_2)
                                  0.43   data arrival time

                  0.00   10.00   10.00   clock core_clock (rise edge)
                          0.00   10.00   clock network delay (ideal)
                          0.00   10.00   clock reconvergence pessimism
                                 10.00 ^ _2709_/CLK (sky130_fd_sc_hd__dfxtp_2)
                         -0.11    9.89   library setup time
                                  9.89   data required time
-----------------------------------------------------------------------------
                                  9.89   data required time
                                 -0.43   data arrival time
-----------------------------------------------------------------------------
                                  9.45   slack (MET)


Startpoint: _2710_ (rising edge-triggered flip-flop clocked by core_clock)
Endpoint: _2710_ (rising edge-triggered flip-flop clocked by core_clock)
Path Group: core_clock
Path Type: max

Fanout     Cap    Slew   Delay    Time   Description
-----------------------------------------------------------------------------
                  0.00    0.00    0.00   clock core_clock (rise edge)
                          0.00    0.00   clock network delay (ideal)
                  0.00    0.00    0.00 ^ _2710_/CLK (sky130_fd_sc_hd__dfxtp_2)
     2    0.00    0.03    0.29    0.29 v _2710_/Q (sky130_fd_sc_hd__dfxtp_2)
                                         regfile.regfile[12][25] (net)
                  0.03    0.00    0.29 v _2442_/A (sky130_fd_sc_hd__buf_1)
     1    0.00    0.02    0.07    0.36 v _2442_/X (sky130_fd_sc_hd__buf_1)
                                         _1183_ (net)
                  0.02    0.00    0.36 v _2443_/A (sky130_fd_sc_hd__buf_1)
     1    0.00    0.02    0.07    0.43 v _2443_/X (sky130_fd_sc_hd__buf_1)
                                         _0064_ (net)
                  0.02    0.00    0.43 v _2710_/D (sky130_fd_sc_hd__dfxtp_2)
                                  0.43   data arrival time

                  0.00   10.00   10.00   clock core_clock (rise edge)
                          0.00   10.00   clock network delay (ideal)
                          0.00   10.00   clock reconvergence pessimism
                                 10.00 ^ _2710_/CLK (sky130_fd_sc_hd__dfxtp_2)
                         -0.11    9.89   library setup time
                                  9.89   data required time
-----------------------------------------------------------------------------
                                  9.89   data required time
                                 -0.43   data arrival time
-----------------------------------------------------------------------------
                                  9.45   slack (MET)


Startpoint: _2711_ (rising edge-triggered flip-flop clocked by core_clock)
Endpoint: _2711_ (rising edge-triggered flip-flop clocked by core_clock)
Path Group: core_clock
Path Type: max

Fanout     Cap    Slew   Delay    Time   Description
-----------------------------------------------------------------------------
                  0.00    0.00    0.00   clock core_clock (rise edge)
                          0.00    0.00   clock network delay (ideal)
                  0.00    0.00    0.00 ^ _2711_/CLK (sky130_fd_sc_hd__dfxtp_2)
     2    0.00    0.03    0.29    0.29 v _2711_/Q (sky130_fd_sc_hd__dfxtp_2)
                                         regfile.regfile[12][26] (net)
                  0.03    0.00    0.29 v _2444_/A (sky130_fd_sc_hd__buf_1)
     1    0.00    0.02    0.07    0.36 v _2444_/X (sky130_fd_sc_hd__buf_1)
                                         _1184_ (net)
                  0.02    0.00    0.36 v _2445_/A (sky130_fd_sc_hd__buf_1)
     1    0.00    0.02    0.07    0.43 v _2445_/X (sky130_fd_sc_hd__buf_1)
                                         _0065_ (net)
                  0.02    0.00    0.43 v _2711_/D (sky130_fd_sc_hd__dfxtp_2)
                                  0.43   data arrival time

                  0.00   10.00   10.00   clock core_clock (rise edge)
                          0.00   10.00   clock network delay (ideal)
                          0.00   10.00   clock reconvergence pessimism
                                 10.00 ^ _2711_/CLK (sky130_fd_sc_hd__dfxtp_2)
                         -0.11    9.89   library setup time
                                  9.89   data required time
-----------------------------------------------------------------------------
                                  9.89   data required time
                                 -0.43   data arrival time
-----------------------------------------------------------------------------
                                  9.45   slack (MET)


Startpoint: _2712_ (rising edge-triggered flip-flop clocked by core_clock)
Endpoint: _2712_ (rising edge-triggered flip-flop clocked by core_clock)
Path Group: core_clock
Path Type: max

Fanout     Cap    Slew   Delay    Time   Description
-----------------------------------------------------------------------------
                  0.00    0.00    0.00   clock core_clock (rise edge)
                          0.00    0.00   clock network delay (ideal)
                  0.00    0.00    0.00 ^ _2712_/CLK (sky130_fd_sc_hd__dfxtp_2)
     2    0.00    0.03    0.29    0.29 v _2712_/Q (sky130_fd_sc_hd__dfxtp_2)
                                         regfile.regfile[12][27] (net)
                  0.03    0.00    0.29 v _2446_/A (sky130_fd_sc_hd__buf_1)
     1    0.00    0.02    0.07    0.36 v _2446_/X (sky130_fd_sc_hd__buf_1)
                                         _1185_ (net)
                  0.02    0.00    0.36 v _2447_/A (sky130_fd_sc_hd__buf_1)
     1    0.00    0.02    0.07    0.43 v _2447_/X (sky130_fd_sc_hd__buf_1)
                                         _0066_ (net)
                  0.02    0.00    0.43 v _2712_/D (sky130_fd_sc_hd__dfxtp_2)
                                  0.43   data arrival time

                  0.00   10.00   10.00   clock core_clock (rise edge)
                          0.00   10.00   clock network delay (ideal)
                          0.00   10.00   clock reconvergence pessimism
                                 10.00 ^ _2712_/CLK (sky130_fd_sc_hd__dfxtp_2)
                         -0.11    9.89   library setup time
                                  9.89   data required time
-----------------------------------------------------------------------------
                                  9.89   data required time
                                 -0.43   data arrival time
-----------------------------------------------------------------------------
                                  9.45   slack (MET)


Startpoint: _2713_ (rising edge-triggered flip-flop clocked by core_clock)
Endpoint: _2713_ (rising edge-triggered flip-flop clocked by core_clock)
Path Group: core_clock
Path Type: max

Fanout     Cap    Slew   Delay    Time   Description
-----------------------------------------------------------------------------
                  0.00    0.00    0.00   clock core_clock (rise edge)
                          0.00    0.00   clock network delay (ideal)
                  0.00    0.00    0.00 ^ _2713_/CLK (sky130_fd_sc_hd__dfxtp_2)
     2    0.00    0.03    0.29    0.29 v _2713_/Q (sky130_fd_sc_hd__dfxtp_2)
                                         regfile.regfile[12][28] (net)
                  0.03    0.00    0.29 v _2448_/A (sky130_fd_sc_hd__buf_1)
     1    0.00    0.02    0.07    0.36 v _2448_/X (sky130_fd_sc_hd__buf_1)
                                         _1186_ (net)
                  0.02    0.00    0.36 v _2449_/A (sky130_fd_sc_hd__buf_1)
     1    0.00    0.02    0.07    0.43 v _2449_/X (sky130_fd_sc_hd__buf_1)
                                         _0067_ (net)
                  0.02    0.00    0.43 v _2713_/D (sky130_fd_sc_hd__dfxtp_2)
                                  0.43   data arrival time

                  0.00   10.00   10.00   clock core_clock (rise edge)
                          0.00   10.00   clock network delay (ideal)
                          0.00   10.00   clock reconvergence pessimism
                                 10.00 ^ _2713_/CLK (sky130_fd_sc_hd__dfxtp_2)
                         -0.11    9.89   library setup time
                                  9.89   data required time
-----------------------------------------------------------------------------
                                  9.89   data required time
                                 -0.43   data arrival time
-----------------------------------------------------------------------------
                                  9.45   slack (MET)


Startpoint: _2714_ (rising edge-triggered flip-flop clocked by core_clock)
Endpoint: _2714_ (rising edge-triggered flip-flop clocked by core_clock)
Path Group: core_clock
Path Type: max

Fanout     Cap    Slew   Delay    Time   Description
-----------------------------------------------------------------------------
                  0.00    0.00    0.00   clock core_clock (rise edge)
                          0.00    0.00   clock network delay (ideal)
                  0.00    0.00    0.00 ^ _2714_/CLK (sky130_fd_sc_hd__dfxtp_2)
     2    0.00    0.03    0.29    0.29 v _2714_/Q (sky130_fd_sc_hd__dfxtp_2)
                                         regfile.regfile[12][29] (net)
                  0.03    0.00    0.29 v _2450_/A (sky130_fd_sc_hd__buf_1)
     1    0.00    0.02    0.07    0.36 v _2450_/X (sky130_fd_sc_hd__buf_1)
                                         _1187_ (net)
                  0.02    0.00    0.36 v _2451_/A (sky130_fd_sc_hd__buf_1)
     1    0.00    0.02    0.07    0.43 v _2451_/X (sky130_fd_sc_hd__buf_1)
                                         _0068_ (net)
                  0.02    0.00    0.43 v _2714_/D (sky130_fd_sc_hd__dfxtp_2)
                                  0.43   data arrival time

                  0.00   10.00   10.00   clock core_clock (rise edge)
                          0.00   10.00   clock network delay (ideal)
                          0.00   10.00   clock reconvergence pessimism
                                 10.00 ^ _2714_/CLK (sky130_fd_sc_hd__dfxtp_2)
                         -0.11    9.89   library setup time
                                  9.89   data required time
-----------------------------------------------------------------------------
                                  9.89   data required time
                                 -0.43   data arrival time
-----------------------------------------------------------------------------
                                  9.45   slack (MET)


Startpoint: _2715_ (rising edge-triggered flip-flop clocked by core_clock)
Endpoint: _2715_ (rising edge-triggered flip-flop clocked by core_clock)
Path Group: core_clock
Path Type: max

Fanout     Cap    Slew   Delay    Time   Description
-----------------------------------------------------------------------------
                  0.00    0.00    0.00   clock core_clock (rise edge)
                          0.00    0.00   clock network delay (ideal)
                  0.00    0.00    0.00 ^ _2715_/CLK (sky130_fd_sc_hd__dfxtp_2)
     2    0.00    0.03    0.29    0.29 v _2715_/Q (sky130_fd_sc_hd__dfxtp_2)
                                         regfile.regfile[12][30] (net)
                  0.03    0.00    0.29 v _2452_/A (sky130_fd_sc_hd__buf_1)
     1    0.00    0.02    0.07    0.36 v _2452_/X (sky130_fd_sc_hd__buf_1)
                                         _1188_ (net)
                  0.02    0.00    0.36 v _2453_/A (sky130_fd_sc_hd__buf_1)
     1    0.00    0.02    0.07    0.43 v _2453_/X (sky130_fd_sc_hd__buf_1)
                                         _0069_ (net)
                  0.02    0.00    0.43 v _2715_/D (sky130_fd_sc_hd__dfxtp_2)
                                  0.43   data arrival time

                  0.00   10.00   10.00   clock core_clock (rise edge)
                          0.00   10.00   clock network delay (ideal)
                          0.00   10.00   clock reconvergence pessimism
                                 10.00 ^ _2715_/CLK (sky130_fd_sc_hd__dfxtp_2)
                         -0.11    9.89   library setup time
                                  9.89   data required time
-----------------------------------------------------------------------------
                                  9.89   data required time
                                 -0.43   data arrival time
-----------------------------------------------------------------------------
                                  9.45   slack (MET)


Startpoint: _2716_ (rising edge-triggered flip-flop clocked by core_clock)
Endpoint: _2716_ (rising edge-triggered flip-flop clocked by core_clock)
Path Group: core_clock
Path Type: max

Fanout     Cap    Slew   Delay    Time   Description
-----------------------------------------------------------------------------
                  0.00    0.00    0.00   clock core_clock (rise edge)
                          0.00    0.00   clock network delay (ideal)
                  0.00    0.00    0.00 ^ _2716_/CLK (sky130_fd_sc_hd__dfxtp_2)
     2    0.00    0.03    0.29    0.29 v _2716_/Q (sky130_fd_sc_hd__dfxtp_2)
                                         regfile.regfile[12][31] (net)
                  0.03    0.00    0.29 v _2454_/A (sky130_fd_sc_hd__buf_1)
     1    0.00    0.02    0.07    0.36 v _2454_/X (sky130_fd_sc_hd__buf_1)
                                         _1189_ (net)
                  0.02    0.00    0.36 v _2455_/A (sky130_fd_sc_hd__buf_1)
     1    0.00    0.02    0.07    0.43 v _2455_/X (sky130_fd_sc_hd__buf_1)
                                         _0070_ (net)
                  0.02    0.00    0.43 v _2716_/D (sky130_fd_sc_hd__dfxtp_2)
                                  0.43   data arrival time

                  0.00   10.00   10.00   clock core_clock (rise edge)
                          0.00   10.00   clock network delay (ideal)
                          0.00   10.00   clock reconvergence pessimism
                                 10.00 ^ _2716_/CLK (sky130_fd_sc_hd__dfxtp_2)
                         -0.11    9.89   library setup time
                                  9.89   data required time
-----------------------------------------------------------------------------
                                  9.89   data required time
                                 -0.43   data arrival time
-----------------------------------------------------------------------------
                                  9.45   slack (MET)


Startpoint: _2724_ (rising edge-triggered flip-flop clocked by core_clock)
Endpoint: _2724_ (rising edge-triggered flip-flop clocked by core_clock)
Path Group: core_clock
Path Type: max

Fanout     Cap    Slew   Delay    Time   Description
-----------------------------------------------------------------------------
                  0.00    0.00    0.00   clock core_clock (rise edge)
                          0.00    0.00   clock network delay (ideal)
                  0.00    0.00    0.00 ^ _2724_/CLK (sky130_fd_sc_hd__dfxtp_2)
     2    0.00    0.03    0.29    0.29 v _2724_/Q (sky130_fd_sc_hd__dfxtp_2)
                                         regfile.regfile[7][7] (net)
                  0.03    0.00    0.29 v _2470_/A (sky130_fd_sc_hd__buf_1)
     1    0.00    0.02    0.07    0.36 v _2470_/X (sky130_fd_sc_hd__buf_1)
                                         _1197_ (net)
                  0.02    0.00    0.36 v _2471_/A (sky130_fd_sc_hd__buf_1)
     1    0.00    0.02    0.07    0.43 v _2471_/X (sky130_fd_sc_hd__buf_1)
                                         _0078_ (net)
                  0.02    0.00    0.43 v _2724_/D (sky130_fd_sc_hd__dfxtp_2)
                                  0.43   data arrival time

                  0.00   10.00   10.00   clock core_clock (rise edge)
                          0.00   10.00   clock network delay (ideal)
                          0.00   10.00   clock reconvergence pessimism
                                 10.00 ^ _2724_/CLK (sky130_fd_sc_hd__dfxtp_2)
                         -0.11    9.89   library setup time
                                  9.89   data required time
-----------------------------------------------------------------------------
                                  9.89   data required time
                                 -0.43   data arrival time
-----------------------------------------------------------------------------
                                  9.45   slack (MET)


Startpoint: _2732_ (rising edge-triggered flip-flop clocked by core_clock)
Endpoint: _2732_ (rising edge-triggered flip-flop clocked by core_clock)
Path Group: core_clock
Path Type: max

Fanout     Cap    Slew   Delay    Time   Description
-----------------------------------------------------------------------------
                  0.00    0.00    0.00   clock core_clock (rise edge)
                          0.00    0.00   clock network delay (ideal)
                  0.00    0.00    0.00 ^ _2732_/CLK (sky130_fd_sc_hd__dfxtp_2)
     2    0.00    0.03    0.29    0.29 v _2732_/Q (sky130_fd_sc_hd__dfxtp_2)
                                         regfile.regfile[7][15] (net)
                  0.03    0.00    0.29 v _2486_/A (sky130_fd_sc_hd__buf_1)
     1    0.00    0.02    0.07    0.36 v _2486_/X (sky130_fd_sc_hd__buf_1)
                                         _1205_ (net)
                  0.02    0.00    0.36 v _2487_/A (sky130_fd_sc_hd__buf_1)
     1    0.00    0.02    0.07    0.43 v _2487_/X (sky130_fd_sc_hd__buf_1)
                                         _0086_ (net)
                  0.02    0.00    0.43 v _2732_/D (sky130_fd_sc_hd__dfxtp_2)
                                  0.43   data arrival time

                  0.00   10.00   10.00   clock core_clock (rise edge)
                          0.00   10.00   clock network delay (ideal)
                          0.00   10.00   clock reconvergence pessimism
                                 10.00 ^ _2732_/CLK (sky130_fd_sc_hd__dfxtp_2)
                         -0.11    9.89   library setup time
                                  9.89   data required time
-----------------------------------------------------------------------------
                                  9.89   data required time
                                 -0.43   data arrival time
-----------------------------------------------------------------------------
                                  9.45   slack (MET)


Startpoint: _2737_ (rising edge-triggered flip-flop clocked by core_clock)
Endpoint: _2737_ (rising edge-triggered flip-flop clocked by core_clock)
Path Group: core_clock
Path Type: max

Fanout     Cap    Slew   Delay    Time   Description
-----------------------------------------------------------------------------
                  0.00    0.00    0.00   clock core_clock (rise edge)
                          0.00    0.00   clock network delay (ideal)
                  0.00    0.00    0.00 ^ _2737_/CLK (sky130_fd_sc_hd__dfxtp_2)
     2    0.00    0.03    0.29    0.29 v _2737_/Q (sky130_fd_sc_hd__dfxtp_2)
                                         regfile.regfile[7][20] (net)
                  0.03    0.00    0.29 v _2496_/A (sky130_fd_sc_hd__buf_1)
     1    0.00    0.02    0.07    0.36 v _2496_/X (sky130_fd_sc_hd__buf_1)
                                         _1210_ (net)
                  0.02    0.00    0.36 v _2497_/A (sky130_fd_sc_hd__buf_1)
     1    0.00    0.02    0.07    0.43 v _2497_/X (sky130_fd_sc_hd__buf_1)
                                         _0091_ (net)
                  0.02    0.00    0.43 v _2737_/D (sky130_fd_sc_hd__dfxtp_2)
                                  0.43   data arrival time

                  0.00   10.00   10.00   clock core_clock (rise edge)
                          0.00   10.00   clock network delay (ideal)
                          0.00   10.00   clock reconvergence pessimism
                                 10.00 ^ _2737_/CLK (sky130_fd_sc_hd__dfxtp_2)
                         -0.11    9.89   library setup time
                                  9.89   data required time
-----------------------------------------------------------------------------
                                  9.89   data required time
                                 -0.43   data arrival time
-----------------------------------------------------------------------------
                                  9.45   slack (MET)


Startpoint: _2740_ (rising edge-triggered flip-flop clocked by core_clock)
Endpoint: _2740_ (rising edge-triggered flip-flop clocked by core_clock)
Path Group: core_clock
Path Type: max

Fanout     Cap    Slew   Delay    Time   Description
-----------------------------------------------------------------------------
                  0.00    0.00    0.00   clock core_clock (rise edge)
                          0.00    0.00   clock network delay (ideal)
                  0.00    0.00    0.00 ^ _2740_/CLK (sky130_fd_sc_hd__dfxtp_2)
     2    0.00    0.03    0.29    0.29 v _2740_/Q (sky130_fd_sc_hd__dfxtp_2)
                                         regfile.regfile[7][23] (net)
                  0.03    0.00    0.29 v _2502_/A (sky130_fd_sc_hd__buf_1)
     1    0.00    0.02    0.07    0.36 v _2502_/X (sky130_fd_sc_hd__buf_1)
                                         _1213_ (net)
                  0.02    0.00    0.36 v _2503_/A (sky130_fd_sc_hd__buf_1)
     1    0.00    0.02    0.07    0.43 v _2503_/X (sky130_fd_sc_hd__buf_1)
                                         _0094_ (net)
                  0.02    0.00    0.43 v _2740_/D (sky130_fd_sc_hd__dfxtp_2)
                                  0.43   data arrival time

                  0.00   10.00   10.00   clock core_clock (rise edge)
                          0.00   10.00   clock network delay (ideal)
                          0.00   10.00   clock reconvergence pessimism
                                 10.00 ^ _2740_/CLK (sky130_fd_sc_hd__dfxtp_2)
                         -0.11    9.89   library setup time
                                  9.89   data required time
-----------------------------------------------------------------------------
                                  9.89   data required time
                                 -0.43   data arrival time
-----------------------------------------------------------------------------
                                  9.45   slack (MET)


Startpoint: _2741_ (rising edge-triggered flip-flop clocked by core_clock)
Endpoint: _2741_ (rising edge-triggered flip-flop clocked by core_clock)
Path Group: core_clock
Path Type: max

Fanout     Cap    Slew   Delay    Time   Description
-----------------------------------------------------------------------------
                  0.00    0.00    0.00   clock core_clock (rise edge)
                          0.00    0.00   clock network delay (ideal)
                  0.00    0.00    0.00 ^ _2741_/CLK (sky130_fd_sc_hd__dfxtp_2)
     2    0.00    0.03    0.29    0.29 v _2741_/Q (sky130_fd_sc_hd__dfxtp_2)
                                         regfile.regfile[7][24] (net)
                  0.03    0.00    0.29 v _2504_/A (sky130_fd_sc_hd__buf_1)
     1    0.00    0.02    0.07    0.36 v _2504_/X (sky130_fd_sc_hd__buf_1)
                                         _1214_ (net)
                  0.02    0.00    0.36 v _2505_/A (sky130_fd_sc_hd__buf_1)
     1    0.00    0.02    0.07    0.43 v _2505_/X (sky130_fd_sc_hd__buf_1)
                                         _0095_ (net)
                  0.02    0.00    0.43 v _2741_/D (sky130_fd_sc_hd__dfxtp_2)
                                  0.43   data arrival time

                  0.00   10.00   10.00   clock core_clock (rise edge)
                          0.00   10.00   clock network delay (ideal)
                          0.00   10.00   clock reconvergence pessimism
                                 10.00 ^ _2741_/CLK (sky130_fd_sc_hd__dfxtp_2)
                         -0.11    9.89   library setup time
                                  9.89   data required time
-----------------------------------------------------------------------------
                                  9.89   data required time
                                 -0.43   data arrival time
-----------------------------------------------------------------------------
                                  9.45   slack (MET)


Startpoint: _2742_ (rising edge-triggered flip-flop clocked by core_clock)
Endpoint: _2742_ (rising edge-triggered flip-flop clocked by core_clock)
Path Group: core_clock
Path Type: max

Fanout     Cap    Slew   Delay    Time   Description
-----------------------------------------------------------------------------
                  0.00    0.00    0.00   clock core_clock (rise edge)
                          0.00    0.00   clock network delay (ideal)
                  0.00    0.00    0.00 ^ _2742_/CLK (sky130_fd_sc_hd__dfxtp_2)
     2    0.00    0.03    0.29    0.29 v _2742_/Q (sky130_fd_sc_hd__dfxtp_2)
                                         regfile.regfile[7][25] (net)
                  0.03    0.00    0.29 v _2506_/A (sky130_fd_sc_hd__buf_1)
     1    0.00    0.02    0.07    0.36 v _2506_/X (sky130_fd_sc_hd__buf_1)
                                         _1215_ (net)
                  0.02    0.00    0.36 v _2507_/A (sky130_fd_sc_hd__buf_1)
     1    0.00    0.02    0.07    0.43 v _2507_/X (sky130_fd_sc_hd__buf_1)
                                         _0096_ (net)
                  0.02    0.00    0.43 v _2742_/D (sky130_fd_sc_hd__dfxtp_2)
                                  0.43   data arrival time

                  0.00   10.00   10.00   clock core_clock (rise edge)
                          0.00   10.00   clock network delay (ideal)
                          0.00   10.00   clock reconvergence pessimism
                                 10.00 ^ _2742_/CLK (sky130_fd_sc_hd__dfxtp_2)
                         -0.11    9.89   library setup time
                                  9.89   data required time
-----------------------------------------------------------------------------
                                  9.89   data required time
                                 -0.43   data arrival time
-----------------------------------------------------------------------------
                                  9.45   slack (MET)


Startpoint: _2743_ (rising edge-triggered flip-flop clocked by core_clock)
Endpoint: _2743_ (rising edge-triggered flip-flop clocked by core_clock)
Path Group: core_clock
Path Type: max

Fanout     Cap    Slew   Delay    Time   Description
-----------------------------------------------------------------------------
                  0.00    0.00    0.00   clock core_clock (rise edge)
                          0.00    0.00   clock network delay (ideal)
                  0.00    0.00    0.00 ^ _2743_/CLK (sky130_fd_sc_hd__dfxtp_2)
     2    0.00    0.03    0.29    0.29 v _2743_/Q (sky130_fd_sc_hd__dfxtp_2)
                                         regfile.regfile[7][26] (net)
                  0.03    0.00    0.29 v _2508_/A (sky130_fd_sc_hd__buf_1)
     1    0.00    0.02    0.07    0.36 v _2508_/X (sky130_fd_sc_hd__buf_1)
                                         _1216_ (net)
                  0.02    0.00    0.36 v _2509_/A (sky130_fd_sc_hd__buf_1)
     1    0.00    0.02    0.07    0.43 v _2509_/X (sky130_fd_sc_hd__buf_1)
                                         _0097_ (net)
                  0.02    0.00    0.43 v _2743_/D (sky130_fd_sc_hd__dfxtp_2)
                                  0.43   data arrival time

                  0.00   10.00   10.00   clock core_clock (rise edge)
                          0.00   10.00   clock network delay (ideal)
                          0.00   10.00   clock reconvergence pessimism
                                 10.00 ^ _2743_/CLK (sky130_fd_sc_hd__dfxtp_2)
                         -0.11    9.89   library setup time
                                  9.89   data required time
-----------------------------------------------------------------------------
                                  9.89   data required time
                                 -0.43   data arrival time
-----------------------------------------------------------------------------
                                  9.45   slack (MET)


Startpoint: _2744_ (rising edge-triggered flip-flop clocked by core_clock)
Endpoint: _2744_ (rising edge-triggered flip-flop clocked by core_clock)
Path Group: core_clock
Path Type: max

Fanout     Cap    Slew   Delay    Time   Description
-----------------------------------------------------------------------------
                  0.00    0.00    0.00   clock core_clock (rise edge)
                          0.00    0.00   clock network delay (ideal)
                  0.00    0.00    0.00 ^ _2744_/CLK (sky130_fd_sc_hd__dfxtp_2)
     2    0.00    0.03    0.29    0.29 v _2744_/Q (sky130_fd_sc_hd__dfxtp_2)
                                         regfile.regfile[7][27] (net)
                  0.03    0.00    0.29 v _2510_/A (sky130_fd_sc_hd__buf_1)
     1    0.00    0.02    0.07    0.36 v _2510_/X (sky130_fd_sc_hd__buf_1)
                                         _1217_ (net)
                  0.02    0.00    0.36 v _2511_/A (sky130_fd_sc_hd__buf_1)
     1    0.00    0.02    0.07    0.43 v _2511_/X (sky130_fd_sc_hd__buf_1)
                                         _0098_ (net)
                  0.02    0.00    0.43 v _2744_/D (sky130_fd_sc_hd__dfxtp_2)
                                  0.43   data arrival time

                  0.00   10.00   10.00   clock core_clock (rise edge)
                          0.00   10.00   clock network delay (ideal)
                          0.00   10.00   clock reconvergence pessimism
                                 10.00 ^ _2744_/CLK (sky130_fd_sc_hd__dfxtp_2)
                         -0.11    9.89   library setup time
                                  9.89   data required time
-----------------------------------------------------------------------------
                                  9.89   data required time
                                 -0.43   data arrival time
-----------------------------------------------------------------------------
                                  9.45   slack (MET)


Startpoint: _2745_ (rising edge-triggered flip-flop clocked by core_clock)
Endpoint: _2745_ (rising edge-triggered flip-flop clocked by core_clock)
Path Group: core_clock
Path Type: max

Fanout     Cap    Slew   Delay    Time   Description
-----------------------------------------------------------------------------
                  0.00    0.00    0.00   clock core_clock (rise edge)
                          0.00    0.00   clock network delay (ideal)
                  0.00    0.00    0.00 ^ _2745_/CLK (sky130_fd_sc_hd__dfxtp_2)
     2    0.00    0.03    0.29    0.29 v _2745_/Q (sky130_fd_sc_hd__dfxtp_2)
                                         regfile.regfile[7][28] (net)
                  0.03    0.00    0.29 v _2512_/A (sky130_fd_sc_hd__buf_1)
     1    0.00    0.02    0.07    0.36 v _2512_/X (sky130_fd_sc_hd__buf_1)
                                         _1218_ (net)
                  0.02    0.00    0.36 v _2513_/A (sky130_fd_sc_hd__buf_1)
     1    0.00    0.02    0.07    0.43 v _2513_/X (sky130_fd_sc_hd__buf_1)
                                         _0099_ (net)
                  0.02    0.00    0.43 v _2745_/D (sky130_fd_sc_hd__dfxtp_2)
                                  0.43   data arrival time

                  0.00   10.00   10.00   clock core_clock (rise edge)
                          0.00   10.00   clock network delay (ideal)
                          0.00   10.00   clock reconvergence pessimism
                                 10.00 ^ _2745_/CLK (sky130_fd_sc_hd__dfxtp_2)
                         -0.11    9.89   library setup time
                                  9.89   data required time
-----------------------------------------------------------------------------
                                  9.89   data required time
                                 -0.43   data arrival time
-----------------------------------------------------------------------------
                                  9.45   slack (MET)


Startpoint: _2746_ (rising edge-triggered flip-flop clocked by core_clock)
Endpoint: _2746_ (rising edge-triggered flip-flop clocked by core_clock)
Path Group: core_clock
Path Type: max

Fanout     Cap    Slew   Delay    Time   Description
-----------------------------------------------------------------------------
                  0.00    0.00    0.00   clock core_clock (rise edge)
                          0.00    0.00   clock network delay (ideal)
                  0.00    0.00    0.00 ^ _2746_/CLK (sky130_fd_sc_hd__dfxtp_2)
     2    0.00    0.03    0.29    0.29 v _2746_/Q (sky130_fd_sc_hd__dfxtp_2)
                                         regfile.regfile[7][29] (net)
                  0.03    0.00    0.29 v _2514_/A (sky130_fd_sc_hd__buf_1)
     1    0.00    0.02    0.07    0.36 v _2514_/X (sky130_fd_sc_hd__buf_1)
                                         _1219_ (net)
                  0.02    0.00    0.36 v _2515_/A (sky130_fd_sc_hd__buf_1)
     1    0.00    0.02    0.07    0.43 v _2515_/X (sky130_fd_sc_hd__buf_1)
                                         _0100_ (net)
                  0.02    0.00    0.43 v _2746_/D (sky130_fd_sc_hd__dfxtp_2)
                                  0.43   data arrival time

                  0.00   10.00   10.00   clock core_clock (rise edge)
                          0.00   10.00   clock network delay (ideal)
                          0.00   10.00   clock reconvergence pessimism
                                 10.00 ^ _2746_/CLK (sky130_fd_sc_hd__dfxtp_2)
                         -0.11    9.89   library setup time
                                  9.89   data required time
-----------------------------------------------------------------------------
                                  9.89   data required time
                                 -0.43   data arrival time
-----------------------------------------------------------------------------
                                  9.45   slack (MET)


Startpoint: _2747_ (rising edge-triggered flip-flop clocked by core_clock)
Endpoint: _2747_ (rising edge-triggered flip-flop clocked by core_clock)
Path Group: core_clock
Path Type: max

Fanout     Cap    Slew   Delay    Time   Description
-----------------------------------------------------------------------------
                  0.00    0.00    0.00   clock core_clock (rise edge)
                          0.00    0.00   clock network delay (ideal)
                  0.00    0.00    0.00 ^ _2747_/CLK (sky130_fd_sc_hd__dfxtp_2)
     2    0.00    0.03    0.29    0.29 v _2747_/Q (sky130_fd_sc_hd__dfxtp_2)
                                         regfile.regfile[7][30] (net)
                  0.03    0.00    0.29 v _2516_/A (sky130_fd_sc_hd__buf_1)
     1    0.00    0.02    0.07    0.36 v _2516_/X (sky130_fd_sc_hd__buf_1)
                                         _1220_ (net)
                  0.02    0.00    0.36 v _2517_/A (sky130_fd_sc_hd__buf_1)
     1    0.00    0.02    0.07    0.43 v _2517_/X (sky130_fd_sc_hd__buf_1)
                                         _0101_ (net)
                  0.02    0.00    0.43 v _2747_/D (sky130_fd_sc_hd__dfxtp_2)
                                  0.43   data arrival time

                  0.00   10.00   10.00   clock core_clock (rise edge)
                          0.00   10.00   clock network delay (ideal)
                          0.00   10.00   clock reconvergence pessimism
                                 10.00 ^ _2747_/CLK (sky130_fd_sc_hd__dfxtp_2)
                         -0.11    9.89   library setup time
                                  9.89   data required time
-----------------------------------------------------------------------------
                                  9.89   data required time
                                 -0.43   data arrival time
-----------------------------------------------------------------------------
                                  9.45   slack (MET)


Startpoint: _2748_ (rising edge-triggered flip-flop clocked by core_clock)
Endpoint: _2748_ (rising edge-triggered flip-flop clocked by core_clock)
Path Group: core_clock
Path Type: max

Fanout     Cap    Slew   Delay    Time   Description
-----------------------------------------------------------------------------
                  0.00    0.00    0.00   clock core_clock (rise edge)
                          0.00    0.00   clock network delay (ideal)
                  0.00    0.00    0.00 ^ _2748_/CLK (sky130_fd_sc_hd__dfxtp_2)
     2    0.00    0.03    0.29    0.29 v _2748_/Q (sky130_fd_sc_hd__dfxtp_2)
                                         regfile.regfile[7][31] (net)
                  0.03    0.00    0.29 v _2518_/A (sky130_fd_sc_hd__buf_1)
     1    0.00    0.02    0.07    0.36 v _2518_/X (sky130_fd_sc_hd__buf_1)
                                         _1221_ (net)
                  0.02    0.00    0.36 v _2519_/A (sky130_fd_sc_hd__buf_1)
     1    0.00    0.02    0.07    0.43 v _2519_/X (sky130_fd_sc_hd__buf_1)
                                         _0102_ (net)
                  0.02    0.00    0.43 v _2748_/D (sky130_fd_sc_hd__dfxtp_2)
                                  0.43   data arrival time

                  0.00   10.00   10.00   clock core_clock (rise edge)
                          0.00   10.00   clock network delay (ideal)
                          0.00   10.00   clock reconvergence pessimism
                                 10.00 ^ _2748_/CLK (sky130_fd_sc_hd__dfxtp_2)
                         -0.11    9.89   library setup time
                                  9.89   data required time
-----------------------------------------------------------------------------
                                  9.89   data required time
                                 -0.43   data arrival time
-----------------------------------------------------------------------------
                                  9.45   slack (MET)


Startpoint: _2718_ (rising edge-triggered flip-flop clocked by core_clock)
Endpoint: _2718_ (rising edge-triggered flip-flop clocked by core_clock)
Path Group: core_clock
Path Type: max

Fanout     Cap    Slew   Delay    Time   Description
-----------------------------------------------------------------------------
                  0.00    0.00    0.00   clock core_clock (rise edge)
                          0.00    0.00   clock network delay (ideal)
                  0.00    0.00    0.00 ^ _2718_/CLK (sky130_fd_sc_hd__dfxtp_2)
     2    0.00    0.03    0.29    0.29 v _2718_/Q (sky130_fd_sc_hd__dfxtp_2)
                                         regfile.regfile[7][1] (net)
                  0.03    0.00    0.29 v _2458_/A (sky130_fd_sc_hd__buf_1)
     1    0.00    0.02    0.07    0.36 v _2458_/X (sky130_fd_sc_hd__buf_1)
                                         _1191_ (net)
                  0.02    0.00    0.36 v _2459_/A (sky130_fd_sc_hd__buf_1)
     1    0.00    0.02    0.07    0.43 v _2459_/X (sky130_fd_sc_hd__buf_1)
                                         _0072_ (net)
                  0.02    0.00    0.43 v _2718_/D (sky130_fd_sc_hd__dfxtp_2)
                                  0.43   data arrival time

                  0.00   10.00   10.00   clock core_clock (rise edge)
                          0.00   10.00   clock network delay (ideal)
                          0.00   10.00   clock reconvergence pessimism
                                 10.00 ^ _2718_/CLK (sky130_fd_sc_hd__dfxtp_2)
                         -0.11    9.89   library setup time
                                  9.89   data required time
-----------------------------------------------------------------------------
                                  9.89   data required time
                                 -0.43   data arrival time
-----------------------------------------------------------------------------
                                  9.45   slack (MET)


Startpoint: _2722_ (rising edge-triggered flip-flop clocked by core_clock)
Endpoint: _2722_ (rising edge-triggered flip-flop clocked by core_clock)
Path Group: core_clock
Path Type: max

Fanout     Cap    Slew   Delay    Time   Description
-----------------------------------------------------------------------------
                  0.00    0.00    0.00   clock core_clock (rise edge)
                          0.00    0.00   clock network delay (ideal)
                  0.00    0.00    0.00 ^ _2722_/CLK (sky130_fd_sc_hd__dfxtp_2)
     2    0.00    0.03    0.29    0.29 v _2722_/Q (sky130_fd_sc_hd__dfxtp_2)
                                         regfile.regfile[7][5] (net)
                  0.03    0.00    0.29 v _2466_/A (sky130_fd_sc_hd__buf_1)
     1    0.00    0.02    0.07    0.36 v _2466_/X (sky130_fd_sc_hd__buf_1)
                                         _1195_ (net)
                  0.02    0.00    0.36 v _2467_/A (sky130_fd_sc_hd__buf_1)
     1    0.00    0.02    0.07    0.43 v _2467_/X (sky130_fd_sc_hd__buf_1)
                                         _0076_ (net)
                  0.02    0.00    0.43 v _2722_/D (sky130_fd_sc_hd__dfxtp_2)
                                  0.43   data arrival time

                  0.00   10.00   10.00   clock core_clock (rise edge)
                          0.00   10.00   clock network delay (ideal)
                          0.00   10.00   clock reconvergence pessimism
                                 10.00 ^ _2722_/CLK (sky130_fd_sc_hd__dfxtp_2)
                         -0.11    9.89   library setup time
                                  9.89   data required time
-----------------------------------------------------------------------------
                                  9.89   data required time
                                 -0.43   data arrival time
-----------------------------------------------------------------------------
                                  9.45   slack (MET)


Startpoint: _2725_ (rising edge-triggered flip-flop clocked by core_clock)
Endpoint: _2725_ (rising edge-triggered flip-flop clocked by core_clock)
Path Group: core_clock
Path Type: max

Fanout     Cap    Slew   Delay    Time   Description
-----------------------------------------------------------------------------
                  0.00    0.00    0.00   clock core_clock (rise edge)
                          0.00    0.00   clock network delay (ideal)
                  0.00    0.00    0.00 ^ _2725_/CLK (sky130_fd_sc_hd__dfxtp_2)
     2    0.00    0.03    0.29    0.29 v _2725_/Q (sky130_fd_sc_hd__dfxtp_2)
                                         regfile.regfile[7][8] (net)
                  0.03    0.00    0.29 v _2472_/A (sky130_fd_sc_hd__buf_1)
     1    0.00    0.02    0.07    0.36 v _2472_/X (sky130_fd_sc_hd__buf_1)
                                         _1198_ (net)
                  0.02    0.00    0.36 v _2473_/A (sky130_fd_sc_hd__buf_1)
     1    0.00    0.02    0.07    0.43 v _2473_/X (sky130_fd_sc_hd__buf_1)
                                         _0079_ (net)
                  0.02    0.00    0.43 v _2725_/D (sky130_fd_sc_hd__dfxtp_2)
                                  0.43   data arrival time

                  0.00   10.00   10.00   clock core_clock (rise edge)
                          0.00   10.00   clock network delay (ideal)
                          0.00   10.00   clock reconvergence pessimism
                                 10.00 ^ _2725_/CLK (sky130_fd_sc_hd__dfxtp_2)
                         -0.11    9.89   library setup time
                                  9.89   data required time
-----------------------------------------------------------------------------
                                  9.89   data required time
                                 -0.43   data arrival time
-----------------------------------------------------------------------------
                                  9.45   slack (MET)


Startpoint: _2726_ (rising edge-triggered flip-flop clocked by core_clock)
Endpoint: _2726_ (rising edge-triggered flip-flop clocked by core_clock)
Path Group: core_clock
Path Type: max

Fanout     Cap    Slew   Delay    Time   Description
-----------------------------------------------------------------------------
                  0.00    0.00    0.00   clock core_clock (rise edge)
                          0.00    0.00   clock network delay (ideal)
                  0.00    0.00    0.00 ^ _2726_/CLK (sky130_fd_sc_hd__dfxtp_2)
     2    0.00    0.03    0.29    0.29 v _2726_/Q (sky130_fd_sc_hd__dfxtp_2)
                                         regfile.regfile[7][9] (net)
                  0.03    0.00    0.29 v _2474_/A (sky130_fd_sc_hd__buf_1)
     1    0.00    0.02    0.07    0.36 v _2474_/X (sky130_fd_sc_hd__buf_1)
                                         _1199_ (net)
                  0.02    0.00    0.36 v _2475_/A (sky130_fd_sc_hd__buf_1)
     1    0.00    0.02    0.07    0.43 v _2475_/X (sky130_fd_sc_hd__buf_1)
                                         _0080_ (net)
                  0.02    0.00    0.43 v _2726_/D (sky130_fd_sc_hd__dfxtp_2)
                                  0.43   data arrival time

                  0.00   10.00   10.00   clock core_clock (rise edge)
                          0.00   10.00   clock network delay (ideal)
                          0.00   10.00   clock reconvergence pessimism
                                 10.00 ^ _2726_/CLK (sky130_fd_sc_hd__dfxtp_2)
                         -0.11    9.89   library setup time
                                  9.89   data required time
-----------------------------------------------------------------------------
                                  9.89   data required time
                                 -0.43   data arrival time
-----------------------------------------------------------------------------
                                  9.45   slack (MET)


Startpoint: _2727_ (rising edge-triggered flip-flop clocked by core_clock)
Endpoint: _2727_ (rising edge-triggered flip-flop clocked by core_clock)
Path Group: core_clock
Path Type: max

Fanout     Cap    Slew   Delay    Time   Description
-----------------------------------------------------------------------------
                  0.00    0.00    0.00   clock core_clock (rise edge)
                          0.00    0.00   clock network delay (ideal)
                  0.00    0.00    0.00 ^ _2727_/CLK (sky130_fd_sc_hd__dfxtp_2)
     2    0.00    0.03    0.29    0.29 v _2727_/Q (sky130_fd_sc_hd__dfxtp_2)
                                         regfile.regfile[7][10] (net)
                  0.03    0.00    0.29 v _2476_/A (sky130_fd_sc_hd__buf_1)
     1    0.00    0.02    0.07    0.36 v _2476_/X (sky130_fd_sc_hd__buf_1)
                                         _1200_ (net)
                  0.02    0.00    0.36 v _2477_/A (sky130_fd_sc_hd__buf_1)
     1    0.00    0.02    0.07    0.43 v _2477_/X (sky130_fd_sc_hd__buf_1)
                                         _0081_ (net)
                  0.02    0.00    0.43 v _2727_/D (sky130_fd_sc_hd__dfxtp_2)
                                  0.43   data arrival time

                  0.00   10.00   10.00   clock core_clock (rise edge)
                          0.00   10.00   clock network delay (ideal)
                          0.00   10.00   clock reconvergence pessimism
                                 10.00 ^ _2727_/CLK (sky130_fd_sc_hd__dfxtp_2)
                         -0.11    9.89   library setup time
                                  9.89   data required time
-----------------------------------------------------------------------------
                                  9.89   data required time
                                 -0.43   data arrival time
-----------------------------------------------------------------------------
                                  9.45   slack (MET)


Startpoint: _2728_ (rising edge-triggered flip-flop clocked by core_clock)
Endpoint: _2728_ (rising edge-triggered flip-flop clocked by core_clock)
Path Group: core_clock
Path Type: max

Fanout     Cap    Slew   Delay    Time   Description
-----------------------------------------------------------------------------
                  0.00    0.00    0.00   clock core_clock (rise edge)
                          0.00    0.00   clock network delay (ideal)
                  0.00    0.00    0.00 ^ _2728_/CLK (sky130_fd_sc_hd__dfxtp_2)
     2    0.00    0.03    0.29    0.29 v _2728_/Q (sky130_fd_sc_hd__dfxtp_2)
                                         regfile.regfile[7][11] (net)
                  0.03    0.00    0.29 v _2478_/A (sky130_fd_sc_hd__buf_1)
     1    0.00    0.02    0.07    0.36 v _2478_/X (sky130_fd_sc_hd__buf_1)
                                         _1201_ (net)
                  0.02    0.00    0.36 v _2479_/A (sky130_fd_sc_hd__buf_1)
     1    0.00    0.02    0.07    0.43 v _2479_/X (sky130_fd_sc_hd__buf_1)
                                         _0082_ (net)
                  0.02    0.00    0.43 v _2728_/D (sky130_fd_sc_hd__dfxtp_2)
                                  0.43   data arrival time

                  0.00   10.00   10.00   clock core_clock (rise edge)
                          0.00   10.00   clock network delay (ideal)
                          0.00   10.00   clock reconvergence pessimism
                                 10.00 ^ _2728_/CLK (sky130_fd_sc_hd__dfxtp_2)
                         -0.11    9.89   library setup time
                                  9.89   data required time
-----------------------------------------------------------------------------
                                  9.89   data required time
                                 -0.43   data arrival time
-----------------------------------------------------------------------------
                                  9.45   slack (MET)


Startpoint: _2729_ (rising edge-triggered flip-flop clocked by core_clock)
Endpoint: _2729_ (rising edge-triggered flip-flop clocked by core_clock)
Path Group: core_clock
Path Type: max

Fanout     Cap    Slew   Delay    Time   Description
-----------------------------------------------------------------------------
                  0.00    0.00    0.00   clock core_clock (rise edge)
                          0.00    0.00   clock network delay (ideal)
                  0.00    0.00    0.00 ^ _2729_/CLK (sky130_fd_sc_hd__dfxtp_2)
     2    0.00    0.03    0.29    0.29 v _2729_/Q (sky130_fd_sc_hd__dfxtp_2)
                                         regfile.regfile[7][12] (net)
                  0.03    0.00    0.29 v _2480_/A (sky130_fd_sc_hd__buf_1)
     1    0.00    0.02    0.07    0.36 v _2480_/X (sky130_fd_sc_hd__buf_1)
                                         _1202_ (net)
                  0.02    0.00    0.36 v _2481_/A (sky130_fd_sc_hd__buf_1)
     1    0.00    0.02    0.07    0.43 v _2481_/X (sky130_fd_sc_hd__buf_1)
                                         _0083_ (net)
                  0.02    0.00    0.43 v _2729_/D (sky130_fd_sc_hd__dfxtp_2)
                                  0.43   data arrival time

                  0.00   10.00   10.00   clock core_clock (rise edge)
                          0.00   10.00   clock network delay (ideal)
                          0.00   10.00   clock reconvergence pessimism
                                 10.00 ^ _2729_/CLK (sky130_fd_sc_hd__dfxtp_2)
                         -0.11    9.89   library setup time
                                  9.89   data required time
-----------------------------------------------------------------------------
                                  9.89   data required time
                                 -0.43   data arrival time
-----------------------------------------------------------------------------
                                  9.45   slack (MET)


Startpoint: _2733_ (rising edge-triggered flip-flop clocked by core_clock)
Endpoint: _2733_ (rising edge-triggered flip-flop clocked by core_clock)
Path Group: core_clock
Path Type: max

Fanout     Cap    Slew   Delay    Time   Description
-----------------------------------------------------------------------------
                  0.00    0.00    0.00   clock core_clock (rise edge)
                          0.00    0.00   clock network delay (ideal)
                  0.00    0.00    0.00 ^ _2733_/CLK (sky130_fd_sc_hd__dfxtp_2)
     2    0.00    0.03    0.29    0.29 v _2733_/Q (sky130_fd_sc_hd__dfxtp_2)
                                         regfile.regfile[7][16] (net)
                  0.03    0.00    0.29 v _2488_/A (sky130_fd_sc_hd__buf_1)
     1    0.00    0.02    0.07    0.36 v _2488_/X (sky130_fd_sc_hd__buf_1)
                                         _1206_ (net)
                  0.02    0.00    0.36 v _2489_/A (sky130_fd_sc_hd__buf_1)
     1    0.00    0.02    0.07    0.43 v _2489_/X (sky130_fd_sc_hd__buf_1)
                                         _0087_ (net)
                  0.02    0.00    0.43 v _2733_/D (sky130_fd_sc_hd__dfxtp_2)
                                  0.43   data arrival time

                  0.00   10.00   10.00   clock core_clock (rise edge)
                          0.00   10.00   clock network delay (ideal)
                          0.00   10.00   clock reconvergence pessimism
                                 10.00 ^ _2733_/CLK (sky130_fd_sc_hd__dfxtp_2)
                         -0.11    9.89   library setup time
                                  9.89   data required time
-----------------------------------------------------------------------------
                                  9.89   data required time
                                 -0.43   data arrival time
-----------------------------------------------------------------------------
                                  9.45   slack (MET)



worst slack corner Typical: 2.5179
max_report_end
checks_report

===========================================================================
report_checks -unconstrained
===========================================================================
======================= Typical Corner ===================================

Startpoint: _2816_ (rising edge-triggered flip-flop clocked by core_clock)
Endpoint: _2812_ (rising edge-triggered flip-flop clocked by core_clock)
Path Group: core_clock
Path Type: max

Fanout     Cap    Slew   Delay    Time   Description
-----------------------------------------------------------------------------
                  0.00    0.00    0.00   clock core_clock (rise edge)
                          0.00    0.00   clock network delay (ideal)
                  0.00    0.00    0.00 ^ _2816_/CLK (sky130_fd_sc_hd__dfrtp_2)
     7    0.02    0.07    0.41    0.41 v _2816_/Q (sky130_fd_sc_hd__dfrtp_2)
                                         imem.pc[3] (net)
                  0.07    0.00    0.41 v _1412_/A (sky130_fd_sc_hd__or3_2)
     8    0.01    0.12    0.54    0.95 v _1412_/X (sky130_fd_sc_hd__or3_2)
                                         _0219_ (net)
                  0.12    0.00    0.95 v _1413_/B (sky130_fd_sc_hd__or2_2)
     5    0.01    0.08    0.32    1.27 v _1413_/X (sky130_fd_sc_hd__or2_2)
                                         _0220_ (net)
                  0.08    0.00    1.27 v _1427_/A (sky130_fd_sc_hd__buf_1)
    10    0.02    0.12    0.17    1.44 v _1427_/X (sky130_fd_sc_hd__buf_1)
                                         _0234_ (net)
                  0.12    0.00    1.44 v _1448_/A2 (sky130_fd_sc_hd__a21o_2)
     1    0.00    0.03    0.23    1.67 v _1448_/X (sky130_fd_sc_hd__a21o_2)
                                         _0255_ (net)
                  0.03    0.00    1.67 v _1452_/A2 (sky130_fd_sc_hd__a31o_2)
     3    0.00    0.04    0.22    1.90 v _1452_/X (sky130_fd_sc_hd__a31o_2)
                                         _0259_ (net)
                  0.04    0.00    1.90 v _1469_/A (sky130_fd_sc_hd__or4_2)
     2    0.00    0.10    0.65    2.55 v _1469_/X (sky130_fd_sc_hd__or4_2)
                                         _0276_ (net)
                  0.10    0.00    2.55 v _1932_/A (sky130_fd_sc_hd__or4_2)
     1    0.00    0.09    0.66    3.21 v _1932_/X (sky130_fd_sc_hd__or4_2)
                                         _0698_ (net)
                  0.09    0.00    3.21 v _1933_/A (sky130_fd_sc_hd__buf_1)
     8    0.02    0.13    0.20    3.40 v _1933_/X (sky130_fd_sc_hd__buf_1)
                                         _0699_ (net)
                  0.13    0.00    3.40 v _1968_/A2 (sky130_fd_sc_hd__a211o_2)
     2    0.00    0.05    0.36    3.76 v _1968_/X (sky130_fd_sc_hd__a211o_2)
                                         _0734_ (net)
                  0.05    0.00    3.76 v _1969_/C (sky130_fd_sc_hd__and3_2)
     3    0.01    0.04    0.21    3.97 v _1969_/X (sky130_fd_sc_hd__and3_2)
                                         _0735_ (net)
                  0.04    0.00    3.97 v _2017_/C (sky130_fd_sc_hd__or4b_2)
     2    0.00    0.10    0.60    4.57 v _2017_/X (sky130_fd_sc_hd__or4b_2)
                                         _0783_ (net)
                  0.10    0.00    4.57 v _2019_/C (sky130_fd_sc_hd__or4b_2)
     1    0.00    0.10    0.61    5.18 v _2019_/X (sky130_fd_sc_hd__or4b_2)
                                         _0785_ (net)
                  0.10    0.00    5.18 v _2020_/C1 (sky130_fd_sc_hd__a211o_2)
     4    0.01    0.08    0.32    5.50 v _2020_/X (sky130_fd_sc_hd__a211o_2)
                                         _0786_ (net)
                  0.08    0.00    5.50 v _2265_/A1 (sky130_fd_sc_hd__a2111o_2)
     2    0.00    0.07    0.42    5.93 v _2265_/X (sky130_fd_sc_hd__a2111o_2)
                                         _1031_ (net)
                  0.07    0.00    5.93 v _2300_/A1 (sky130_fd_sc_hd__a211o_2)
     5    0.01    0.08    0.33    6.26 v _2300_/X (sky130_fd_sc_hd__a211o_2)
                                         _1066_ (net)
                  0.08    0.00    6.26 v _2357_/A1 (sky130_fd_sc_hd__a311o_2)
     3    0.01    0.07    0.35    6.61 v _2357_/X (sky130_fd_sc_hd__a311o_2)
                                         _1123_ (net)
                  0.07    0.00    6.61 v _2372_/A1 (sky130_fd_sc_hd__a21oi_2)
     3    0.01    0.18    0.20    6.80 ^ _2372_/Y (sky130_fd_sc_hd__a21oi_2)
                                         _1138_ (net)
                  0.18    0.00    6.80 ^ _2384_/A2 (sky130_fd_sc_hd__o21ai_2)
     1    0.00    0.04    0.06    6.86 v _2384_/Y (sky130_fd_sc_hd__o21ai_2)
                                         _1150_ (net)
                  0.04    0.00    6.86 v _2391_/A1 (sky130_fd_sc_hd__a21bo_2)
     1    0.00    0.03    0.18    7.04 v _2391_/X (sky130_fd_sc_hd__a21bo_2)
                                         _1157_ (net)
                  0.03    0.00    7.04 v _2650_/A0 (sky130_fd_sc_hd__mux2_2)
     1    0.00    0.05    0.24    7.29 v _2650_/X (sky130_fd_sc_hd__mux2_2)
                                         _1289_ (net)
                  0.05    0.00    7.29 v _1322_/A (sky130_fd_sc_hd__buf_1)
     1    0.00    0.02    0.08    7.37 v _1322_/X (sky130_fd_sc_hd__buf_1)
                                         _0166_ (net)
                  0.02    0.00    7.37 v _2812_/D (sky130_fd_sc_hd__dfxtp_2)
                                  7.37   data arrival time

                  0.00   10.00   10.00   clock core_clock (rise edge)
                          0.00   10.00   clock network delay (ideal)
                          0.00   10.00   clock reconvergence pessimism
                                 10.00 ^ _2812_/CLK (sky130_fd_sc_hd__dfxtp_2)
                         -0.11    9.89   library setup time
                                  9.89   data required time
-----------------------------------------------------------------------------
                                  9.89   data required time
                                 -7.37   data arrival time
-----------------------------------------------------------------------------
                                  2.52   slack (MET)




===========================================================================
report_checks --slack_max -0.01
============================================================================
======================= Typical Corner ===================================

No paths found.


===========================================================================
 report_check_types -max_slew -max_cap -max_fanout -violators
============================================================================
======================= Typical Corner ===================================


max slew violations count Typical: 0
max fanout violations count Typical: 0
max cap violations count Typical: 0

===========================================================================
report_parasitic_annotation -report_unannotated
============================================================================
Found 1546 unannotated drivers.
 clk
 control
 reset
 _1322_/X
 _1323_/Y
 _1324_/Y
 _1325_/Y
 _1326_/Y
 _1327_/Y
 _1328_/X
 _1329_/X
 _1330_/X
 _1331_/X
 _1332_/X
 _1333_/X
 _1334_/X
 _1335_/X
 _1336_/X
 _1337_/X
 _1338_/X
 _1339_/X
 _1340_/X
 _1341_/X
 _1342_/X
 _1343_/X
 _1344_/X
 _1345_/X
 _1346_/X
 _1347_/X
 _1348_/X
 _1349_/X
 _1350_/X
 _1351_/X
 _1352_/X
 _1353_/X
 _1354_/X
 _1355_/X
 _1356_/X
 _1357_/X
 _1358_/X
 _1359_/X
 _1360_/X
 _1361_/X
 _1362_/X
 _1363_/X
 _1364_/X
 _1365_/X
 _1366_/X
 _1367_/X
 _1368_/X
 _1369_/X
 _1370_/X
 _1371_/X
 _1372_/X
 _1373_/X
 _1374_/X
 _1375_/X
 _1376_/X
 _1377_/X
 _1378_/X
 _1379_/X
 _1380_/X
 _1381_/X
 _1382_/X
 _1383_/X
 _1384_/X
 _1385_/X
 _1386_/X
 _1387_/X
 _1388_/X
 _1389_/X
 _1390_/X
 _1391_/X
 _1392_/X
 _1393_/X
 _1394_/Y
 _1395_/Y
 _1396_/X
 _1397_/X
 _1398_/X
 _1399_/Y
 _1400_/Y
 _1401_/Y
 _1402_/Y
 _1403_/X
 _1404_/Y
 _1405_/X
 _1406_/X
 _1407_/Y
 _1408_/Y
 _1409_/X
 _1410_/Y
 _1411_/Y
 _1412_/X
 _1413_/X
 _1414_/X
 _1415_/X
 _1416_/Y
 _1417_/X
 _1418_/X
 _1419_/X
 _1420_/X
 _1421_/X
 _1422_/X
 _1423_/X
 _1424_/X
 _1425_/X
 _1426_/X
 _1427_/X
 _1428_/X
 _1429_/X
 _1430_/X
 _1431_/X
 _1432_/Y
 _1433_/X
 _1434_/X
 _1435_/Y
 _1436_/X
 _1437_/X
 _1438_/X
 _1439_/Y
 _1440_/X
 _1441_/X
 _1442_/X
 _1443_/X
 _1444_/X
 _1445_/X
 _1446_/X
 _1447_/Y
 _1448_/X
 _1449_/X
 _1450_/X
 _1451_/X
 _1452_/X
 _1453_/X
 _1454_/X
 _1455_/X
 _1456_/X
 _1457_/X
 _1458_/X
 _1459_/X
 _1460_/X
 _1461_/X
 _1462_/X
 _1463_/X
 _1464_/X
 _1465_/X
 _1466_/X
 _1467_/X
 _1468_/X
 _1469_/X
 _1470_/X
 _1471_/X
 _1472_/X
 _1473_/Y
 _1474_/Y
 _1475_/X
 _1476_/Y
 _1477_/Y
 _1478_/X
 _1479_/X
 _1480_/X
 _1481_/X
 _1482_/X
 _1483_/Y
 _1484_/X
 _1485_/X
 _1486_/X
 _1487_/X
 _1488_/Y
 _1489_/X
 _1490_/Y
 _1491_/X
 _1492_/X
 _1493_/Y
 _1494_/X
 _1495_/X
 _1496_/X
 _1497_/X
 _1498_/X
 _1499_/X
 _1500_/X
 _1501_/X
 _1502_/X
 _1503_/X
 _1504_/X
 _1505_/X
 _1506_/Y
 _1507_/X
 _1508_/X
 _1509_/X
 _1510_/Y
 _1511_/X
 _1512_/X
 _1513_/X
 _1514_/Y
 _1515_/X
 _1516_/X
 _1517_/X
 _1518_/X
 _1519_/X
 _1520_/X
 _1521_/X
 _1522_/X
 _1523_/X
 _1524_/X
 _1525_/X
 _1526_/X
 _1527_/X
 _1528_/X
 _1529_/X
 _1530_/X
 _1531_/X
 _1532_/Y
 _1533_/X
 _1534_/X
 _1535_/X
 _1536_/X
 _1537_/X
 _1538_/X
 _1539_/X
 _1540_/Y
 _1541_/X
 _1542_/X
 _1543_/X
 _1544_/X
 _1545_/X
 _1546_/X
 _1547_/X
 _1548_/X
 _1549_/X
 _1550_/X
 _1551_/X
 _1552_/X
 _1553_/X
 _1554_/X
 _1555_/X
 _1556_/X
 _1557_/X
 _1558_/X
 _1559_/X
 _1560_/X
 _1561_/X
 _1562_/X
 _1563_/X
 _1564_/X
 _1565_/X
 _1566_/X
 _1567_/X
 _1568_/X
 _1569_/X
 _1570_/X
 _1571_/X
 _1572_/Y
 _1573_/X
 _1574_/X
 _1575_/X
 _1576_/X
 _1577_/X
 _1578_/X
 _1579_/X
 _1580_/X
 _1581_/X
 _1582_/X
 _1583_/X
 _1584_/X
 _1585_/X
 _1586_/X
 _1587_/Y
 _1588_/X
 _1589_/X
 _1590_/X
 _1591_/X
 _1592_/X
 _1593_/X
 _1594_/X
 _1595_/Y
 _1596_/X
 _1597_/X
 _1598_/X
 _1599_/X
 _1600_/X
 _1601_/X
 _1602_/X
 _1603_/Y
 _1604_/X
 _1605_/X
 _1606_/X
 _1607_/Y
 _1608_/X
 _1609_/X
 _1610_/X
 _1611_/X
 _1612_/X
 _1613_/Y
 _1614_/X
 _1615_/X
 _1616_/X
 _1617_/X
 _1618_/X
 _1619_/Y
 _1620_/Y
 _1621_/X
 _1622_/Y
 _1623_/X
 _1624_/X
 _1625_/X
 _1626_/X
 _1627_/X
 _1628_/X
 _1629_/X
 _1630_/Y
 _1631_/Y
 _1632_/X
 _1633_/Y
 _1634_/X
 _1635_/X
 _1636_/Y
 _1637_/X
 _1638_/X
 _1639_/Y
 _1640_/Y
 _1641_/X
 _1642_/X
 _1643_/X
 _1644_/X
 _1645_/X
 _1646_/Y
 _1647_/X
 _1648_/X
 _1649_/X
 _1650_/X
 _1651_/X
 _1652_/X
 _1653_/X
 _1654_/X
 _1655_/X
 _1656_/Y
 _1657_/X
 _1658_/Y
 _1659_/Y
 _1660_/X
 _1661_/Y
 _1662_/X
 _1663_/X
 _1664_/X
 _1665_/X
 _1666_/X
 _1667_/X
 _1668_/X
 _1669_/X
 _1670_/X
 _1671_/Y
 _1672_/Y
 _1673_/X
 _1674_/X
 _1675_/X
 _1676_/Y
 _1677_/X
 _1678_/X
 _1679_/X
 _1680_/X
 _1681_/Y
 _1682_/X
 _1683_/X
 _1684_/X
 _1685_/X
 _1686_/Y
 _1687_/X
 _1688_/Y
 _1689_/X
 _1690_/X
 _1691_/X
 _1692_/X
 _1693_/X
 _1694_/X
 _1695_/X
 _1696_/Y
 _1697_/X
 _1698_/X
 _1699_/X
 _1700_/Y
 _1701_/Y
 _1702_/X
 _1703_/Y
 _1704_/Y
 _1705_/X
 _1706_/Y
 _1707_/X
 _1708_/Y
 _1709_/X
 _1710_/X
 _1711_/X
 _1712_/X
 _1713_/X
 _1714_/X
 _1715_/X
 _1716_/Y
 _1717_/Y
 _1718_/Y
 _1719_/Y
 _1720_/X
 _1721_/Y
 _1722_/X
 _1723_/X
 _1724_/Y
 _1725_/Y
 _1726_/X
 _1727_/Y
 _1728_/X
 _1729_/X
 _1730_/X
 _1731_/X
 _1732_/Y
 _1733_/X
 _1734_/Y
 _1735_/X
 _1736_/X
 _1737_/X
 _1738_/Y
 _1739_/Y
 _1740_/X
 _1741_/X
 _1742_/X
 _1743_/Y
 _1744_/X
 _1745_/X
 _1746_/X
 _1747_/Y
 _1748_/Y
 _1749_/Y
 _1750_/Y
 _1751_/Y
 _1752_/Y
 _1753_/Y
 _1754_/Y
 _1755_/X
 _1756_/X
 _1757_/X
 _1758_/X
 _1759_/X
 _1760_/X
 _1761_/X
 _1762_/X
 _1763_/X
 _1764_/X
 _1765_/X
 _1766_/X
 _1767_/X
 _1768_/X
 _1769_/X
 _1770_/X
 _1771_/X
 _1772_/X
 _1773_/X
 _1774_/X
 _1775_/X
 _1776_/X
 _1777_/X
 _1778_/X
 _1779_/X
 _1780_/X
 _1781_/X
 _1782_/X
 _1783_/X
 _1784_/X
 _1785_/X
 _1786_/X
 _1787_/X
 _1788_/X
 _1789_/X
 _1790_/X
 _1791_/X
 _1792_/X
 _1793_/X
 _1794_/X
 _1795_/X
 _1796_/X
 _1797_/X
 _1798_/X
 _1799_/X
 _1800_/X
 _1801_/X
 _1802_/X
 _1803_/X
 _1804_/X
 _1805_/X
 _1806_/X
 _1807_/X
 _1808_/X
 _1809_/X
 _1810_/X
 _1811_/X
 _1812_/X
 _1813_/X
 _1814_/X
 _1815_/X
 _1816_/X
 _1817_/X
 _1818_/X
 _1819_/X
 _1820_/X
 _1821_/X
 _1822_/X
 _1823_/X
 _1824_/X
 _1825_/X
 _1826_/X
 _1827_/X
 _1828_/X
 _1829_/X
 _1830_/X
 _1831_/Y
 _1832_/X
 _1833_/X
 _1834_/X
 _1835_/X
 _1836_/Y
 _1837_/X
 _1838_/X
 _1839_/Y
 _1840_/X
 _1841_/Y
 _1842_/Y
 _1843_/Y
 _1844_/X
 _1845_/Y
 _1846_/X
 _1847_/Y
 _1848_/X
 _1849_/X
 _1850_/X
 _1851_/X
 _1852_/X
 _1853_/Y
 _1854_/X
 _1855_/X
 _1856_/X
 _1857_/X
 _1858_/X
 _1859_/X
 _1860_/X
 _1861_/Y
 _1862_/X
 _1863_/Y
 _1864_/X
 _1865_/Y
 _1866_/Y
 _1867_/Y
 _1868_/Y
 _1869_/X
 _1870_/X
 _1871_/X
 _1872_/X
 _1873_/X
 _1874_/Y
 _1875_/X
 _1876_/X
 _1877_/X
 _1878_/X
 _1879_/X
 _1880_/X
 _1881_/Y
 _1882_/X
 _1883_/X
 _1884_/Y
 _1885_/X
 _1886_/X
 _1887_/X
 _1888_/X
 _1889_/X
 _1890_/X
 _1891_/X
 _1892_/X
 _1893_/X
 _1894_/Y
 _1895_/X
 _1896_/X
 _1897_/Y
 _1898_/Y
 _1899_/Y
 _1900_/Y
 _1901_/X
 _1902_/Y
 _1903_/X
 _1904_/X
 _1905_/X
 _1906_/X
 _1907_/Y
 _1908_/X
 _1909_/Y
 _1910_/X
 _1911_/X
 _1912_/X
 _1913_/X
 _1914_/Y
 _1915_/X
 _1916_/Y
 _1917_/X
 _1918_/X
 _1919_/X
 _1920_/X
 _1921_/Y
 _1922_/X
 _1923_/Y
 _1924_/Y
 _1925_/Y
 _1926_/X
 _1927_/Y
 _1928_/X
 _1929_/X
 _1930_/Y
 _1931_/X
 _1932_/X
 _1933_/X
 _1934_/X
 _1935_/X
 _1936_/X
 _1937_/X
 _1938_/X
 _1939_/Y
 _1940_/X
 _1941_/Y
 _1942_/X
 _1943_/X
 _1944_/X
 _1945_/X
 _1946_/Y
 _1947_/X
 _1948_/X
 _1949_/X
 _1950_/Y
 _1951_/X
 _1952_/X
 _1953_/X
 _1954_/X
 _1955_/Y
 _1956_/X
 _1957_/X
 _1958_/X
 _1959_/X
 _1960_/Y
 _1961_/X
 _1962_/X
 _1963_/X
 _1964_/X
 _1965_/X
 _1966_/Y
 _1967_/X
 _1968_/X
 _1969_/X
 _1970_/X
 _1971_/X
 _1972_/X
 _1973_/X
 _1974_/X
 _1975_/Y
 _1976_/X
 _1977_/X
 _1978_/X
 _1979_/Y
 _1980_/Y
 _1981_/Y
 _1982_/X
 _1983_/X
 _1984_/Y
 _1985_/Y
 _1986_/X
 _1987_/X
 _1988_/X
 _1989_/X
 _1990_/Y
 _1991_/X
 _1992_/X
 _1993_/X
 _1994_/X
 _1995_/Y
 _1996_/X
 _1997_/X
 _1998_/X
 _1999_/X
 _2000_/X
 _2001_/X
 _2002_/X
 _2003_/Y
 _2004_/X
 _2005_/X
 _2006_/X
 _2007_/X
 _2008_/Y
 _2009_/X
 _2010_/Y
 _2011_/X
 _2012_/X
 _2013_/X
 _2014_/X
 _2015_/Y
 _2016_/X
 _2017_/X
 _2018_/Y
 _2019_/X
 _2020_/X
 _2021_/X
 _2022_/X
 _2023_/X
 _2024_/X
 _2025_/Y
 _2026_/X
 _2027_/X
 _2028_/X
 _2029_/X
 _2030_/X
 _2031_/Y
 _2032_/Y
 _2033_/Y
 _2034_/X
 _2035_/Y
 _2036_/Y
 _2037_/Y
 _2038_/X
 _2039_/X
 _2040_/X
 _2041_/Y
 _2042_/X
 _2043_/X
 _2044_/X
 _2045_/Y
 _2046_/X
 _2047_/X
 _2048_/X
 _2049_/X
 _2050_/X
 _2051_/X
 _2052_/X
 _2053_/X
 _2054_/X
 _2055_/X
 _2056_/X
 _2057_/Y
 _2058_/X
 _2059_/X
 _2060_/Y
 _2061_/Y
 _2062_/Y
 _2063_/X
 _2064_/X
 _2065_/Y
 _2066_/X
 _2067_/Y
 _2068_/X
 _2069_/Y
 _2070_/Y
 _2071_/X
 _2072_/Y
 _2073_/X
 _2074_/X
 _2075_/X
 _2076_/X
 _2077_/Y
 _2078_/X
 _2079_/Y
 _2080_/Y
 _2081_/Y
 _2082_/X
 _2083_/Y
 _2084_/X
 _2085_/Y
 _2086_/X
 _2087_/X
 _2088_/X
 _2089_/X
 _2090_/X
 _2091_/X
 _2092_/Y
 _2093_/Y
 _2094_/X
 _2095_/X
 _2096_/X
 _2097_/Y
 _2098_/Y
 _2099_/Y
 _2100_/X
 _2101_/X
 _2102_/X
 _2103_/Y
 _2104_/Y
 _2105_/X
 _2106_/X
 _2107_/X
 _2108_/Y
 _2109_/Y
 _2110_/Y
 _2111_/X
 _2112_/X
 _2113_/X
 _2114_/X
 _2115_/X
 _2116_/X
 _2117_/X
 _2118_/X
 _2119_/Y
 _2120_/Y
 _2121_/Y
 _2122_/X
 _2123_/X
 _2124_/X
 _2125_/Y
 _2126_/X
 _2127_/X
 _2128_/X
 _2129_/X
 _2130_/Y
 _2131_/X
 _2132_/X
 _2133_/X
 _2134_/Y
 _2135_/X
 _2136_/X
 _2137_/X
 _2138_/X
 _2139_/Y
 _2140_/Y
 _2141_/X
 _2142_/Y
 _2143_/X
 _2144_/X
 _2145_/X
 _2146_/Y
 _2147_/Y
 _2148_/X
 _2149_/X
 _2150_/X
 _2151_/Y
 _2152_/Y
 _2153_/Y
 _2154_/X
 _2155_/X
 _2156_/X
 _2157_/X
 _2158_/Y
 _2159_/X
 _2160_/X
 _2161_/X
 _2162_/Y
 _2163_/X
 _2164_/X
 _2165_/X
 _2166_/Y
 _2167_/X
 _2168_/X
 _2169_/Y
 _2170_/Y
 _2171_/X
 _2172_/X
 _2173_/Y
 _2174_/X
 _2175_/X
 _2176_/Y
 _2177_/X
 _2178_/X
 _2179_/X
 _2180_/X
 _2181_/X
 _2182_/X
 _2183_/Y
 _2184_/Y
 _2185_/Y
 _2186_/Y
 _2187_/X
 _2188_/X
 _2189_/Y
 _2190_/Y
 _2191_/X
 _2192_/Y
 _2193_/X
 _2194_/Y
 _2195_/Y
 _2196_/Y
 _2197_/X
 _2198_/Y
 _2199_/X
 _2200_/Y
 _2201_/X
 _2202_/X
 _2203_/Y
 _2204_/X
 _2205_/X
 _2206_/X
 _2207_/X
 _2208_/X
 _2209_/X
 _2210_/X
 _2211_/Y
 _2212_/X
 _2213_/X
 _2214_/Y
 _2215_/Y
 _2216_/X
 _2217_/Y
 _2218_/X
 _2219_/X
 _2220_/X
 _2221_/Y
 _2222_/X
 _2223_/X
 _2224_/Y
 _2225_/Y
 _2226_/X
 _2227_/X
 _2228_/X
 _2229_/X
 _2230_/X
 _2231_/X
 _2232_/X
 _2233_/Y
 _2234_/Y
 _2235_/X
 _2236_/X
 _2237_/X
 _2238_/Y
 _2239_/X
 _2240_/Y
 _2241_/Y
 _2242_/X
 _2243_/Y
 _2244_/Y
 _2245_/X
 _2246_/Y
 _2247_/X
 _2248_/Y
 _2249_/Y
 _2250_/Y
 _2251_/X
 _2252_/X
 _2253_/X
 _2254_/Y
 _2255_/Y
 _2256_/X
 _2257_/X
 _2258_/X
 _2259_/X
 _2260_/Y
 _2261_/Y
 _2262_/X
 _2263_/Y
 _2264_/X
 _2265_/X
 _2266_/X
 _2267_/X
 _2268_/X
 _2269_/X
 _2270_/X
 _2271_/X
 _2272_/X
 _2273_/X
 _2274_/X
 _2275_/Y
 _2276_/X
 _2277_/Y
 _2278_/X
 _2279_/X
 _2280_/Y
 _2281_/X
 _2282_/X
 _2283_/X
 _2284_/X
 _2285_/Y
 _2286_/X
 _2287_/X
 _2288_/X
 _2289_/X
 _2290_/X
 _2291_/Y
 _2292_/Y
 _2293_/X
 _2294_/Y
 _2295_/Y
 _2296_/X
 _2297_/Y
 _2298_/X
 _2299_/Y
 _2300_/X
 _2301_/X
 _2302_/X
 _2303_/Y
 _2304_/X
 _2305_/X
 _2306_/Y
 _2307_/Y
 _2308_/X
 _2309_/Y
 _2310_/Y
 _2311_/X
 _2312_/X
 _2313_/X
 _2314_/Y
 _2315_/X
 _2316_/X
 _2317_/X
 _2318_/X
 _2319_/Y
 _2320_/X
 _2321_/X
 _2322_/X
 _2323_/Y
 _2324_/X
 _2325_/Y
 _2326_/X
 _2327_/X
 _2328_/Y
 _2329_/X
 _2330_/Y
 _2331_/X
 _2332_/X
 _2333_/X
 _2334_/Y
 _2335_/X
 _2336_/X
 _2337_/X
 _2338_/X
 _2339_/X
 _2340_/Y
 _2341_/X
 _2342_/Y
 _2343_/X
 _2344_/X
 _2345_/X
 _2346_/X
 _2347_/Y
 _2348_/X
 _2349_/Y
 _2350_/X
 _2351_/X
 _2352_/X
 _2353_/Y
 _2354_/X
 _2355_/Y
 _2356_/X
 _2357_/X
 _2358_/X
 _2359_/X
 _2360_/X
 _2361_/X
 _2362_/X
 _2363_/X
 _2364_/X
 _2365_/Y
 _2366_/Y
 _2367_/Y
 _2368_/Y
 _2369_/X
 _2370_/Y
 _2371_/X
 _2372_/Y
 _2373_/X
 _2374_/X
 _2375_/X
 _2376_/X
 _2377_/X
 _2378_/Y
 _2379_/X
 _2380_/Y
 _2381_/X
 _2382_/X
 _2383_/Y
 _2384_/Y
 _2385_/X
 _2386_/X
 _2387_/X
 _2388_/X
 _2389_/X
 _2390_/X
 _2391_/X
 _2392_/X
 _2393_/X
 _2394_/X
 _2395_/X
 _2396_/X
 _2397_/X
 _2398_/X
 _2399_/X
 _2400_/X
 _2401_/X
 _2402_/X
 _2403_/X
 _2404_/X
 _2405_/X
 _2406_/X
 _2407_/X
 _2408_/X
 _2409_/X
 _2410_/X
 _2411_/X
 _2412_/X
 _2413_/X
 _2414_/X
 _2415_/X
 _2416_/X
 _2417_/X
 _2418_/X
 _2419_/X
 _2420_/X
 _2421_/X
 _2422_/X
 _2423_/X
 _2424_/X
 _2425_/X
 _2426_/X
 _2427_/X
 _2428_/X
 _2429_/X
 _2430_/X
 _2431_/X
 _2432_/X
 _2433_/X
 _2434_/X
 _2435_/X
 _2436_/X
 _2437_/X
 _2438_/X
 _2439_/X
 _2440_/X
 _2441_/X
 _2442_/X
 _2443_/X
 _2444_/X
 _2445_/X
 _2446_/X
 _2447_/X
 _2448_/X
 _2449_/X
 _2450_/X
 _2451_/X
 _2452_/X
 _2453_/X
 _2454_/X
 _2455_/X
 _2456_/X
 _2457_/X
 _2458_/X
 _2459_/X
 _2460_/X
 _2461_/X
 _2462_/X
 _2463_/X
 _2464_/X
 _2465_/X
 _2466_/X
 _2467_/X
 _2468_/X
 _2469_/X
 _2470_/X
 _2471_/X
 _2472_/X
 _2473_/X
 _2474_/X
 _2475_/X
 _2476_/X
 _2477_/X
 _2478_/X
 _2479_/X
 _2480_/X
 _2481_/X
 _2482_/X
 _2483_/X
 _2484_/X
 _2485_/X
 _2486_/X
 _2487_/X
 _2488_/X
 _2489_/X
 _2490_/X
 _2491_/X
 _2492_/X
 _2493_/X
 _2494_/X
 _2495_/X
 _2496_/X
 _2497_/X
 _2498_/X
 _2499_/X
 _2500_/X
 _2501_/X
 _2502_/X
 _2503_/X
 _2504_/X
 _2505_/X
 _2506_/X
 _2507_/X
 _2508_/X
 _2509_/X
 _2510_/X
 _2511_/X
 _2512_/X
 _2513_/X
 _2514_/X
 _2515_/X
 _2516_/X
 _2517_/X
 _2518_/X
 _2519_/X
 _2520_/X
 _2521_/X
 _2522_/X
 _2523_/X
 _2524_/X
 _2525_/X
 _2526_/X
 _2527_/X
 _2528_/X
 _2529_/X
 _2530_/X
 _2531_/X
 _2532_/X
 _2533_/X
 _2534_/X
 _2535_/X
 _2536_/X
 _2537_/X
 _2538_/X
 _2539_/X
 _2540_/X
 _2541_/X
 _2542_/X
 _2543_/X
 _2544_/X
 _2545_/X
 _2546_/X
 _2547_/X
 _2548_/X
 _2549_/X
 _2550_/X
 _2551_/X
 _2552_/X
 _2553_/X
 _2554_/X
 _2555_/X
 _2556_/X
 _2557_/X
 _2558_/X
 _2559_/X
 _2560_/X
 _2561_/X
 _2562_/X
 _2563_/X
 _2564_/X
 _2565_/X
 _2566_/X
 _2567_/X
 _2568_/X
 _2569_/X
 _2570_/X
 _2571_/X
 _2572_/X
 _2573_/X
 _2574_/X
 _2575_/X
 _2576_/X
 _2577_/X
 _2578_/X
 _2579_/X
 _2580_/X
 _2581_/X
 _2582_/X
 _2583_/X
 _2584_/X
 _2585_/X
 _2586_/X
 _2587_/X
 _2588_/X
 _2589_/X
 _2590_/X
 _2591_/X
 _2592_/X
 _2593_/X
 _2594_/X
 _2595_/X
 _2596_/X
 _2597_/X
 _2598_/X
 _2599_/X
 _2600_/X
 _2601_/X
 _2602_/X
 _2603_/X
 _2604_/X
 _2605_/X
 _2606_/X
 _2607_/X
 _2608_/X
 _2609_/X
 _2610_/X
 _2611_/X
 _2612_/X
 _2613_/X
 _2614_/X
 _2615_/X
 _2616_/X
 _2617_/X
 _2618_/X
 _2619_/X
 _2620_/X
 _2621_/X
 _2622_/X
 _2623_/X
 _2624_/X
 _2625_/X
 _2626_/X
 _2627_/X
 _2628_/X
 _2629_/X
 _2630_/X
 _2631_/X
 _2632_/X
 _2633_/X
 _2634_/X
 _2635_/X
 _2636_/X
 _2637_/X
 _2638_/X
 _2639_/X
 _2640_/X
 _2641_/X
 _2642_/X
 _2643_/X
 _2644_/X
 _2645_/X
 _2646_/X
 _2647_/X
 _2648_/X
 _2649_/X
 _2650_/X
 _2651_/Q
 _2652_/Q
 _2653_/Q
 _2654_/Q
 _2655_/Q
 _2656_/Q
 _2657_/Q
 _2658_/Q
 _2659_/Q
 _2660_/Q
 _2661_/Q
 _2662_/Q
 _2663_/Q
 _2664_/Q
 _2665_/Q
 _2666_/Q
 _2667_/Q
 _2668_/Q
 _2669_/Q
 _2670_/Q
 _2671_/Q
 _2672_/Q
 _2673_/Q
 _2674_/Q
 _2675_/Q
 _2676_/Q
 _2677_/Q
 _2678_/Q
 _2679_/Q
 _2680_/Q
 _2681_/Q
 _2682_/Q
 _2683_/Q
 _2684_/Q
 _2685_/Q
 _2686_/Q
 _2687_/Q
 _2688_/Q
 _2689_/Q
 _2690_/Q
 _2691_/Q
 _2692_/Q
 _2693_/Q
 _2694_/Q
 _2695_/Q
 _2696_/Q
 _2697_/Q
 _2698_/Q
 _2699_/Q
 _2700_/Q
 _2701_/Q
 _2702_/Q
 _2703_/Q
 _2704_/Q
 _2705_/Q
 _2706_/Q
 _2707_/Q
 _2708_/Q
 _2709_/Q
 _2710_/Q
 _2711_/Q
 _2712_/Q
 _2713_/Q
 _2714_/Q
 _2715_/Q
 _2716_/Q
 _2717_/Q
 _2718_/Q
 _2719_/Q
 _2720_/Q
 _2721_/Q
 _2722_/Q
 _2723_/Q
 _2724_/Q
 _2725_/Q
 _2726_/Q
 _2727_/Q
 _2728_/Q
 _2729_/Q
 _2730_/Q
 _2731_/Q
 _2732_/Q
 _2733_/Q
 _2734_/Q
 _2735_/Q
 _2736_/Q
 _2737_/Q
 _2738_/Q
 _2739_/Q
 _2740_/Q
 _2741_/Q
 _2742_/Q
 _2743_/Q
 _2744_/Q
 _2745_/Q
 _2746_/Q
 _2747_/Q
 _2748_/Q
 _2749_/Q
 _2750_/Q
 _2751_/Q
 _2752_/Q
 _2753_/Q
 _2754_/Q
 _2755_/Q
 _2756_/Q
 _2757_/Q
 _2758_/Q
 _2759_/Q
 _2760_/Q
 _2761_/Q
 _2762_/Q
 _2763_/Q
 _2764_/Q
 _2765_/Q
 _2766_/Q
 _2767_/Q
 _2768_/Q
 _2769_/Q
 _2770_/Q
 _2771_/Q
 _2772_/Q
 _2773_/Q
 _2774_/Q
 _2775_/Q
 _2776_/Q
 _2777_/Q
 _2778_/Q
 _2779_/Q
 _2780_/Q
 _2781_/Q
 _2782_/Q
 _2783_/Q
 _2784_/Q
 _2785_/Q
 _2786_/Q
 _2787_/Q
 _2788_/Q
 _2789_/Q
 _2790_/Q
 _2791_/Q
 _2792_/Q
 _2793_/Q
 _2794_/Q
 _2795_/Q
 _2796_/Q
 _2797_/Q
 _2798_/Q
 _2799_/Q
 _2800_/Q
 _2801_/Q
 _2802_/Q
 _2803_/Q
 _2804_/Q
 _2805_/Q
 _2806_/Q
 _2807_/Q
 _2808_/Q
 _2809_/Q
 _2810_/Q
 _2811_/Q
 _2812_/Q
 _2813_/Q
 _2814_/Q
 _2815_/Q
 _2816_/Q
 _2817_/Q
 _2818_/Q
 _2819_/Q
 _2820_/Q
 _2821_/Q
 _2822_/Q
 _2823_/Q
 _2824_/Q
 _2825_/Q
 _2826_/Q
 _2827_/Q
 _2828_/Q
 _2829_/Q
 _2830_/Q
 _2831_/Q
 _2832_/Q
 _2833_/Q
 _2834_/Q
 _2835_/Q
 _2836_/Q
 _2837_/Q
 _2838_/Q
 _2839_/Q
 _2840_/Q
 _2841_/Q
 _2842_/Q
 _2843_/Q
 _2844_/Q
 _2845_/Q
 _2846_/Q
 _2847_/Q
 _2848_/Q
 _2849_/Q
 _2850_/HI
 _2850_/LO
 _2851_/HI
 _2851_/LO
 _2852_/HI
 _2852_/LO
 _2853_/HI
 _2853_/LO
 _2854_/X
 _2855_/X
 _2856_/X
 _2857_/X
 _2858_/X
 _2859_/X
 _2860_/X
Found 0 partially unannotated drivers.

===========================================================================
max slew violation count 0
max fanout violation count 0
max cap violation count 0
============================================================================

===========================================================================
check_setup -verbose -unconstrained_endpoints -multiple_clock -no_clock -no_input_delay -loops -generated_clocks
===========================================================================
Warning: There are 2 input ports missing set_input_delay.
  control
  reset
Warning: There are 11 unconstrained endpoints.
  an[0]
  an[1]
  an[2]
  an[3]
  seg[0]
  seg[1]
  seg[2]
  seg[3]
  seg[4]
  seg[5]
  seg[6]
checks_report_end
power_report

===========================================================================
 report_power
============================================================================
======================= Typical Corner ===================================

Group                  Internal  Switching    Leakage      Total
                          Power      Power      Power      Power (Watts)
----------------------------------------------------------------
Sequential             9.03e-04   3.56e-05   1.72e-09   9.38e-04  30.3%
Combinational          1.20e-03   9.62e-04   4.03e-09   2.16e-03  69.7%
Clock                  0.00e+00   0.00e+00   0.00e+00   0.00e+00   0.0%
Macro                  0.00e+00   0.00e+00   0.00e+00   0.00e+00   0.0%
Pad                    0.00e+00   0.00e+00   0.00e+00   0.00e+00   0.0%
----------------------------------------------------------------
Total                  2.10e-03   9.98e-04   5.74e-09   3.10e-03 100.0%
                          67.8%      32.2%       0.0%

power_report_end
skew_report

===========================================================================
report_clock_skew
============================================================================
Clock core_clock
Latency      CRPR       Skew
_2651_/CLK ^
   0.00
_2651_/CLK ^
   0.00      0.00       0.00

skew_report_end
summary_report

===========================================================================
report_tns
============================================================================
tns 0.00

===========================================================================
report_wns
============================================================================
wns 0.00

===========================================================================
report_worst_slack -max (Setup)
============================================================================
worst slack 2.52

===========================================================================
report_worst_slack -min (Hold)
============================================================================
worst slack 0.47
summary_report_end
check_nonpropagated_clocks
core_clock
check_nonpropagated_clocks_end
[WARNING] Did not save OpenROAD database!
Writing SDF to '/openlane/designs/TopCPU/runs/RUN_2025.06.04_20.13.44/results/synthesis/TopCPU.sdf'…
