OpenROAD b16bda7e82721d10566ff7e2b68f1ff0be9f9e38 
Features included (+) or not (-): +Charts +GPU +GUI +Python
This program is licensed under the BSD-3 license. See the LICENSE file for details.
Components of this program may be licensed under more restrictive licenses which must be honored.
define_corners Typical
read_liberty -corner Typical /home/briandeniz/.volare/sky130A/libs.ref/sky130_fd_sc_hd/lib/sky130_fd_sc_hd__tt_025C_1v80.lib
Using 1e-12 for capacitance...
Using 1e+03 for resistance...
Using 1e-09 for time...
Using 1e+00 for voltage...
Using 1e-03 for current...
Using 1e-09 for power...
Using 1e-06 for distance...
[INFO]: Reading ODB at '/openlane/designs/ZeroToFiveCounter/runs/RUN_2025.05.23_20.44.41/tmp/14-ZeroToFiveCounter.odb'…
Reading design constraints file at '/openlane/designs/ZeroToFiveCounter/src/ZeroToFiveCounter.sdc'…
[INFO]: No (un)set_propagated_clock found in /openlane/designs/ZeroToFiveCounter/src/ZeroToFiveCounter.sdc
[INFO]: Propagating all clocks
[INFO]: Setting RC values...
min_report

===========================================================================
report_checks -path_delay min (Hold)
============================================================================
======================= Typical Corner ===================================

Startpoint: _356_ (rising edge-triggered flip-flop clocked by core_clock)
Endpoint: _356_ (rising edge-triggered flip-flop clocked by core_clock)
Path Group: core_clock
Path Type: min

Fanout     Cap    Slew   Delay    Time   Description
-----------------------------------------------------------------------------
                          0.00    0.00   clock core_clock (rise edge)
                          0.00    0.00   clock source latency
     1    0.01    0.00    0.00    0.00 ^ clk (in)
                                         clk (net)
                  0.00    0.00    0.00 ^ clkbuf_0_clk/A (sky130_fd_sc_hd__clkbuf_16)
     4    0.04    0.06    0.12    0.12 ^ clkbuf_0_clk/X (sky130_fd_sc_hd__clkbuf_16)
                                         clknet_0_clk (net)
                  0.06    0.00    0.12 ^ clkbuf_2_3__f_clk/A (sky130_fd_sc_hd__clkbuf_16)
    10    0.02    0.04    0.13    0.25 ^ clkbuf_2_3__f_clk/X (sky130_fd_sc_hd__clkbuf_16)
                                         clknet_2_3__leaf_clk (net)
                  0.04    0.00    0.25 ^ _356_/CLK (sky130_fd_sc_hd__dfrtp_2)
     2    0.01    0.06    0.36    0.61 ^ _356_/Q (sky130_fd_sc_hd__dfrtp_2)
                                         one_second_counter[26] (net)
                  0.06    0.00    0.61 ^ _284_/A1 (sky130_fd_sc_hd__o211a_1)
     1    0.01    0.11    0.21    0.82 ^ _284_/X (sky130_fd_sc_hd__o211a_1)
                                         _018_ (net)
                  0.11    0.00    0.82 ^ _356_/D (sky130_fd_sc_hd__dfrtp_2)
                                  0.82   data arrival time

                          0.00    0.00   clock core_clock (rise edge)
                          0.00    0.00   clock source latency
     1    0.01    0.00    0.00    0.00 ^ clk (in)
                                         clk (net)
                  0.00    0.00    0.00 ^ clkbuf_0_clk/A (sky130_fd_sc_hd__clkbuf_16)
     4    0.04    0.06    0.12    0.12 ^ clkbuf_0_clk/X (sky130_fd_sc_hd__clkbuf_16)
                                         clknet_0_clk (net)
                  0.06    0.00    0.12 ^ clkbuf_2_3__f_clk/A (sky130_fd_sc_hd__clkbuf_16)
    10    0.02    0.04    0.13    0.25 ^ clkbuf_2_3__f_clk/X (sky130_fd_sc_hd__clkbuf_16)
                                         clknet_2_3__leaf_clk (net)
                  0.04    0.00    0.25 ^ _356_/CLK (sky130_fd_sc_hd__dfrtp_2)
                          0.00    0.25   clock reconvergence pessimism
                         -0.05    0.20   library hold time
                                  0.20   data required time
-----------------------------------------------------------------------------
                                  0.20   data required time
                                 -0.82   data arrival time
-----------------------------------------------------------------------------
                                  0.61   slack (MET)


Startpoint: _361_ (rising edge-triggered flip-flop clocked by core_clock)
Endpoint: _361_ (rising edge-triggered flip-flop clocked by core_clock)
Path Group: core_clock
Path Type: min

Fanout     Cap    Slew   Delay    Time   Description
-----------------------------------------------------------------------------
                          0.00    0.00   clock core_clock (rise edge)
                          0.00    0.00   clock source latency
     1    0.01    0.00    0.00    0.00 ^ clk (in)
                                         clk (net)
                  0.00    0.00    0.00 ^ clkbuf_0_clk/A (sky130_fd_sc_hd__clkbuf_16)
     4    0.04    0.06    0.12    0.12 ^ clkbuf_0_clk/X (sky130_fd_sc_hd__clkbuf_16)
                                         clknet_0_clk (net)
                  0.06    0.00    0.12 ^ clkbuf_2_2__f_clk/A (sky130_fd_sc_hd__clkbuf_16)
     7    0.03    0.05    0.14    0.26 ^ clkbuf_2_2__f_clk/X (sky130_fd_sc_hd__clkbuf_16)
                                         clknet_2_2__leaf_clk (net)
                  0.05    0.00    0.26 ^ _361_/CLK (sky130_fd_sc_hd__dfrtp_4)
     6    0.04    0.14    0.48    0.75 ^ _361_/Q (sky130_fd_sc_hd__dfrtp_4)
                                         decoder.digit[3] (net)
                  0.14    0.00    0.75 ^ _164_/A (sky130_fd_sc_hd__xnor2_4)
     1    0.01    0.05    0.10    0.85 v _164_/Y (sky130_fd_sc_hd__xnor2_4)
                                         _063_ (net)
                  0.05    0.00    0.85 v _361_/D (sky130_fd_sc_hd__dfrtp_4)
                                  0.85   data arrival time

                          0.00    0.00   clock core_clock (rise edge)
                          0.00    0.00   clock source latency
     1    0.01    0.00    0.00    0.00 ^ clk (in)
                                         clk (net)
                  0.00    0.00    0.00 ^ clkbuf_0_clk/A (sky130_fd_sc_hd__clkbuf_16)
     4    0.04    0.06    0.12    0.12 ^ clkbuf_0_clk/X (sky130_fd_sc_hd__clkbuf_16)
                                         clknet_0_clk (net)
                  0.06    0.00    0.12 ^ clkbuf_2_2__f_clk/A (sky130_fd_sc_hd__clkbuf_16)
     7    0.03    0.05    0.14    0.26 ^ clkbuf_2_2__f_clk/X (sky130_fd_sc_hd__clkbuf_16)
                                         clknet_2_2__leaf_clk (net)
                  0.05    0.00    0.26 ^ _361_/CLK (sky130_fd_sc_hd__dfrtp_4)
                          0.00    0.26   clock reconvergence pessimism
                         -0.04    0.22   library hold time
                                  0.22   data required time
-----------------------------------------------------------------------------
                                  0.22   data required time
                                 -0.85   data arrival time
-----------------------------------------------------------------------------
                                  0.62   slack (MET)


Startpoint: _330_ (rising edge-triggered flip-flop clocked by core_clock)
Endpoint: _330_ (rising edge-triggered flip-flop clocked by core_clock)
Path Group: core_clock
Path Type: min

Fanout     Cap    Slew   Delay    Time   Description
-----------------------------------------------------------------------------
                          0.00    0.00   clock core_clock (rise edge)
                          0.00    0.00   clock source latency
     1    0.01    0.00    0.00    0.00 ^ clk (in)
                                         clk (net)
                  0.00    0.00    0.00 ^ clkbuf_0_clk/A (sky130_fd_sc_hd__clkbuf_16)
     4    0.04    0.06    0.12    0.12 ^ clkbuf_0_clk/X (sky130_fd_sc_hd__clkbuf_16)
                                         clknet_0_clk (net)
                  0.06    0.00    0.13 ^ clkbuf_2_0__f_clk/A (sky130_fd_sc_hd__clkbuf_16)
     9    0.04    0.06    0.14    0.27 ^ clkbuf_2_0__f_clk/X (sky130_fd_sc_hd__clkbuf_16)
                                         clknet_2_0__leaf_clk (net)
                  0.06    0.00    0.27 ^ _330_/CLK (sky130_fd_sc_hd__dfrtp_4)
     7    0.04    0.15    0.49    0.76 ^ _330_/Q (sky130_fd_sc_hd__dfrtp_4)
                                         one_second_counter[0] (net)
                  0.15    0.00    0.76 ^ _190_/A (sky130_fd_sc_hd__nor2_2)
     1    0.02    0.06    0.10    0.86 v _190_/Y (sky130_fd_sc_hd__nor2_2)
                                         _000_ (net)
                  0.06    0.00    0.86 v _330_/D (sky130_fd_sc_hd__dfrtp_4)
                                  0.86   data arrival time

                          0.00    0.00   clock core_clock (rise edge)
                          0.00    0.00   clock source latency
     1    0.01    0.00    0.00    0.00 ^ clk (in)
                                         clk (net)
                  0.00    0.00    0.00 ^ clkbuf_0_clk/A (sky130_fd_sc_hd__clkbuf_16)
     4    0.04    0.06    0.12    0.12 ^ clkbuf_0_clk/X (sky130_fd_sc_hd__clkbuf_16)
                                         clknet_0_clk (net)
                  0.06    0.00    0.13 ^ clkbuf_2_0__f_clk/A (sky130_fd_sc_hd__clkbuf_16)
     9    0.04    0.06    0.14    0.27 ^ clkbuf_2_0__f_clk/X (sky130_fd_sc_hd__clkbuf_16)
                                         clknet_2_0__leaf_clk (net)
                  0.06    0.00    0.27 ^ _330_/CLK (sky130_fd_sc_hd__dfrtp_4)
                          0.00    0.27   clock reconvergence pessimism
                         -0.05    0.22   library hold time
                                  0.22   data required time
-----------------------------------------------------------------------------
                                  0.22   data required time
                                 -0.86   data arrival time
-----------------------------------------------------------------------------
                                  0.64   slack (MET)


Startpoint: _337_ (rising edge-triggered flip-flop clocked by core_clock)
Endpoint: _337_ (rising edge-triggered flip-flop clocked by core_clock)
Path Group: core_clock
Path Type: min

Fanout     Cap    Slew   Delay    Time   Description
-----------------------------------------------------------------------------
                          0.00    0.00   clock core_clock (rise edge)
                          0.00    0.00   clock source latency
     1    0.01    0.00    0.00    0.00 ^ clk (in)
                                         clk (net)
                  0.00    0.00    0.00 ^ clkbuf_0_clk/A (sky130_fd_sc_hd__clkbuf_16)
     4    0.04    0.06    0.12    0.12 ^ clkbuf_0_clk/X (sky130_fd_sc_hd__clkbuf_16)
                                         clknet_0_clk (net)
                  0.06    0.00    0.13 ^ clkbuf_2_0__f_clk/A (sky130_fd_sc_hd__clkbuf_16)
     9    0.04    0.06    0.14    0.27 ^ clkbuf_2_0__f_clk/X (sky130_fd_sc_hd__clkbuf_16)
                                         clknet_2_0__leaf_clk (net)
                  0.06    0.00    0.27 ^ _337_/CLK (sky130_fd_sc_hd__dfrtp_4)
     2    0.01    0.06    0.47    0.74 v _337_/Q (sky130_fd_sc_hd__dfrtp_4)
                                         one_second_counter[7] (net)
                  0.06    0.00    0.74 v _214_/A (sky130_fd_sc_hd__inv_2)
     1    0.01    0.06    0.07    0.81 ^ _214_/Y (sky130_fd_sc_hd__inv_2)
                                         _104_ (net)
                  0.06    0.00    0.81 ^ _215_/A1 (sky130_fd_sc_hd__a211oi_4)
     1    0.02    0.06    0.07    0.88 v _215_/Y (sky130_fd_sc_hd__a211oi_4)
                                         _024_ (net)
                  0.06    0.00    0.88 v _337_/D (sky130_fd_sc_hd__dfrtp_4)
                                  0.88   data arrival time

                          0.00    0.00   clock core_clock (rise edge)
                          0.00    0.00   clock source latency
     1    0.01    0.00    0.00    0.00 ^ clk (in)
                                         clk (net)
                  0.00    0.00    0.00 ^ clkbuf_0_clk/A (sky130_fd_sc_hd__clkbuf_16)
     4    0.04    0.06    0.12    0.12 ^ clkbuf_0_clk/X (sky130_fd_sc_hd__clkbuf_16)
                                         clknet_0_clk (net)
                  0.06    0.00    0.13 ^ clkbuf_2_0__f_clk/A (sky130_fd_sc_hd__clkbuf_16)
     9    0.04    0.06    0.14    0.27 ^ clkbuf_2_0__f_clk/X (sky130_fd_sc_hd__clkbuf_16)
                                         clknet_2_0__leaf_clk (net)
                  0.06    0.00    0.27 ^ _337_/CLK (sky130_fd_sc_hd__dfrtp_4)
                          0.00    0.27   clock reconvergence pessimism
                         -0.05    0.22   library hold time
                                  0.22   data required time
-----------------------------------------------------------------------------
                                  0.22   data required time
                                 -0.88   data arrival time
-----------------------------------------------------------------------------
                                  0.66   slack (MET)


Startpoint: _357_ (rising edge-triggered flip-flop clocked by core_clock)
Endpoint: _358_ (rising edge-triggered flip-flop clocked by core_clock)
Path Group: core_clock
Path Type: min

Fanout     Cap    Slew   Delay    Time   Description
-----------------------------------------------------------------------------
                          0.00    0.00   clock core_clock (rise edge)
                          0.00    0.00   clock source latency
     1    0.01    0.00    0.00    0.00 ^ clk (in)
                                         clk (net)
                  0.00    0.00    0.00 ^ clkbuf_0_clk/A (sky130_fd_sc_hd__clkbuf_16)
     4    0.04    0.06    0.12    0.12 ^ clkbuf_0_clk/X (sky130_fd_sc_hd__clkbuf_16)
                                         clknet_0_clk (net)
                  0.06    0.00    0.12 ^ clkbuf_2_1__f_clk/A (sky130_fd_sc_hd__clkbuf_16)
     9    0.02    0.04    0.13    0.25 ^ clkbuf_2_1__f_clk/X (sky130_fd_sc_hd__clkbuf_16)
                                         clknet_2_1__leaf_clk (net)
                  0.04    0.00    0.25 ^ _357_/CLK (sky130_fd_sc_hd__dfrtp_4)
     5    0.05    0.17    0.50    0.75 ^ _357_/Q (sky130_fd_sc_hd__dfrtp_4)
                                         one_second_enable (net)
                  0.17    0.01    0.76 ^ _174_/A1 (sky130_fd_sc_hd__a21oi_4)
     1    0.03    0.08    0.12    0.88 v _174_/Y (sky130_fd_sc_hd__a21oi_4)
                                         _060_ (net)
                  0.08    0.01    0.89 v _358_/D (sky130_fd_sc_hd__dfrtp_4)
                                  0.89   data arrival time

                          0.00    0.00   clock core_clock (rise edge)
                          0.00    0.00   clock source latency
     1    0.01    0.00    0.00    0.00 ^ clk (in)
                                         clk (net)
                  0.00    0.00    0.00 ^ clkbuf_0_clk/A (sky130_fd_sc_hd__clkbuf_16)
     4    0.04    0.06    0.12    0.12 ^ clkbuf_0_clk/X (sky130_fd_sc_hd__clkbuf_16)
                                         clknet_0_clk (net)
                  0.06    0.00    0.13 ^ clkbuf_2_0__f_clk/A (sky130_fd_sc_hd__clkbuf_16)
     9    0.04    0.06    0.14    0.27 ^ clkbuf_2_0__f_clk/X (sky130_fd_sc_hd__clkbuf_16)
                                         clknet_2_0__leaf_clk (net)
                  0.06    0.00    0.27 ^ _358_/CLK (sky130_fd_sc_hd__dfrtp_4)
                          0.00    0.27   clock reconvergence pessimism
                         -0.05    0.22   library hold time
                                  0.22   data required time
-----------------------------------------------------------------------------
                                  0.22   data required time
                                 -0.89   data arrival time
-----------------------------------------------------------------------------
                                  0.67   slack (MET)


Startpoint: _359_ (rising edge-triggered flip-flop clocked by core_clock)
Endpoint: _359_ (rising edge-triggered flip-flop clocked by core_clock)
Path Group: core_clock
Path Type: min

Fanout     Cap    Slew   Delay    Time   Description
-----------------------------------------------------------------------------
                          0.00    0.00   clock core_clock (rise edge)
                          0.00    0.00   clock source latency
     1    0.01    0.00    0.00    0.00 ^ clk (in)
                                         clk (net)
                  0.00    0.00    0.00 ^ clkbuf_0_clk/A (sky130_fd_sc_hd__clkbuf_16)
     4    0.04    0.06    0.12    0.12 ^ clkbuf_0_clk/X (sky130_fd_sc_hd__clkbuf_16)
                                         clknet_0_clk (net)
                  0.06    0.00    0.12 ^ clkbuf_2_2__f_clk/A (sky130_fd_sc_hd__clkbuf_16)
     7    0.03    0.05    0.14    0.26 ^ clkbuf_2_2__f_clk/X (sky130_fd_sc_hd__clkbuf_16)
                                         clknet_2_2__leaf_clk (net)
                  0.05    0.00    0.26 ^ _359_/CLK (sky130_fd_sc_hd__dfrtp_4)
     7    0.03    0.11    0.46    0.72 ^ _359_/Q (sky130_fd_sc_hd__dfrtp_4)
                                         decoder.digit[1] (net)
                  0.11    0.00    0.72 ^ _171_/B1 (sky130_fd_sc_hd__a21oi_2)
     1    0.00    0.04    0.04    0.76 v _171_/Y (sky130_fd_sc_hd__a21oi_2)
                                         _071_ (net)
                  0.04    0.00    0.76 v _172_/B (sky130_fd_sc_hd__nor2_2)
     1    0.01    0.13    0.12    0.89 ^ _172_/Y (sky130_fd_sc_hd__nor2_2)
                                         _061_ (net)
                  0.13    0.00    0.89 ^ _359_/D (sky130_fd_sc_hd__dfrtp_4)
                                  0.89   data arrival time

                          0.00    0.00   clock core_clock (rise edge)
                          0.00    0.00   clock source latency
     1    0.01    0.00    0.00    0.00 ^ clk (in)
                                         clk (net)
                  0.00    0.00    0.00 ^ clkbuf_0_clk/A (sky130_fd_sc_hd__clkbuf_16)
     4    0.04    0.06    0.12    0.12 ^ clkbuf_0_clk/X (sky130_fd_sc_hd__clkbuf_16)
                                         clknet_0_clk (net)
                  0.06    0.00    0.12 ^ clkbuf_2_2__f_clk/A (sky130_fd_sc_hd__clkbuf_16)
     7    0.03    0.05    0.14    0.26 ^ clkbuf_2_2__f_clk/X (sky130_fd_sc_hd__clkbuf_16)
                                         clknet_2_2__leaf_clk (net)
                  0.05    0.00    0.26 ^ _359_/CLK (sky130_fd_sc_hd__dfrtp_4)
                          0.00    0.26   clock reconvergence pessimism
                         -0.05    0.21   library hold time
                                  0.21   data required time
-----------------------------------------------------------------------------
                                  0.21   data required time
                                 -0.89   data arrival time
-----------------------------------------------------------------------------
                                  0.68   slack (MET)


Startpoint: _347_ (rising edge-triggered flip-flop clocked by core_clock)
Endpoint: _347_ (rising edge-triggered flip-flop clocked by core_clock)
Path Group: core_clock
Path Type: min

Fanout     Cap    Slew   Delay    Time   Description
-----------------------------------------------------------------------------
                          0.00    0.00   clock core_clock (rise edge)
                          0.00    0.00   clock source latency
     1    0.01    0.00    0.00    0.00 ^ clk (in)
                                         clk (net)
                  0.00    0.00    0.00 ^ clkbuf_0_clk/A (sky130_fd_sc_hd__clkbuf_16)
     4    0.04    0.06    0.12    0.12 ^ clkbuf_0_clk/X (sky130_fd_sc_hd__clkbuf_16)
                                         clknet_0_clk (net)
                  0.06    0.00    0.12 ^ clkbuf_2_2__f_clk/A (sky130_fd_sc_hd__clkbuf_16)
     7    0.03    0.05    0.14    0.26 ^ clkbuf_2_2__f_clk/X (sky130_fd_sc_hd__clkbuf_16)
                                         clknet_2_2__leaf_clk (net)
                  0.05    0.00    0.26 ^ _347_/CLK (sky130_fd_sc_hd__dfrtp_4)
     7    0.03    0.10    0.45    0.71 ^ _347_/Q (sky130_fd_sc_hd__dfrtp_4)
                                         one_second_counter[17] (net)
                  0.10    0.00    0.71 ^ _251_/A (sky130_fd_sc_hd__xor2_1)
     1    0.01    0.06    0.11    0.82 v _251_/X (sky130_fd_sc_hd__xor2_1)
                                         _131_ (net)
                  0.06    0.00    0.82 v _252_/B (sky130_fd_sc_hd__nor2_1)
     1    0.00    0.08    0.09    0.91 ^ _252_/Y (sky130_fd_sc_hd__nor2_1)
                                         _008_ (net)
                  0.08    0.00    0.91 ^ _347_/D (sky130_fd_sc_hd__dfrtp_4)
                                  0.91   data arrival time

                          0.00    0.00   clock core_clock (rise edge)
                          0.00    0.00   clock source latency
     1    0.01    0.00    0.00    0.00 ^ clk (in)
                                         clk (net)
                  0.00    0.00    0.00 ^ clkbuf_0_clk/A (sky130_fd_sc_hd__clkbuf_16)
     4    0.04    0.06    0.12    0.12 ^ clkbuf_0_clk/X (sky130_fd_sc_hd__clkbuf_16)
                                         clknet_0_clk (net)
                  0.06    0.00    0.12 ^ clkbuf_2_2__f_clk/A (sky130_fd_sc_hd__clkbuf_16)
     7    0.03    0.05    0.14    0.26 ^ clkbuf_2_2__f_clk/X (sky130_fd_sc_hd__clkbuf_16)
                                         clknet_2_2__leaf_clk (net)
                  0.05    0.00    0.26 ^ _347_/CLK (sky130_fd_sc_hd__dfrtp_4)
                          0.00    0.26   clock reconvergence pessimism
                         -0.04    0.22   library hold time
                                  0.22   data required time
-----------------------------------------------------------------------------
                                  0.22   data required time
                                 -0.91   data arrival time
-----------------------------------------------------------------------------
                                  0.69   slack (MET)


Startpoint: _350_ (rising edge-triggered flip-flop clocked by core_clock)
Endpoint: _351_ (rising edge-triggered flip-flop clocked by core_clock)
Path Group: core_clock
Path Type: min

Fanout     Cap    Slew   Delay    Time   Description
-----------------------------------------------------------------------------
                          0.00    0.00   clock core_clock (rise edge)
                          0.00    0.00   clock source latency
     1    0.01    0.00    0.00    0.00 ^ clk (in)
                                         clk (net)
                  0.00    0.00    0.00 ^ clkbuf_0_clk/A (sky130_fd_sc_hd__clkbuf_16)
     4    0.04    0.06    0.12    0.12 ^ clkbuf_0_clk/X (sky130_fd_sc_hd__clkbuf_16)
                                         clknet_0_clk (net)
                  0.06    0.00    0.13 ^ clkbuf_2_0__f_clk/A (sky130_fd_sc_hd__clkbuf_16)
     9    0.04    0.06    0.14    0.27 ^ clkbuf_2_0__f_clk/X (sky130_fd_sc_hd__clkbuf_16)
                                         clknet_2_0__leaf_clk (net)
                  0.06    0.00    0.27 ^ _350_/CLK (sky130_fd_sc_hd__dfrtp_4)
     4    0.01    0.07    0.48    0.75 v _350_/Q (sky130_fd_sc_hd__dfrtp_4)
                                         one_second_counter[20] (net)
                  0.07    0.00    0.75 v _263_/A (sky130_fd_sc_hd__nand2_2)
     2    0.01    0.07    0.09    0.84 ^ _263_/Y (sky130_fd_sc_hd__nand2_2)
                                         _140_ (net)
                  0.07    0.00    0.84 ^ _268_/A2 (sky130_fd_sc_hd__a211oi_4)
     1    0.02    0.05    0.08    0.92 v _268_/Y (sky130_fd_sc_hd__a211oi_4)
                                         _013_ (net)
                  0.05    0.00    0.92 v _351_/D (sky130_fd_sc_hd__dfrtp_4)
                                  0.92   data arrival time

                          0.00    0.00   clock core_clock (rise edge)
                          0.00    0.00   clock source latency
     1    0.01    0.00    0.00    0.00 ^ clk (in)
                                         clk (net)
                  0.00    0.00    0.00 ^ clkbuf_0_clk/A (sky130_fd_sc_hd__clkbuf_16)
     4    0.04    0.06    0.12    0.12 ^ clkbuf_0_clk/X (sky130_fd_sc_hd__clkbuf_16)
                                         clknet_0_clk (net)
                  0.06    0.00    0.12 ^ clkbuf_2_3__f_clk/A (sky130_fd_sc_hd__clkbuf_16)
    10    0.02    0.04    0.13    0.25 ^ clkbuf_2_3__f_clk/X (sky130_fd_sc_hd__clkbuf_16)
                                         clknet_2_3__leaf_clk (net)
                  0.04    0.00    0.25 ^ _351_/CLK (sky130_fd_sc_hd__dfrtp_4)
                          0.00    0.25   clock reconvergence pessimism
                         -0.05    0.21   library hold time
                                  0.21   data required time
-----------------------------------------------------------------------------
                                  0.21   data required time
                                 -0.92   data arrival time
-----------------------------------------------------------------------------
                                  0.71   slack (MET)


Startpoint: _339_ (rising edge-triggered flip-flop clocked by core_clock)
Endpoint: _339_ (rising edge-triggered flip-flop clocked by core_clock)
Path Group: core_clock
Path Type: min

Fanout     Cap    Slew   Delay    Time   Description
-----------------------------------------------------------------------------
                          0.00    0.00   clock core_clock (rise edge)
                          0.00    0.00   clock source latency
     1    0.01    0.00    0.00    0.00 ^ clk (in)
                                         clk (net)
                  0.00    0.00    0.00 ^ clkbuf_0_clk/A (sky130_fd_sc_hd__clkbuf_16)
     4    0.04    0.06    0.12    0.12 ^ clkbuf_0_clk/X (sky130_fd_sc_hd__clkbuf_16)
                                         clknet_0_clk (net)
                  0.06    0.00    0.12 ^ clkbuf_2_3__f_clk/A (sky130_fd_sc_hd__clkbuf_16)
    10    0.02    0.04    0.13    0.25 ^ clkbuf_2_3__f_clk/X (sky130_fd_sc_hd__clkbuf_16)
                                         clknet_2_3__leaf_clk (net)
                  0.04    0.00    0.25 ^ _339_/CLK (sky130_fd_sc_hd__dfrtp_4)
     3    0.01    0.07    0.48    0.73 v _339_/Q (sky130_fd_sc_hd__dfrtp_4)
                                         one_second_counter[9] (net)
                  0.07    0.00    0.73 v _220_/B1 (sky130_fd_sc_hd__a21oi_4)
     1    0.00    0.07    0.11    0.84 ^ _220_/Y (sky130_fd_sc_hd__a21oi_4)
                                         _108_ (net)
                  0.07    0.00    0.84 ^ _222_/B (sky130_fd_sc_hd__nor3_2)
     1    0.02    0.06    0.08    0.92 v _222_/Y (sky130_fd_sc_hd__nor3_2)
                                         _026_ (net)
                  0.06    0.00    0.93 v _339_/D (sky130_fd_sc_hd__dfrtp_4)
                                  0.93   data arrival time

                          0.00    0.00   clock core_clock (rise edge)
                          0.00    0.00   clock source latency
     1    0.01    0.00    0.00    0.00 ^ clk (in)
                                         clk (net)
                  0.00    0.00    0.00 ^ clkbuf_0_clk/A (sky130_fd_sc_hd__clkbuf_16)
     4    0.04    0.06    0.12    0.12 ^ clkbuf_0_clk/X (sky130_fd_sc_hd__clkbuf_16)
                                         clknet_0_clk (net)
                  0.06    0.00    0.12 ^ clkbuf_2_3__f_clk/A (sky130_fd_sc_hd__clkbuf_16)
    10    0.02    0.04    0.13    0.25 ^ clkbuf_2_3__f_clk/X (sky130_fd_sc_hd__clkbuf_16)
                                         clknet_2_3__leaf_clk (net)
                  0.04    0.00    0.25 ^ _339_/CLK (sky130_fd_sc_hd__dfrtp_4)
                          0.00    0.25   clock reconvergence pessimism
                         -0.05    0.20   library hold time
                                  0.20   data required time
-----------------------------------------------------------------------------
                                  0.20   data required time
                                 -0.93   data arrival time
-----------------------------------------------------------------------------
                                  0.72   slack (MET)


Startpoint: _331_ (rising edge-triggered flip-flop clocked by core_clock)
Endpoint: _331_ (rising edge-triggered flip-flop clocked by core_clock)
Path Group: core_clock
Path Type: min

Fanout     Cap    Slew   Delay    Time   Description
-----------------------------------------------------------------------------
                          0.00    0.00   clock core_clock (rise edge)
                          0.00    0.00   clock source latency
     1    0.01    0.00    0.00    0.00 ^ clk (in)
                                         clk (net)
                  0.00    0.00    0.00 ^ clkbuf_0_clk/A (sky130_fd_sc_hd__clkbuf_16)
     4    0.04    0.06    0.12    0.12 ^ clkbuf_0_clk/X (sky130_fd_sc_hd__clkbuf_16)
                                         clknet_0_clk (net)
                  0.06    0.00    0.12 ^ clkbuf_2_3__f_clk/A (sky130_fd_sc_hd__clkbuf_16)
    10    0.02    0.04    0.13    0.25 ^ clkbuf_2_3__f_clk/X (sky130_fd_sc_hd__clkbuf_16)
                                         clknet_2_3__leaf_clk (net)
                  0.04    0.00    0.25 ^ _331_/CLK (sky130_fd_sc_hd__dfrtp_4)
     6    0.02    0.09    0.43    0.68 ^ _331_/Q (sky130_fd_sc_hd__dfrtp_4)
                                         one_second_counter[1] (net)
                  0.09    0.00    0.68 ^ _191_/A (sky130_fd_sc_hd__nand2_2)
     1    0.00    0.03    0.04    0.73 v _191_/Y (sky130_fd_sc_hd__nand2_2)
                                         _087_ (net)
                  0.03    0.00    0.73 v _193_/A (sky130_fd_sc_hd__and3_1)
     1    0.00    0.03    0.13    0.85 v _193_/X (sky130_fd_sc_hd__and3_1)
                                         _089_ (net)
                  0.03    0.00    0.85 v _194_/A (sky130_fd_sc_hd__buf_1)
     1    0.00    0.03    0.09    0.94 v _194_/X (sky130_fd_sc_hd__buf_1)
                                         _011_ (net)
                  0.03    0.00    0.94 v _331_/D (sky130_fd_sc_hd__dfrtp_4)
                                  0.94   data arrival time

                          0.00    0.00   clock core_clock (rise edge)
                          0.00    0.00   clock source latency
     1    0.01    0.00    0.00    0.00 ^ clk (in)
                                         clk (net)
                  0.00    0.00    0.00 ^ clkbuf_0_clk/A (sky130_fd_sc_hd__clkbuf_16)
     4    0.04    0.06    0.12    0.12 ^ clkbuf_0_clk/X (sky130_fd_sc_hd__clkbuf_16)
                                         clknet_0_clk (net)
                  0.06    0.00    0.12 ^ clkbuf_2_3__f_clk/A (sky130_fd_sc_hd__clkbuf_16)
    10    0.02    0.04    0.13    0.25 ^ clkbuf_2_3__f_clk/X (sky130_fd_sc_hd__clkbuf_16)
                                         clknet_2_3__leaf_clk (net)
                  0.04    0.00    0.25 ^ _331_/CLK (sky130_fd_sc_hd__dfrtp_4)
                          0.00    0.25   clock reconvergence pessimism
                         -0.04    0.22   library hold time
                                  0.22   data required time
-----------------------------------------------------------------------------
                                  0.22   data required time
                                 -0.94   data arrival time
-----------------------------------------------------------------------------
                                  0.72   slack (MET)


Startpoint: _335_ (rising edge-triggered flip-flop clocked by core_clock)
Endpoint: _335_ (rising edge-triggered flip-flop clocked by core_clock)
Path Group: core_clock
Path Type: min

Fanout     Cap    Slew   Delay    Time   Description
-----------------------------------------------------------------------------
                          0.00    0.00   clock core_clock (rise edge)
                          0.00    0.00   clock source latency
     1    0.01    0.00    0.00    0.00 ^ clk (in)
                                         clk (net)
                  0.00    0.00    0.00 ^ clkbuf_0_clk/A (sky130_fd_sc_hd__clkbuf_16)
     4    0.04    0.06    0.12    0.12 ^ clkbuf_0_clk/X (sky130_fd_sc_hd__clkbuf_16)
                                         clknet_0_clk (net)
                  0.06    0.00    0.12 ^ clkbuf_2_3__f_clk/A (sky130_fd_sc_hd__clkbuf_16)
    10    0.02    0.04    0.13    0.25 ^ clkbuf_2_3__f_clk/X (sky130_fd_sc_hd__clkbuf_16)
                                         clknet_2_3__leaf_clk (net)
                  0.04    0.00    0.25 ^ _335_/CLK (sky130_fd_sc_hd__dfrtp_4)
     3    0.01    0.07    0.48    0.73 v _335_/Q (sky130_fd_sc_hd__dfrtp_4)
                                         one_second_counter[5] (net)
                  0.07    0.00    0.73 v _207_/B1 (sky130_fd_sc_hd__a21oi_1)
     1    0.00    0.08    0.11    0.85 ^ _207_/Y (sky130_fd_sc_hd__a21oi_1)
                                         _099_ (net)
                  0.08    0.00    0.85 ^ _209_/B (sky130_fd_sc_hd__nor3_1)
     1    0.01    0.07    0.09    0.94 v _209_/Y (sky130_fd_sc_hd__nor3_1)
                                         _022_ (net)
                  0.07    0.00    0.94 v _335_/D (sky130_fd_sc_hd__dfrtp_4)
                                  0.94   data arrival time

                          0.00    0.00   clock core_clock (rise edge)
                          0.00    0.00   clock source latency
     1    0.01    0.00    0.00    0.00 ^ clk (in)
                                         clk (net)
                  0.00    0.00    0.00 ^ clkbuf_0_clk/A (sky130_fd_sc_hd__clkbuf_16)
     4    0.04    0.06    0.12    0.12 ^ clkbuf_0_clk/X (sky130_fd_sc_hd__clkbuf_16)
                                         clknet_0_clk (net)
                  0.06    0.00    0.12 ^ clkbuf_2_3__f_clk/A (sky130_fd_sc_hd__clkbuf_16)
    10    0.02    0.04    0.13    0.25 ^ clkbuf_2_3__f_clk/X (sky130_fd_sc_hd__clkbuf_16)
                                         clknet_2_3__leaf_clk (net)
                  0.04    0.00    0.25 ^ _335_/CLK (sky130_fd_sc_hd__dfrtp_4)
                          0.00    0.25   clock reconvergence pessimism
                         -0.05    0.20   library hold time
                                  0.20   data required time
-----------------------------------------------------------------------------
                                  0.20   data required time
                                 -0.94   data arrival time
-----------------------------------------------------------------------------
                                  0.74   slack (MET)


Startpoint: _345_ (rising edge-triggered flip-flop clocked by core_clock)
Endpoint: _345_ (rising edge-triggered flip-flop clocked by core_clock)
Path Group: core_clock
Path Type: min

Fanout     Cap    Slew   Delay    Time   Description
-----------------------------------------------------------------------------
                          0.00    0.00   clock core_clock (rise edge)
                          0.00    0.00   clock source latency
     1    0.01    0.00    0.00    0.00 ^ clk (in)
                                         clk (net)
                  0.00    0.00    0.00 ^ clkbuf_0_clk/A (sky130_fd_sc_hd__clkbuf_16)
     4    0.04    0.06    0.12    0.12 ^ clkbuf_0_clk/X (sky130_fd_sc_hd__clkbuf_16)
                                         clknet_0_clk (net)
                  0.06    0.00    0.13 ^ clkbuf_2_0__f_clk/A (sky130_fd_sc_hd__clkbuf_16)
     9    0.04    0.06    0.14    0.27 ^ clkbuf_2_0__f_clk/X (sky130_fd_sc_hd__clkbuf_16)
                                         clknet_2_0__leaf_clk (net)
                  0.06    0.00    0.27 ^ _345_/CLK (sky130_fd_sc_hd__dfrtp_4)
     3    0.04    0.11    0.54    0.81 v _345_/Q (sky130_fd_sc_hd__dfrtp_4)
                                         one_second_counter[15] (net)
                  0.11    0.00    0.82 v _243_/A (sky130_fd_sc_hd__inv_2)
     1    0.00    0.04    0.07    0.89 ^ _243_/Y (sky130_fd_sc_hd__inv_2)
                                         _125_ (net)
                  0.04    0.00    0.89 ^ _246_/A1 (sky130_fd_sc_hd__a211oi_2)
     1    0.02    0.06    0.09    0.98 v _246_/Y (sky130_fd_sc_hd__a211oi_2)
                                         _006_ (net)
                  0.06    0.00    0.98 v _345_/D (sky130_fd_sc_hd__dfrtp_4)
                                  0.98   data arrival time

                          0.00    0.00   clock core_clock (rise edge)
                          0.00    0.00   clock source latency
     1    0.01    0.00    0.00    0.00 ^ clk (in)
                                         clk (net)
                  0.00    0.00    0.00 ^ clkbuf_0_clk/A (sky130_fd_sc_hd__clkbuf_16)
     4    0.04    0.06    0.12    0.12 ^ clkbuf_0_clk/X (sky130_fd_sc_hd__clkbuf_16)
                                         clknet_0_clk (net)
                  0.06    0.00    0.13 ^ clkbuf_2_0__f_clk/A (sky130_fd_sc_hd__clkbuf_16)
     9    0.04    0.06    0.14    0.27 ^ clkbuf_2_0__f_clk/X (sky130_fd_sc_hd__clkbuf_16)
                                         clknet_2_0__leaf_clk (net)
                  0.06    0.00    0.27 ^ _345_/CLK (sky130_fd_sc_hd__dfrtp_4)
                          0.00    0.27   clock reconvergence pessimism
                         -0.05    0.22   library hold time
                                  0.22   data required time
-----------------------------------------------------------------------------
                                  0.22   data required time
                                 -0.98   data arrival time
-----------------------------------------------------------------------------
                                  0.76   slack (MET)


Startpoint: _352_ (rising edge-triggered flip-flop clocked by core_clock)
Endpoint: _353_ (rising edge-triggered flip-flop clocked by core_clock)
Path Group: core_clock
Path Type: min

Fanout     Cap    Slew   Delay    Time   Description
-----------------------------------------------------------------------------
                          0.00    0.00   clock core_clock (rise edge)
                          0.00    0.00   clock source latency
     1    0.01    0.00    0.00    0.00 ^ clk (in)
                                         clk (net)
                  0.00    0.00    0.00 ^ clkbuf_0_clk/A (sky130_fd_sc_hd__clkbuf_16)
     4    0.04    0.06    0.12    0.12 ^ clkbuf_0_clk/X (sky130_fd_sc_hd__clkbuf_16)
                                         clknet_0_clk (net)
                  0.06    0.00    0.12 ^ clkbuf_2_1__f_clk/A (sky130_fd_sc_hd__clkbuf_16)
     9    0.02    0.04    0.13    0.25 ^ clkbuf_2_1__f_clk/X (sky130_fd_sc_hd__clkbuf_16)
                                         clknet_2_1__leaf_clk (net)
                  0.04    0.00    0.25 ^ _352_/CLK (sky130_fd_sc_hd__dfrtp_4)
     3    0.04    0.11    0.53    0.78 v _352_/Q (sky130_fd_sc_hd__dfrtp_4)
                                         one_second_counter[22] (net)
                  0.11    0.01    0.79 v _270_/A (sky130_fd_sc_hd__nand2_4)
     2    0.01    0.06    0.09    0.88 ^ _270_/Y (sky130_fd_sc_hd__nand2_4)
                                         _145_ (net)
                  0.06    0.00    0.88 ^ _275_/A2 (sky130_fd_sc_hd__a221oi_4)
     1    0.02    0.06    0.09    0.97 v _275_/Y (sky130_fd_sc_hd__a221oi_4)
                                         _015_ (net)
                  0.06    0.00    0.98 v _353_/D (sky130_fd_sc_hd__dfrtp_4)
                                  0.98   data arrival time

                          0.00    0.00   clock core_clock (rise edge)
                          0.00    0.00   clock source latency
     1    0.01    0.00    0.00    0.00 ^ clk (in)
                                         clk (net)
                  0.00    0.00    0.00 ^ clkbuf_0_clk/A (sky130_fd_sc_hd__clkbuf_16)
     4    0.04    0.06    0.12    0.12 ^ clkbuf_0_clk/X (sky130_fd_sc_hd__clkbuf_16)
                                         clknet_0_clk (net)
                  0.06    0.00    0.12 ^ clkbuf_2_2__f_clk/A (sky130_fd_sc_hd__clkbuf_16)
     7    0.03    0.05    0.14    0.26 ^ clkbuf_2_2__f_clk/X (sky130_fd_sc_hd__clkbuf_16)
                                         clknet_2_2__leaf_clk (net)
                  0.05    0.00    0.26 ^ _353_/CLK (sky130_fd_sc_hd__dfrtp_4)
                          0.00    0.26   clock reconvergence pessimism
                         -0.05    0.22   library hold time
                                  0.22   data required time
-----------------------------------------------------------------------------
                                  0.22   data required time
                                 -0.98   data arrival time
-----------------------------------------------------------------------------
                                  0.76   slack (MET)


Startpoint: _347_ (rising edge-triggered flip-flop clocked by core_clock)
Endpoint: _348_ (rising edge-triggered flip-flop clocked by core_clock)
Path Group: core_clock
Path Type: min

Fanout     Cap    Slew   Delay    Time   Description
-----------------------------------------------------------------------------
                          0.00    0.00   clock core_clock (rise edge)
                          0.00    0.00   clock source latency
     1    0.01    0.00    0.00    0.00 ^ clk (in)
                                         clk (net)
                  0.00    0.00    0.00 ^ clkbuf_0_clk/A (sky130_fd_sc_hd__clkbuf_16)
     4    0.04    0.06    0.12    0.12 ^ clkbuf_0_clk/X (sky130_fd_sc_hd__clkbuf_16)
                                         clknet_0_clk (net)
                  0.06    0.00    0.12 ^ clkbuf_2_2__f_clk/A (sky130_fd_sc_hd__clkbuf_16)
     7    0.03    0.05    0.14    0.26 ^ clkbuf_2_2__f_clk/X (sky130_fd_sc_hd__clkbuf_16)
                                         clknet_2_2__leaf_clk (net)
                  0.05    0.00    0.26 ^ _347_/CLK (sky130_fd_sc_hd__dfrtp_4)
     7    0.03    0.10    0.45    0.71 ^ _347_/Q (sky130_fd_sc_hd__dfrtp_4)
                                         one_second_counter[17] (net)
                  0.10    0.00    0.71 ^ _253_/B (sky130_fd_sc_hd__nand2_1)
     1    0.00    0.03    0.06    0.77 v _253_/Y (sky130_fd_sc_hd__nand2_1)
                                         _132_ (net)
                  0.03    0.00    0.77 v _255_/A1 (sky130_fd_sc_hd__o211a_1)
     1    0.00    0.03    0.20    0.98 v _255_/X (sky130_fd_sc_hd__o211a_1)
                                         _009_ (net)
                  0.03    0.00    0.98 v _348_/D (sky130_fd_sc_hd__dfrtp_4)
                                  0.98   data arrival time

                          0.00    0.00   clock core_clock (rise edge)
                          0.00    0.00   clock source latency
     1    0.01    0.00    0.00    0.00 ^ clk (in)
                                         clk (net)
                  0.00    0.00    0.00 ^ clkbuf_0_clk/A (sky130_fd_sc_hd__clkbuf_16)
     4    0.04    0.06    0.12    0.12 ^ clkbuf_0_clk/X (sky130_fd_sc_hd__clkbuf_16)
                                         clknet_0_clk (net)
                  0.06    0.00    0.12 ^ clkbuf_2_1__f_clk/A (sky130_fd_sc_hd__clkbuf_16)
     9    0.02    0.04    0.13    0.25 ^ clkbuf_2_1__f_clk/X (sky130_fd_sc_hd__clkbuf_16)
                                         clknet_2_1__leaf_clk (net)
                  0.04    0.00    0.25 ^ _348_/CLK (sky130_fd_sc_hd__dfrtp_4)
                          0.00    0.25   clock reconvergence pessimism
                         -0.04    0.22   library hold time
                                  0.22   data required time
-----------------------------------------------------------------------------
                                  0.22   data required time
                                 -0.98   data arrival time
-----------------------------------------------------------------------------
                                  0.76   slack (MET)


Startpoint: _342_ (rising edge-triggered flip-flop clocked by core_clock)
Endpoint: _343_ (rising edge-triggered flip-flop clocked by core_clock)
Path Group: core_clock
Path Type: min

Fanout     Cap    Slew   Delay    Time   Description
-----------------------------------------------------------------------------
                          0.00    0.00   clock core_clock (rise edge)
                          0.00    0.00   clock source latency
     1    0.01    0.00    0.00    0.00 ^ clk (in)
                                         clk (net)
                  0.00    0.00    0.00 ^ clkbuf_0_clk/A (sky130_fd_sc_hd__clkbuf_16)
     4    0.04    0.06    0.12    0.12 ^ clkbuf_0_clk/X (sky130_fd_sc_hd__clkbuf_16)
                                         clknet_0_clk (net)
                  0.06    0.00    0.12 ^ clkbuf_2_1__f_clk/A (sky130_fd_sc_hd__clkbuf_16)
     9    0.02    0.04    0.13    0.25 ^ clkbuf_2_1__f_clk/X (sky130_fd_sc_hd__clkbuf_16)
                                         clknet_2_1__leaf_clk (net)
                  0.04    0.00    0.25 ^ _342_/CLK (sky130_fd_sc_hd__dfrtp_4)
     5    0.02    0.08    0.43    0.68 ^ _342_/Q (sky130_fd_sc_hd__dfrtp_4)
                                         one_second_counter[12] (net)
                  0.08    0.00    0.68 ^ _234_/A1 (sky130_fd_sc_hd__a21o_2)
     1    0.01    0.05    0.14    0.82 ^ _234_/X (sky130_fd_sc_hd__a21o_2)
                                         _118_ (net)
                  0.05    0.00    0.82 ^ _236_/B (sky130_fd_sc_hd__and3_2)
     1    0.00    0.04    0.16    0.98 ^ _236_/X (sky130_fd_sc_hd__and3_2)
                                         _120_ (net)
                  0.04    0.00    0.98 ^ _237_/A (sky130_fd_sc_hd__buf_1)
     1    0.00    0.04    0.07    1.05 ^ _237_/X (sky130_fd_sc_hd__buf_1)
                                         _004_ (net)
                  0.04    0.00    1.05 ^ _343_/D (sky130_fd_sc_hd__dfrtp_4)
                                  1.05   data arrival time

                          0.00    0.00   clock core_clock (rise edge)
                          0.00    0.00   clock source latency
     1    0.01    0.00    0.00    0.00 ^ clk (in)
                                         clk (net)
                  0.00    0.00    0.00 ^ clkbuf_0_clk/A (sky130_fd_sc_hd__clkbuf_16)
     4    0.04    0.06    0.12    0.12 ^ clkbuf_0_clk/X (sky130_fd_sc_hd__clkbuf_16)
                                         clknet_0_clk (net)
                  0.06    0.00    0.12 ^ clkbuf_2_1__f_clk/A (sky130_fd_sc_hd__clkbuf_16)
     9    0.02    0.04    0.13    0.25 ^ clkbuf_2_1__f_clk/X (sky130_fd_sc_hd__clkbuf_16)
                                         clknet_2_1__leaf_clk (net)
                  0.04    0.00    0.25 ^ _343_/CLK (sky130_fd_sc_hd__dfrtp_4)
                          0.00    0.25   clock reconvergence pessimism
                         -0.03    0.22   library hold time
                                  0.22   data required time
-----------------------------------------------------------------------------
                                  0.22   data required time
                                 -1.05   data arrival time
-----------------------------------------------------------------------------
                                  0.83   slack (MET)


Startpoint: _341_ (rising edge-triggered flip-flop clocked by core_clock)
Endpoint: _341_ (rising edge-triggered flip-flop clocked by core_clock)
Path Group: core_clock
Path Type: min

Fanout     Cap    Slew   Delay    Time   Description
-----------------------------------------------------------------------------
                          0.00    0.00   clock core_clock (rise edge)
                          0.00    0.00   clock source latency
     1    0.01    0.00    0.00    0.00 ^ clk (in)
                                         clk (net)
                  0.00    0.00    0.00 ^ clkbuf_0_clk/A (sky130_fd_sc_hd__clkbuf_16)
     4    0.04    0.06    0.12    0.12 ^ clkbuf_0_clk/X (sky130_fd_sc_hd__clkbuf_16)
                                         clknet_0_clk (net)
                  0.06    0.00    0.12 ^ clkbuf_2_3__f_clk/A (sky130_fd_sc_hd__clkbuf_16)
    10    0.02    0.04    0.13    0.25 ^ clkbuf_2_3__f_clk/X (sky130_fd_sc_hd__clkbuf_16)
                                         clknet_2_3__leaf_clk (net)
                  0.04    0.00    0.25 ^ _341_/CLK (sky130_fd_sc_hd__dfrtp_4)
     4    0.04    0.14    0.48    0.73 ^ _341_/Q (sky130_fd_sc_hd__dfrtp_4)
                                         one_second_counter[11] (net)
                  0.14    0.00    0.73 ^ _228_/A (sky130_fd_sc_hd__and3_4)
     5    0.02    0.09    0.23    0.97 ^ _228_/X (sky130_fd_sc_hd__and3_4)
                                         _114_ (net)
                  0.09    0.00    0.97 ^ _229_/C (sky130_fd_sc_hd__nor3_2)
     1    0.02    0.06    0.08    1.04 v _229_/Y (sky130_fd_sc_hd__nor3_2)
                                         _002_ (net)
                  0.06    0.00    1.04 v _341_/D (sky130_fd_sc_hd__dfrtp_4)
                                  1.04   data arrival time

                          0.00    0.00   clock core_clock (rise edge)
                          0.00    0.00   clock source latency
     1    0.01    0.00    0.00    0.00 ^ clk (in)
                                         clk (net)
                  0.00    0.00    0.00 ^ clkbuf_0_clk/A (sky130_fd_sc_hd__clkbuf_16)
     4    0.04    0.06    0.12    0.12 ^ clkbuf_0_clk/X (sky130_fd_sc_hd__clkbuf_16)
                                         clknet_0_clk (net)
                  0.06    0.00    0.12 ^ clkbuf_2_3__f_clk/A (sky130_fd_sc_hd__clkbuf_16)
    10    0.02    0.04    0.13    0.25 ^ clkbuf_2_3__f_clk/X (sky130_fd_sc_hd__clkbuf_16)
                                         clknet_2_3__leaf_clk (net)
                  0.04    0.00    0.25 ^ _341_/CLK (sky130_fd_sc_hd__dfrtp_4)
                          0.00    0.25   clock reconvergence pessimism
                         -0.05    0.21   library hold time
                                  0.21   data required time
-----------------------------------------------------------------------------
                                  0.21   data required time
                                 -1.04   data arrival time
-----------------------------------------------------------------------------
                                  0.84   slack (MET)


Startpoint: _350_ (rising edge-triggered flip-flop clocked by core_clock)
Endpoint: _350_ (rising edge-triggered flip-flop clocked by core_clock)
Path Group: core_clock
Path Type: min

Fanout     Cap    Slew   Delay    Time   Description
-----------------------------------------------------------------------------
                          0.00    0.00   clock core_clock (rise edge)
                          0.00    0.00   clock source latency
     1    0.01    0.00    0.00    0.00 ^ clk (in)
                                         clk (net)
                  0.00    0.00    0.00 ^ clkbuf_0_clk/A (sky130_fd_sc_hd__clkbuf_16)
     4    0.04    0.06    0.12    0.12 ^ clkbuf_0_clk/X (sky130_fd_sc_hd__clkbuf_16)
                                         clknet_0_clk (net)
                  0.06    0.00    0.13 ^ clkbuf_2_0__f_clk/A (sky130_fd_sc_hd__clkbuf_16)
     9    0.04    0.06    0.14    0.27 ^ clkbuf_2_0__f_clk/X (sky130_fd_sc_hd__clkbuf_16)
                                         clknet_2_0__leaf_clk (net)
                  0.06    0.00    0.27 ^ _350_/CLK (sky130_fd_sc_hd__dfrtp_4)
     4    0.01    0.07    0.41    0.68 ^ _350_/Q (sky130_fd_sc_hd__dfrtp_4)
                                         one_second_counter[20] (net)
                  0.07    0.00    0.68 ^ _262_/A (sky130_fd_sc_hd__or2_2)
     1    0.00    0.02    0.10    0.78 ^ _262_/X (sky130_fd_sc_hd__or2_2)
                                         _139_ (net)
                  0.02    0.00    0.78 ^ _264_/B (sky130_fd_sc_hd__and3_2)
     1    0.01    0.09    0.21    0.99 ^ _264_/X (sky130_fd_sc_hd__and3_2)
                                         _141_ (net)
                  0.09    0.00    0.99 ^ _265_/A (sky130_fd_sc_hd__buf_1)
     1    0.00    0.04    0.09    1.08 ^ _265_/X (sky130_fd_sc_hd__buf_1)
                                         _012_ (net)
                  0.04    0.00    1.08 ^ _350_/D (sky130_fd_sc_hd__dfrtp_4)
                                  1.08   data arrival time

                          0.00    0.00   clock core_clock (rise edge)
                          0.00    0.00   clock source latency
     1    0.01    0.00    0.00    0.00 ^ clk (in)
                                         clk (net)
                  0.00    0.00    0.00 ^ clkbuf_0_clk/A (sky130_fd_sc_hd__clkbuf_16)
     4    0.04    0.06    0.12    0.12 ^ clkbuf_0_clk/X (sky130_fd_sc_hd__clkbuf_16)
                                         clknet_0_clk (net)
                  0.06    0.00    0.13 ^ clkbuf_2_0__f_clk/A (sky130_fd_sc_hd__clkbuf_16)
     9    0.04    0.06    0.14    0.27 ^ clkbuf_2_0__f_clk/X (sky130_fd_sc_hd__clkbuf_16)
                                         clknet_2_0__leaf_clk (net)
                  0.06    0.00    0.27 ^ _350_/CLK (sky130_fd_sc_hd__dfrtp_4)
                          0.00    0.27   clock reconvergence pessimism
                         -0.03    0.24   library hold time
                                  0.24   data required time
-----------------------------------------------------------------------------
                                  0.24   data required time
                                 -1.08   data arrival time
-----------------------------------------------------------------------------
                                  0.84   slack (MET)


Startpoint: _356_ (rising edge-triggered flip-flop clocked by core_clock)
Endpoint: _333_ (rising edge-triggered flip-flop clocked by core_clock)
Path Group: core_clock
Path Type: min

Fanout     Cap    Slew   Delay    Time   Description
-----------------------------------------------------------------------------
                          0.00    0.00   clock core_clock (rise edge)
                          0.00    0.00   clock source latency
     1    0.01    0.00    0.00    0.00 ^ clk (in)
                                         clk (net)
                  0.00    0.00    0.00 ^ clkbuf_0_clk/A (sky130_fd_sc_hd__clkbuf_16)
     4    0.04    0.06    0.12    0.12 ^ clkbuf_0_clk/X (sky130_fd_sc_hd__clkbuf_16)
                                         clknet_0_clk (net)
                  0.06    0.00    0.12 ^ clkbuf_2_3__f_clk/A (sky130_fd_sc_hd__clkbuf_16)
    10    0.02    0.04    0.13    0.25 ^ clkbuf_2_3__f_clk/X (sky130_fd_sc_hd__clkbuf_16)
                                         clknet_2_3__leaf_clk (net)
                  0.04    0.00    0.25 ^ _356_/CLK (sky130_fd_sc_hd__dfrtp_2)
     2    0.01    0.05    0.40    0.65 v _356_/Q (sky130_fd_sc_hd__dfrtp_2)
                                         one_second_counter[26] (net)
                  0.05    0.00    0.65 v _187_/B1_N (sky130_fd_sc_hd__a21bo_4)
     9    0.02    0.08    0.21    0.86 ^ _187_/X (sky130_fd_sc_hd__a21bo_4)
                                         _085_ (net)
                  0.08    0.00    0.86 ^ _200_/B (sky130_fd_sc_hd__and3b_1)
     1    0.00    0.04    0.14    1.00 ^ _200_/X (sky130_fd_sc_hd__and3b_1)
                                         _094_ (net)
                  0.04    0.00    1.00 ^ _201_/A (sky130_fd_sc_hd__buf_2)
     1    0.00    0.02    0.09    1.09 ^ _201_/X (sky130_fd_sc_hd__buf_2)
                                         _020_ (net)
                  0.02    0.00    1.09 ^ _333_/D (sky130_fd_sc_hd__dfrtp_4)
                                  1.09   data arrival time

                          0.00    0.00   clock core_clock (rise edge)
                          0.00    0.00   clock source latency
     1    0.01    0.00    0.00    0.00 ^ clk (in)
                                         clk (net)
                  0.00    0.00    0.00 ^ clkbuf_0_clk/A (sky130_fd_sc_hd__clkbuf_16)
     4    0.04    0.06    0.12    0.12 ^ clkbuf_0_clk/X (sky130_fd_sc_hd__clkbuf_16)
                                         clknet_0_clk (net)
                  0.06    0.00    0.13 ^ clkbuf_2_0__f_clk/A (sky130_fd_sc_hd__clkbuf_16)
     9    0.04    0.06    0.14    0.27 ^ clkbuf_2_0__f_clk/X (sky130_fd_sc_hd__clkbuf_16)
                                         clknet_2_0__leaf_clk (net)
                  0.06    0.00    0.27 ^ _333_/CLK (sky130_fd_sc_hd__dfrtp_4)
                          0.00    0.27   clock reconvergence pessimism
                         -0.03    0.24   library hold time
                                  0.24   data required time
-----------------------------------------------------------------------------
                                  0.24   data required time
                                 -1.09   data arrival time
-----------------------------------------------------------------------------
                                  0.85   slack (MET)


Startpoint: _346_ (rising edge-triggered flip-flop clocked by core_clock)
Endpoint: _346_ (rising edge-triggered flip-flop clocked by core_clock)
Path Group: core_clock
Path Type: min

Fanout     Cap    Slew   Delay    Time   Description
-----------------------------------------------------------------------------
                          0.00    0.00   clock core_clock (rise edge)
                          0.00    0.00   clock source latency
     1    0.01    0.00    0.00    0.00 ^ clk (in)
                                         clk (net)
                  0.00    0.00    0.00 ^ clkbuf_0_clk/A (sky130_fd_sc_hd__clkbuf_16)
     4    0.04    0.06    0.12    0.12 ^ clkbuf_0_clk/X (sky130_fd_sc_hd__clkbuf_16)
                                         clknet_0_clk (net)
                  0.06    0.00    0.12 ^ clkbuf_2_1__f_clk/A (sky130_fd_sc_hd__clkbuf_16)
     9    0.02    0.04    0.13    0.25 ^ clkbuf_2_1__f_clk/X (sky130_fd_sc_hd__clkbuf_16)
                                         clknet_2_1__leaf_clk (net)
                  0.04    0.00    0.25 ^ _346_/CLK (sky130_fd_sc_hd__dfrtp_4)
     6    0.04    0.13    0.47    0.72 ^ _346_/Q (sky130_fd_sc_hd__dfrtp_4)
                                         one_second_counter[16] (net)
                  0.13    0.00    0.72 ^ _247_/A (sky130_fd_sc_hd__or2_2)
     1    0.00    0.02    0.12    0.84 ^ _247_/X (sky130_fd_sc_hd__or2_2)
                                         _128_ (net)
                  0.02    0.00    0.84 ^ _249_/B (sky130_fd_sc_hd__and3_2)
     1    0.00    0.04    0.15    0.98 ^ _249_/X (sky130_fd_sc_hd__and3_2)
                                         _130_ (net)
                  0.04    0.00    0.98 ^ _250_/A (sky130_fd_sc_hd__buf_2)
     1    0.00    0.02    0.08    1.07 ^ _250_/X (sky130_fd_sc_hd__buf_2)
                                         _007_ (net)
                  0.02    0.00    1.07 ^ _346_/D (sky130_fd_sc_hd__dfrtp_4)
                                  1.07   data arrival time

                          0.00    0.00   clock core_clock (rise edge)
                          0.00    0.00   clock source latency
     1    0.01    0.00    0.00    0.00 ^ clk (in)
                                         clk (net)
                  0.00    0.00    0.00 ^ clkbuf_0_clk/A (sky130_fd_sc_hd__clkbuf_16)
     4    0.04    0.06    0.12    0.12 ^ clkbuf_0_clk/X (sky130_fd_sc_hd__clkbuf_16)
                                         clknet_0_clk (net)
                  0.06    0.00    0.12 ^ clkbuf_2_1__f_clk/A (sky130_fd_sc_hd__clkbuf_16)
     9    0.02    0.04    0.13    0.25 ^ clkbuf_2_1__f_clk/X (sky130_fd_sc_hd__clkbuf_16)
                                         clknet_2_1__leaf_clk (net)
                  0.04    0.00    0.25 ^ _346_/CLK (sky130_fd_sc_hd__dfrtp_4)
                          0.00    0.25   clock reconvergence pessimism
                         -0.03    0.22   library hold time
                                  0.22   data required time
-----------------------------------------------------------------------------
                                  0.22   data required time
                                 -1.07   data arrival time
-----------------------------------------------------------------------------
                                  0.85   slack (MET)


Startpoint: _356_ (rising edge-triggered flip-flop clocked by core_clock)
Endpoint: _338_ (rising edge-triggered flip-flop clocked by core_clock)
Path Group: core_clock
Path Type: min

Fanout     Cap    Slew   Delay    Time   Description
-----------------------------------------------------------------------------
                          0.00    0.00   clock core_clock (rise edge)
                          0.00    0.00   clock source latency
     1    0.01    0.00    0.00    0.00 ^ clk (in)
                                         clk (net)
                  0.00    0.00    0.00 ^ clkbuf_0_clk/A (sky130_fd_sc_hd__clkbuf_16)
     4    0.04    0.06    0.12    0.12 ^ clkbuf_0_clk/X (sky130_fd_sc_hd__clkbuf_16)
                                         clknet_0_clk (net)
                  0.06    0.00    0.12 ^ clkbuf_2_3__f_clk/A (sky130_fd_sc_hd__clkbuf_16)
    10    0.02    0.04    0.13    0.25 ^ clkbuf_2_3__f_clk/X (sky130_fd_sc_hd__clkbuf_16)
                                         clknet_2_3__leaf_clk (net)
                  0.04    0.00    0.25 ^ _356_/CLK (sky130_fd_sc_hd__dfrtp_2)
     2    0.01    0.05    0.40    0.65 v _356_/Q (sky130_fd_sc_hd__dfrtp_2)
                                         one_second_counter[26] (net)
                  0.05    0.00    0.65 v _187_/B1_N (sky130_fd_sc_hd__a21bo_4)
     9    0.02    0.08    0.21    0.86 ^ _187_/X (sky130_fd_sc_hd__a21bo_4)
                                         _085_ (net)
                  0.08    0.00    0.86 ^ _218_/B (sky130_fd_sc_hd__and3_2)
     1    0.00    0.04    0.17    1.03 ^ _218_/X (sky130_fd_sc_hd__and3_2)
                                         _107_ (net)
                  0.04    0.00    1.03 ^ _219_/A (sky130_fd_sc_hd__buf_1)
     1    0.00    0.04    0.08    1.10 ^ _219_/X (sky130_fd_sc_hd__buf_1)
                                         _025_ (net)
                  0.04    0.00    1.10 ^ _338_/D (sky130_fd_sc_hd__dfrtp_4)
                                  1.10   data arrival time

                          0.00    0.00   clock core_clock (rise edge)
                          0.00    0.00   clock source latency
     1    0.01    0.00    0.00    0.00 ^ clk (in)
                                         clk (net)
                  0.00    0.00    0.00 ^ clkbuf_0_clk/A (sky130_fd_sc_hd__clkbuf_16)
     4    0.04    0.06    0.12    0.12 ^ clkbuf_0_clk/X (sky130_fd_sc_hd__clkbuf_16)
                                         clknet_0_clk (net)
                  0.06    0.00    0.13 ^ clkbuf_2_0__f_clk/A (sky130_fd_sc_hd__clkbuf_16)
     9    0.04    0.06    0.14    0.27 ^ clkbuf_2_0__f_clk/X (sky130_fd_sc_hd__clkbuf_16)
                                         clknet_2_0__leaf_clk (net)
                  0.06    0.00    0.27 ^ _338_/CLK (sky130_fd_sc_hd__dfrtp_4)
                          0.00    0.27   clock reconvergence pessimism
                         -0.03    0.24   library hold time
                                  0.24   data required time
-----------------------------------------------------------------------------
                                  0.24   data required time
                                 -1.10   data arrival time
-----------------------------------------------------------------------------
                                  0.86   slack (MET)


Startpoint: _360_ (rising edge-triggered flip-flop clocked by core_clock)
Endpoint: _360_ (rising edge-triggered flip-flop clocked by core_clock)
Path Group: core_clock
Path Type: min

Fanout     Cap    Slew   Delay    Time   Description
-----------------------------------------------------------------------------
                          0.00    0.00   clock core_clock (rise edge)
                          0.00    0.00   clock source latency
     1    0.01    0.00    0.00    0.00 ^ clk (in)
                                         clk (net)
                  0.00    0.00    0.00 ^ clkbuf_0_clk/A (sky130_fd_sc_hd__clkbuf_16)
     4    0.04    0.06    0.12    0.12 ^ clkbuf_0_clk/X (sky130_fd_sc_hd__clkbuf_16)
                                         clknet_0_clk (net)
                  0.06    0.00    0.12 ^ clkbuf_2_1__f_clk/A (sky130_fd_sc_hd__clkbuf_16)
     9    0.02    0.04    0.13    0.25 ^ clkbuf_2_1__f_clk/X (sky130_fd_sc_hd__clkbuf_16)
                                         clknet_2_1__leaf_clk (net)
                  0.04    0.00    0.25 ^ _360_/CLK (sky130_fd_sc_hd__dfrtp_4)
     6    0.06    0.19    0.52    0.77 ^ _360_/Q (sky130_fd_sc_hd__dfrtp_4)
                                         decoder.digit[2] (net)
                  0.19    0.01    0.78 ^ _163_/A (sky130_fd_sc_hd__nand2_4)
     2    0.02    0.05    0.09    0.87 v _163_/Y (sky130_fd_sc_hd__nand2_4)
                                         _065_ (net)
                  0.05    0.00    0.87 v _169_/A (sky130_fd_sc_hd__and2_1)
     1    0.00    0.03    0.13    1.00 v _169_/X (sky130_fd_sc_hd__and2_1)
                                         _070_ (net)
                  0.03    0.00    1.00 v _170_/A (sky130_fd_sc_hd__clkbuf_2)
     1    0.00    0.02    0.09    1.08 v _170_/X (sky130_fd_sc_hd__clkbuf_2)
                                         _062_ (net)
                  0.02    0.00    1.08 v _360_/D (sky130_fd_sc_hd__dfrtp_4)
                                  1.08   data arrival time

                          0.00    0.00   clock core_clock (rise edge)
                          0.00    0.00   clock source latency
     1    0.01    0.00    0.00    0.00 ^ clk (in)
                                         clk (net)
                  0.00    0.00    0.00 ^ clkbuf_0_clk/A (sky130_fd_sc_hd__clkbuf_16)
     4    0.04    0.06    0.12    0.12 ^ clkbuf_0_clk/X (sky130_fd_sc_hd__clkbuf_16)
                                         clknet_0_clk (net)
                  0.06    0.00    0.12 ^ clkbuf_2_1__f_clk/A (sky130_fd_sc_hd__clkbuf_16)
     9    0.02    0.04    0.13    0.25 ^ clkbuf_2_1__f_clk/X (sky130_fd_sc_hd__clkbuf_16)
                                         clknet_2_1__leaf_clk (net)
                  0.04    0.00    0.25 ^ _360_/CLK (sky130_fd_sc_hd__dfrtp_4)
                          0.00    0.25   clock reconvergence pessimism
                         -0.03    0.22   library hold time
                                  0.22   data required time
-----------------------------------------------------------------------------
                                  0.22   data required time
                                 -1.08   data arrival time
-----------------------------------------------------------------------------
                                  0.87   slack (MET)


Startpoint: _354_ (rising edge-triggered flip-flop clocked by core_clock)
Endpoint: _354_ (rising edge-triggered flip-flop clocked by core_clock)
Path Group: core_clock
Path Type: min

Fanout     Cap    Slew   Delay    Time   Description
-----------------------------------------------------------------------------
                          0.00    0.00   clock core_clock (rise edge)
                          0.00    0.00   clock source latency
     1    0.01    0.00    0.00    0.00 ^ clk (in)
                                         clk (net)
                  0.00    0.00    0.00 ^ clkbuf_0_clk/A (sky130_fd_sc_hd__clkbuf_16)
     4    0.04    0.06    0.12    0.12 ^ clkbuf_0_clk/X (sky130_fd_sc_hd__clkbuf_16)
                                         clknet_0_clk (net)
                  0.06    0.00    0.12 ^ clkbuf_2_2__f_clk/A (sky130_fd_sc_hd__clkbuf_16)
     7    0.03    0.05    0.14    0.26 ^ clkbuf_2_2__f_clk/X (sky130_fd_sc_hd__clkbuf_16)
                                         clknet_2_2__leaf_clk (net)
                  0.05    0.00    0.26 ^ _354_/CLK (sky130_fd_sc_hd__dfrtp_4)
     3    0.02    0.08    0.50    0.76 v _354_/Q (sky130_fd_sc_hd__dfrtp_4)
                                         one_second_counter[24] (net)
                  0.08    0.00    0.76 v _276_/B1 (sky130_fd_sc_hd__a21oi_4)
     1    0.02    0.18    0.19    0.96 ^ _276_/Y (sky130_fd_sc_hd__a21oi_4)
                                         _149_ (net)
                  0.18    0.00    0.96 ^ _278_/B (sky130_fd_sc_hd__nor3_2)
     1    0.02    0.08    0.12    1.08 v _278_/Y (sky130_fd_sc_hd__nor3_2)
                                         _016_ (net)
                  0.08    0.00    1.08 v _354_/D (sky130_fd_sc_hd__dfrtp_4)
                                  1.08   data arrival time

                          0.00    0.00   clock core_clock (rise edge)
                          0.00    0.00   clock source latency
     1    0.01    0.00    0.00    0.00 ^ clk (in)
                                         clk (net)
                  0.00    0.00    0.00 ^ clkbuf_0_clk/A (sky130_fd_sc_hd__clkbuf_16)
     4    0.04    0.06    0.12    0.12 ^ clkbuf_0_clk/X (sky130_fd_sc_hd__clkbuf_16)
                                         clknet_0_clk (net)
                  0.06    0.00    0.12 ^ clkbuf_2_2__f_clk/A (sky130_fd_sc_hd__clkbuf_16)
     7    0.03    0.05    0.14    0.26 ^ clkbuf_2_2__f_clk/X (sky130_fd_sc_hd__clkbuf_16)
                                         clknet_2_2__leaf_clk (net)
                  0.05    0.00    0.26 ^ _354_/CLK (sky130_fd_sc_hd__dfrtp_4)
                          0.00    0.26   clock reconvergence pessimism
                         -0.05    0.21   library hold time
                                  0.21   data required time
-----------------------------------------------------------------------------
                                  0.21   data required time
                                 -1.08   data arrival time
-----------------------------------------------------------------------------
                                  0.87   slack (MET)


Startpoint: _332_ (rising edge-triggered flip-flop clocked by core_clock)
Endpoint: _332_ (rising edge-triggered flip-flop clocked by core_clock)
Path Group: core_clock
Path Type: min

Fanout     Cap    Slew   Delay    Time   Description
-----------------------------------------------------------------------------
                          0.00    0.00   clock core_clock (rise edge)
                          0.00    0.00   clock source latency
     1    0.01    0.00    0.00    0.00 ^ clk (in)
                                         clk (net)
                  0.00    0.00    0.00 ^ clkbuf_0_clk/A (sky130_fd_sc_hd__clkbuf_16)
     4    0.04    0.06    0.12    0.12 ^ clkbuf_0_clk/X (sky130_fd_sc_hd__clkbuf_16)
                                         clknet_0_clk (net)
                  0.06    0.00    0.12 ^ clkbuf_2_2__f_clk/A (sky130_fd_sc_hd__clkbuf_16)
     7    0.03    0.05    0.14    0.26 ^ clkbuf_2_2__f_clk/X (sky130_fd_sc_hd__clkbuf_16)
                                         clknet_2_2__leaf_clk (net)
                  0.05    0.00    0.26 ^ _332_/CLK (sky130_fd_sc_hd__dfrtp_4)
     4    0.01    0.07    0.41    0.68 ^ _332_/Q (sky130_fd_sc_hd__dfrtp_4)
                                         one_second_counter[2] (net)
                  0.07    0.00    0.68 ^ _195_/A (sky130_fd_sc_hd__nand3_2)
     1    0.02    0.13    0.13    0.80 v _195_/Y (sky130_fd_sc_hd__nand3_2)
                                         _090_ (net)
                  0.13    0.00    0.81 v _197_/A (sky130_fd_sc_hd__and3_2)
     1    0.01    0.06    0.24    1.05 v _197_/X (sky130_fd_sc_hd__and3_2)
                                         _092_ (net)
                  0.06    0.00    1.05 v _198_/A (sky130_fd_sc_hd__buf_1)
     1    0.00    0.02    0.09    1.14 v _198_/X (sky130_fd_sc_hd__buf_1)
                                         _019_ (net)
                  0.02    0.00    1.14 v _332_/D (sky130_fd_sc_hd__dfrtp_4)
                                  1.14   data arrival time

                          0.00    0.00   clock core_clock (rise edge)
                          0.00    0.00   clock source latency
     1    0.01    0.00    0.00    0.00 ^ clk (in)
                                         clk (net)
                  0.00    0.00    0.00 ^ clkbuf_0_clk/A (sky130_fd_sc_hd__clkbuf_16)
     4    0.04    0.06    0.12    0.12 ^ clkbuf_0_clk/X (sky130_fd_sc_hd__clkbuf_16)
                                         clknet_0_clk (net)
                  0.06    0.00    0.12 ^ clkbuf_2_2__f_clk/A (sky130_fd_sc_hd__clkbuf_16)
     7    0.03    0.05    0.14    0.26 ^ clkbuf_2_2__f_clk/X (sky130_fd_sc_hd__clkbuf_16)
                                         clknet_2_2__leaf_clk (net)
                  0.05    0.00    0.26 ^ _332_/CLK (sky130_fd_sc_hd__dfrtp_4)
                          0.00    0.26   clock reconvergence pessimism
                         -0.03    0.23   library hold time
                                  0.23   data required time
-----------------------------------------------------------------------------
                                  0.23   data required time
                                 -1.14   data arrival time
-----------------------------------------------------------------------------
                                  0.91   slack (MET)


Startpoint: _356_ (rising edge-triggered flip-flop clocked by core_clock)
Endpoint: _357_ (rising edge-triggered flip-flop clocked by core_clock)
Path Group: core_clock
Path Type: min

Fanout     Cap    Slew   Delay    Time   Description
-----------------------------------------------------------------------------
                          0.00    0.00   clock core_clock (rise edge)
                          0.00    0.00   clock source latency
     1    0.01    0.00    0.00    0.00 ^ clk (in)
                                         clk (net)
                  0.00    0.00    0.00 ^ clkbuf_0_clk/A (sky130_fd_sc_hd__clkbuf_16)
     4    0.04    0.06    0.12    0.12 ^ clkbuf_0_clk/X (sky130_fd_sc_hd__clkbuf_16)
                                         clknet_0_clk (net)
                  0.06    0.00    0.12 ^ clkbuf_2_3__f_clk/A (sky130_fd_sc_hd__clkbuf_16)
    10    0.02    0.04    0.13    0.25 ^ clkbuf_2_3__f_clk/X (sky130_fd_sc_hd__clkbuf_16)
                                         clknet_2_3__leaf_clk (net)
                  0.04    0.00    0.25 ^ _356_/CLK (sky130_fd_sc_hd__dfrtp_2)
     2    0.01    0.05    0.40    0.65 v _356_/Q (sky130_fd_sc_hd__dfrtp_2)
                                         one_second_counter[26] (net)
                  0.05    0.00    0.65 v _187_/B1_N (sky130_fd_sc_hd__a21bo_4)
     9    0.02    0.08    0.21    0.86 ^ _187_/X (sky130_fd_sc_hd__a21bo_4)
                                         _085_ (net)
                  0.08    0.00    0.86 ^ _188_/A (sky130_fd_sc_hd__inv_2)
     2    0.03    0.07    0.09    0.95 v _188_/Y (sky130_fd_sc_hd__inv_2)
                                         _086_ (net)
                  0.08    0.00    0.95 v _189_/A (sky130_fd_sc_hd__buf_8)
    10    0.07    0.06    0.16    1.11 v _189_/X (sky130_fd_sc_hd__buf_8)
                                         _027_ (net)
                  0.06    0.00    1.11 v _357_/D (sky130_fd_sc_hd__dfrtp_4)
                                  1.11   data arrival time

                          0.00    0.00   clock core_clock (rise edge)
                          0.00    0.00   clock source latency
     1    0.01    0.00    0.00    0.00 ^ clk (in)
                                         clk (net)
                  0.00    0.00    0.00 ^ clkbuf_0_clk/A (sky130_fd_sc_hd__clkbuf_16)
     4    0.04    0.06    0.12    0.12 ^ clkbuf_0_clk/X (sky130_fd_sc_hd__clkbuf_16)
                                         clknet_0_clk (net)
                  0.06    0.00    0.12 ^ clkbuf_2_1__f_clk/A (sky130_fd_sc_hd__clkbuf_16)
     9    0.02    0.04    0.13    0.25 ^ clkbuf_2_1__f_clk/X (sky130_fd_sc_hd__clkbuf_16)
                                         clknet_2_1__leaf_clk (net)
                  0.04    0.00    0.25 ^ _357_/CLK (sky130_fd_sc_hd__dfrtp_4)
                          0.00    0.25   clock reconvergence pessimism
                         -0.05    0.20   library hold time
                                  0.20   data required time
-----------------------------------------------------------------------------
                                  0.20   data required time
                                 -1.11   data arrival time
-----------------------------------------------------------------------------
                                  0.91   slack (MET)


Startpoint: _352_ (rising edge-triggered flip-flop clocked by core_clock)
Endpoint: _352_ (rising edge-triggered flip-flop clocked by core_clock)
Path Group: core_clock
Path Type: min

Fanout     Cap    Slew   Delay    Time   Description
-----------------------------------------------------------------------------
                          0.00    0.00   clock core_clock (rise edge)
                          0.00    0.00   clock source latency
     1    0.01    0.00    0.00    0.00 ^ clk (in)
                                         clk (net)
                  0.00    0.00    0.00 ^ clkbuf_0_clk/A (sky130_fd_sc_hd__clkbuf_16)
     4    0.04    0.06    0.12    0.12 ^ clkbuf_0_clk/X (sky130_fd_sc_hd__clkbuf_16)
                                         clknet_0_clk (net)
                  0.06    0.00    0.12 ^ clkbuf_2_1__f_clk/A (sky130_fd_sc_hd__clkbuf_16)
     9    0.02    0.04    0.13    0.25 ^ clkbuf_2_1__f_clk/X (sky130_fd_sc_hd__clkbuf_16)
                                         clknet_2_1__leaf_clk (net)
                  0.04    0.00    0.25 ^ _352_/CLK (sky130_fd_sc_hd__dfrtp_4)
     3    0.04    0.15    0.48    0.73 ^ _352_/Q (sky130_fd_sc_hd__dfrtp_4)
                                         one_second_counter[22] (net)
                  0.15    0.01    0.74 ^ _270_/A (sky130_fd_sc_hd__nand2_4)
     2    0.01    0.04    0.07    0.81 v _270_/Y (sky130_fd_sc_hd__nand2_4)
                                         _145_ (net)
                  0.04    0.00    0.81 v _271_/C (sky130_fd_sc_hd__and3_1)
     1    0.01    0.08    0.23    1.03 v _271_/X (sky130_fd_sc_hd__and3_1)
                                         _146_ (net)
                  0.08    0.00    1.04 v _272_/A (sky130_fd_sc_hd__clkbuf_1)
     1    0.01    0.04    0.12    1.15 v _272_/X (sky130_fd_sc_hd__clkbuf_1)
                                         _014_ (net)
                  0.04    0.00    1.15 v _352_/D (sky130_fd_sc_hd__dfrtp_4)
                                  1.15   data arrival time

                          0.00    0.00   clock core_clock (rise edge)
                          0.00    0.00   clock source latency
     1    0.01    0.00    0.00    0.00 ^ clk (in)
                                         clk (net)
                  0.00    0.00    0.00 ^ clkbuf_0_clk/A (sky130_fd_sc_hd__clkbuf_16)
     4    0.04    0.06    0.12    0.12 ^ clkbuf_0_clk/X (sky130_fd_sc_hd__clkbuf_16)
                                         clknet_0_clk (net)
                  0.06    0.00    0.12 ^ clkbuf_2_1__f_clk/A (sky130_fd_sc_hd__clkbuf_16)
     9    0.02    0.04    0.13    0.25 ^ clkbuf_2_1__f_clk/X (sky130_fd_sc_hd__clkbuf_16)
                                         clknet_2_1__leaf_clk (net)
                  0.04    0.00    0.25 ^ _352_/CLK (sky130_fd_sc_hd__dfrtp_4)
                          0.00    0.25   clock reconvergence pessimism
                         -0.04    0.21   library hold time
                                  0.21   data required time
-----------------------------------------------------------------------------
                                  0.21   data required time
                                 -1.15   data arrival time
-----------------------------------------------------------------------------
                                  0.94   slack (MET)


Startpoint: _356_ (rising edge-triggered flip-flop clocked by core_clock)
Endpoint: _355_ (rising edge-triggered flip-flop clocked by core_clock)
Path Group: core_clock
Path Type: min

Fanout     Cap    Slew   Delay    Time   Description
-----------------------------------------------------------------------------
                          0.00    0.00   clock core_clock (rise edge)
                          0.00    0.00   clock source latency
     1    0.01    0.00    0.00    0.00 ^ clk (in)
                                         clk (net)
                  0.00    0.00    0.00 ^ clkbuf_0_clk/A (sky130_fd_sc_hd__clkbuf_16)
     4    0.04    0.06    0.12    0.12 ^ clkbuf_0_clk/X (sky130_fd_sc_hd__clkbuf_16)
                                         clknet_0_clk (net)
                  0.06    0.00    0.12 ^ clkbuf_2_3__f_clk/A (sky130_fd_sc_hd__clkbuf_16)
    10    0.02    0.04    0.13    0.25 ^ clkbuf_2_3__f_clk/X (sky130_fd_sc_hd__clkbuf_16)
                                         clknet_2_3__leaf_clk (net)
                  0.04    0.00    0.25 ^ _356_/CLK (sky130_fd_sc_hd__dfrtp_2)
     2    0.01    0.06    0.36    0.61 ^ _356_/Q (sky130_fd_sc_hd__dfrtp_2)
                                         one_second_counter[26] (net)
                  0.06    0.00    0.61 ^ _187_/B1_N (sky130_fd_sc_hd__a21bo_4)
     9    0.02    0.05    0.25    0.86 v _187_/X (sky130_fd_sc_hd__a21bo_4)
                                         _085_ (net)
                  0.05    0.00    0.86 v _281_/A (sky130_fd_sc_hd__and3_2)
     1    0.02    0.08    0.22    1.08 v _281_/X (sky130_fd_sc_hd__and3_2)
                                         _153_ (net)
                  0.08    0.00    1.08 v _282_/A (sky130_fd_sc_hd__clkbuf_1)
     1    0.01    0.04    0.11    1.20 v _282_/X (sky130_fd_sc_hd__clkbuf_1)
                                         _017_ (net)
                  0.04    0.00    1.20 v _355_/D (sky130_fd_sc_hd__dfrtp_4)
                                  1.20   data arrival time

                          0.00    0.00   clock core_clock (rise edge)
                          0.00    0.00   clock source latency
     1    0.01    0.00    0.00    0.00 ^ clk (in)
                                         clk (net)
                  0.00    0.00    0.00 ^ clkbuf_0_clk/A (sky130_fd_sc_hd__clkbuf_16)
     4    0.04    0.06    0.12    0.12 ^ clkbuf_0_clk/X (sky130_fd_sc_hd__clkbuf_16)
                                         clknet_0_clk (net)
                  0.06    0.00    0.13 ^ clkbuf_2_0__f_clk/A (sky130_fd_sc_hd__clkbuf_16)
     9    0.04    0.06    0.14    0.27 ^ clkbuf_2_0__f_clk/X (sky130_fd_sc_hd__clkbuf_16)
                                         clknet_2_0__leaf_clk (net)
                  0.06    0.00    0.27 ^ _355_/CLK (sky130_fd_sc_hd__dfrtp_4)
                          0.00    0.27   clock reconvergence pessimism
                         -0.04    0.23   library hold time
                                  0.23   data required time
-----------------------------------------------------------------------------
                                  0.23   data required time
                                 -1.20   data arrival time
-----------------------------------------------------------------------------
                                  0.96   slack (MET)


Startpoint: _342_ (rising edge-triggered flip-flop clocked by core_clock)
Endpoint: _342_ (rising edge-triggered flip-flop clocked by core_clock)
Path Group: core_clock
Path Type: min

Fanout     Cap    Slew   Delay    Time   Description
-----------------------------------------------------------------------------
                          0.00    0.00   clock core_clock (rise edge)
                          0.00    0.00   clock source latency
     1    0.01    0.00    0.00    0.00 ^ clk (in)
                                         clk (net)
                  0.00    0.00    0.00 ^ clkbuf_0_clk/A (sky130_fd_sc_hd__clkbuf_16)
     4    0.04    0.06    0.12    0.12 ^ clkbuf_0_clk/X (sky130_fd_sc_hd__clkbuf_16)
                                         clknet_0_clk (net)
                  0.06    0.00    0.12 ^ clkbuf_2_1__f_clk/A (sky130_fd_sc_hd__clkbuf_16)
     9    0.02    0.04    0.13    0.25 ^ clkbuf_2_1__f_clk/X (sky130_fd_sc_hd__clkbuf_16)
                                         clknet_2_1__leaf_clk (net)
                  0.04    0.00    0.25 ^ _342_/CLK (sky130_fd_sc_hd__dfrtp_4)
     5    0.02    0.08    0.43    0.68 ^ _342_/Q (sky130_fd_sc_hd__dfrtp_4)
                                         one_second_counter[12] (net)
                  0.08    0.00    0.68 ^ _231_/A (sky130_fd_sc_hd__nand2_1)
     1    0.02    0.12    0.12    0.80 v _231_/Y (sky130_fd_sc_hd__nand2_1)
                                         _116_ (net)
                  0.12    0.00    0.80 v _232_/C (sky130_fd_sc_hd__and3_2)
     1    0.00    0.03    0.23    1.03 v _232_/X (sky130_fd_sc_hd__and3_2)
                                         _117_ (net)
                  0.03    0.00    1.03 v _233_/A (sky130_fd_sc_hd__buf_1)
     1    0.01    0.08    0.13    1.16 v _233_/X (sky130_fd_sc_hd__buf_1)
                                         _003_ (net)
                  0.08    0.00    1.16 v _342_/D (sky130_fd_sc_hd__dfrtp_4)
                                  1.16   data arrival time

                          0.00    0.00   clock core_clock (rise edge)
                          0.00    0.00   clock source latency
     1    0.01    0.00    0.00    0.00 ^ clk (in)
                                         clk (net)
                  0.00    0.00    0.00 ^ clkbuf_0_clk/A (sky130_fd_sc_hd__clkbuf_16)
     4    0.04    0.06    0.12    0.12 ^ clkbuf_0_clk/X (sky130_fd_sc_hd__clkbuf_16)
                                         clknet_0_clk (net)
                  0.06    0.00    0.12 ^ clkbuf_2_1__f_clk/A (sky130_fd_sc_hd__clkbuf_16)
     9    0.02    0.04    0.13    0.25 ^ clkbuf_2_1__f_clk/X (sky130_fd_sc_hd__clkbuf_16)
                                         clknet_2_1__leaf_clk (net)
                  0.04    0.00    0.25 ^ _342_/CLK (sky130_fd_sc_hd__dfrtp_4)
                          0.00    0.25   clock reconvergence pessimism
                         -0.06    0.19   library hold time
                                  0.19   data required time
-----------------------------------------------------------------------------
                                  0.19   data required time
                                 -1.16   data arrival time
-----------------------------------------------------------------------------
                                  0.97   slack (MET)


Startpoint: _349_ (rising edge-triggered flip-flop clocked by core_clock)
Endpoint: _349_ (rising edge-triggered flip-flop clocked by core_clock)
Path Group: core_clock
Path Type: min

Fanout     Cap    Slew   Delay    Time   Description
-----------------------------------------------------------------------------
                          0.00    0.00   clock core_clock (rise edge)
                          0.00    0.00   clock source latency
     1    0.01    0.00    0.00    0.00 ^ clk (in)
                                         clk (net)
                  0.00    0.00    0.00 ^ clkbuf_0_clk/A (sky130_fd_sc_hd__clkbuf_16)
     4    0.04    0.06    0.12    0.12 ^ clkbuf_0_clk/X (sky130_fd_sc_hd__clkbuf_16)
                                         clknet_0_clk (net)
                  0.06    0.00    0.12 ^ clkbuf_2_1__f_clk/A (sky130_fd_sc_hd__clkbuf_16)
     9    0.02    0.04    0.13    0.25 ^ clkbuf_2_1__f_clk/X (sky130_fd_sc_hd__clkbuf_16)
                                         clknet_2_1__leaf_clk (net)
                  0.04    0.00    0.25 ^ _349_/CLK (sky130_fd_sc_hd__dfrtp_4)
     4    0.05    0.16    0.49    0.74 ^ _349_/Q (sky130_fd_sc_hd__dfrtp_4)
                                         one_second_counter[19] (net)
                  0.16    0.01    0.75 ^ _256_/B1 (sky130_fd_sc_hd__a41o_2)
     1    0.00    0.03    0.11    0.86 ^ _256_/X (sky130_fd_sc_hd__a41o_2)
                                         _134_ (net)
                  0.03    0.00    0.86 ^ _260_/B (sky130_fd_sc_hd__and3_2)
     1    0.02    0.13    0.24    1.10 ^ _260_/X (sky130_fd_sc_hd__and3_2)
                                         _138_ (net)
                  0.13    0.00    1.11 ^ _261_/A (sky130_fd_sc_hd__buf_1)
     1    0.00    0.04    0.10    1.20 ^ _261_/X (sky130_fd_sc_hd__buf_1)
                                         _010_ (net)
                  0.04    0.00    1.20 ^ _349_/D (sky130_fd_sc_hd__dfrtp_4)
                                  1.20   data arrival time

                          0.00    0.00   clock core_clock (rise edge)
                          0.00    0.00   clock source latency
     1    0.01    0.00    0.00    0.00 ^ clk (in)
                                         clk (net)
                  0.00    0.00    0.00 ^ clkbuf_0_clk/A (sky130_fd_sc_hd__clkbuf_16)
     4    0.04    0.06    0.12    0.12 ^ clkbuf_0_clk/X (sky130_fd_sc_hd__clkbuf_16)
                                         clknet_0_clk (net)
                  0.06    0.00    0.12 ^ clkbuf_2_1__f_clk/A (sky130_fd_sc_hd__clkbuf_16)
     9    0.02    0.04    0.13    0.25 ^ clkbuf_2_1__f_clk/X (sky130_fd_sc_hd__clkbuf_16)
                                         clknet_2_1__leaf_clk (net)
                  0.04    0.00    0.25 ^ _349_/CLK (sky130_fd_sc_hd__dfrtp_4)
                          0.00    0.25   clock reconvergence pessimism
                         -0.03    0.22   library hold time
                                  0.22   data required time
-----------------------------------------------------------------------------
                                  0.22   data required time
                                 -1.20   data arrival time
-----------------------------------------------------------------------------
                                  0.99   slack (MET)


Startpoint: _334_ (rising edge-triggered flip-flop clocked by core_clock)
Endpoint: _334_ (rising edge-triggered flip-flop clocked by core_clock)
Path Group: core_clock
Path Type: min

Fanout     Cap    Slew   Delay    Time   Description
-----------------------------------------------------------------------------
                          0.00    0.00   clock core_clock (rise edge)
                          0.00    0.00   clock source latency
     1    0.01    0.00    0.00    0.00 ^ clk (in)
                                         clk (net)
                  0.00    0.00    0.00 ^ clkbuf_0_clk/A (sky130_fd_sc_hd__clkbuf_16)
     4    0.04    0.06    0.12    0.12 ^ clkbuf_0_clk/X (sky130_fd_sc_hd__clkbuf_16)
                                         clknet_0_clk (net)
                  0.06    0.00    0.12 ^ clkbuf_2_3__f_clk/A (sky130_fd_sc_hd__clkbuf_16)
    10    0.02    0.04    0.13    0.25 ^ clkbuf_2_3__f_clk/X (sky130_fd_sc_hd__clkbuf_16)
                                         clknet_2_3__leaf_clk (net)
                  0.04    0.00    0.25 ^ _334_/CLK (sky130_fd_sc_hd__dfrtp_4)
     5    0.04    0.13    0.47    0.72 ^ _334_/Q (sky130_fd_sc_hd__dfrtp_4)
                                         one_second_counter[4] (net)
                  0.13    0.00    0.73 ^ _204_/A (sky130_fd_sc_hd__or2_1)
     1    0.01    0.06    0.13    0.86 ^ _204_/X (sky130_fd_sc_hd__or2_1)
                                         _097_ (net)
                  0.06    0.00    0.86 ^ _205_/C (sky130_fd_sc_hd__and3_1)
     1    0.01    0.16    0.24    1.10 ^ _205_/X (sky130_fd_sc_hd__and3_1)
                                         _098_ (net)
                  0.16    0.00    1.10 ^ _206_/A (sky130_fd_sc_hd__dlymetal6s2s_1)
     1    0.00    0.05    0.12    1.22 ^ _206_/X (sky130_fd_sc_hd__dlymetal6s2s_1)
                                         _021_ (net)
                  0.05    0.00    1.22 ^ _334_/D (sky130_fd_sc_hd__dfrtp_4)
                                  1.22   data arrival time

                          0.00    0.00   clock core_clock (rise edge)
                          0.00    0.00   clock source latency
     1    0.01    0.00    0.00    0.00 ^ clk (in)
                                         clk (net)
                  0.00    0.00    0.00 ^ clkbuf_0_clk/A (sky130_fd_sc_hd__clkbuf_16)
     4    0.04    0.06    0.12    0.12 ^ clkbuf_0_clk/X (sky130_fd_sc_hd__clkbuf_16)
                                         clknet_0_clk (net)
                  0.06    0.00    0.12 ^ clkbuf_2_3__f_clk/A (sky130_fd_sc_hd__clkbuf_16)
    10    0.02    0.04    0.13    0.25 ^ clkbuf_2_3__f_clk/X (sky130_fd_sc_hd__clkbuf_16)
                                         clknet_2_3__leaf_clk (net)
                  0.04    0.00    0.25 ^ _334_/CLK (sky130_fd_sc_hd__dfrtp_4)
                          0.00    0.25   clock reconvergence pessimism
                         -0.04    0.22   library hold time
                                  0.22   data required time
-----------------------------------------------------------------------------
                                  0.22   data required time
                                 -1.22   data arrival time
-----------------------------------------------------------------------------
                                  1.01   slack (MET)


Startpoint: _344_ (rising edge-triggered flip-flop clocked by core_clock)
Endpoint: _344_ (rising edge-triggered flip-flop clocked by core_clock)
Path Group: core_clock
Path Type: min

Fanout     Cap    Slew   Delay    Time   Description
-----------------------------------------------------------------------------
                          0.00    0.00   clock core_clock (rise edge)
                          0.00    0.00   clock source latency
     1    0.01    0.00    0.00    0.00 ^ clk (in)
                                         clk (net)
                  0.00    0.00    0.00 ^ clkbuf_0_clk/A (sky130_fd_sc_hd__clkbuf_16)
     4    0.04    0.06    0.12    0.12 ^ clkbuf_0_clk/X (sky130_fd_sc_hd__clkbuf_16)
                                         clknet_0_clk (net)
                  0.06    0.00    0.12 ^ clkbuf_2_3__f_clk/A (sky130_fd_sc_hd__clkbuf_16)
    10    0.02    0.04    0.13    0.25 ^ clkbuf_2_3__f_clk/X (sky130_fd_sc_hd__clkbuf_16)
                                         clknet_2_3__leaf_clk (net)
                  0.04    0.00    0.25 ^ _344_/CLK (sky130_fd_sc_hd__dfrtp_4)
     3    0.04    0.13    0.47    0.72 ^ _344_/Q (sky130_fd_sc_hd__dfrtp_4)
                                         one_second_counter[14] (net)
                  0.13    0.00    0.72 ^ _238_/A (sky130_fd_sc_hd__inv_2)
     2    0.01    0.04    0.05    0.77 v _238_/Y (sky130_fd_sc_hd__inv_2)
                                         _121_ (net)
                  0.04    0.00    0.77 v _239_/A (sky130_fd_sc_hd__nand2_2)
     1    0.00    0.02    0.04    0.81 ^ _239_/Y (sky130_fd_sc_hd__nand2_2)
                                         _122_ (net)
                  0.02    0.00    0.81 ^ _241_/B (sky130_fd_sc_hd__and3_2)
     1    0.03    0.14    0.24    1.05 ^ _241_/X (sky130_fd_sc_hd__and3_2)
                                         _124_ (net)
                  0.14    0.00    1.06 ^ _242_/A (sky130_fd_sc_hd__clkbuf_2)
     1    0.02    0.13    0.20    1.26 ^ _242_/X (sky130_fd_sc_hd__clkbuf_2)
                                         _005_ (net)
                  0.13    0.00    1.26 ^ _344_/D (sky130_fd_sc_hd__dfrtp_4)
                                  1.26   data arrival time

                          0.00    0.00   clock core_clock (rise edge)
                          0.00    0.00   clock source latency
     1    0.01    0.00    0.00    0.00 ^ clk (in)
                                         clk (net)
                  0.00    0.00    0.00 ^ clkbuf_0_clk/A (sky130_fd_sc_hd__clkbuf_16)
     4    0.04    0.06    0.12    0.12 ^ clkbuf_0_clk/X (sky130_fd_sc_hd__clkbuf_16)
                                         clknet_0_clk (net)
                  0.06    0.00    0.12 ^ clkbuf_2_3__f_clk/A (sky130_fd_sc_hd__clkbuf_16)
    10    0.02    0.04    0.13    0.25 ^ clkbuf_2_3__f_clk/X (sky130_fd_sc_hd__clkbuf_16)
                                         clknet_2_3__leaf_clk (net)
                  0.04    0.00    0.25 ^ _344_/CLK (sky130_fd_sc_hd__dfrtp_4)
                          0.00    0.25   clock reconvergence pessimism
                         -0.05    0.20   library hold time
                                  0.20   data required time
-----------------------------------------------------------------------------
                                  0.20   data required time
                                 -1.26   data arrival time
-----------------------------------------------------------------------------
                                  1.06   slack (MET)


Startpoint: _336_ (rising edge-triggered flip-flop clocked by core_clock)
Endpoint: _336_ (rising edge-triggered flip-flop clocked by core_clock)
Path Group: core_clock
Path Type: min

Fanout     Cap    Slew   Delay    Time   Description
-----------------------------------------------------------------------------
                          0.00    0.00   clock core_clock (rise edge)
                          0.00    0.00   clock source latency
     1    0.01    0.00    0.00    0.00 ^ clk (in)
                                         clk (net)
                  0.00    0.00    0.00 ^ clkbuf_0_clk/A (sky130_fd_sc_hd__clkbuf_16)
     4    0.04    0.06    0.12    0.12 ^ clkbuf_0_clk/X (sky130_fd_sc_hd__clkbuf_16)
                                         clknet_0_clk (net)
                  0.06    0.00    0.13 ^ clkbuf_2_0__f_clk/A (sky130_fd_sc_hd__clkbuf_16)
     9    0.04    0.06    0.14    0.27 ^ clkbuf_2_0__f_clk/X (sky130_fd_sc_hd__clkbuf_16)
                                         clknet_2_0__leaf_clk (net)
                  0.06    0.00    0.27 ^ _336_/CLK (sky130_fd_sc_hd__dfrtp_4)
     3    0.03    0.11    0.46    0.73 ^ _336_/Q (sky130_fd_sc_hd__dfrtp_4)
                                         one_second_counter[6] (net)
                  0.11    0.00    0.73 ^ _211_/A (sky130_fd_sc_hd__nand2_4)
     2    0.04    0.09    0.10    0.83 v _211_/Y (sky130_fd_sc_hd__nand2_4)
                                         _102_ (net)
                  0.09    0.01    0.84 v _212_/C (sky130_fd_sc_hd__and3_2)
     1    0.03    0.08    0.28    1.12 v _212_/X (sky130_fd_sc_hd__and3_2)
                                         _103_ (net)
                  0.09    0.00    1.13 v _213_/A (sky130_fd_sc_hd__clkbuf_2)
     1    0.02    0.08    0.16    1.29 v _213_/X (sky130_fd_sc_hd__clkbuf_2)
                                         _023_ (net)
                  0.08    0.00    1.30 v _336_/D (sky130_fd_sc_hd__dfrtp_4)
                                  1.30   data arrival time

                          0.00    0.00   clock core_clock (rise edge)
                          0.00    0.00   clock source latency
     1    0.01    0.00    0.00    0.00 ^ clk (in)
                                         clk (net)
                  0.00    0.00    0.00 ^ clkbuf_0_clk/A (sky130_fd_sc_hd__clkbuf_16)
     4    0.04    0.06    0.12    0.12 ^ clkbuf_0_clk/X (sky130_fd_sc_hd__clkbuf_16)
                                         clknet_0_clk (net)
                  0.06    0.00    0.13 ^ clkbuf_2_0__f_clk/A (sky130_fd_sc_hd__clkbuf_16)
     9    0.04    0.06    0.14    0.27 ^ clkbuf_2_0__f_clk/X (sky130_fd_sc_hd__clkbuf_16)
                                         clknet_2_0__leaf_clk (net)
                  0.06    0.00    0.27 ^ _336_/CLK (sky130_fd_sc_hd__dfrtp_4)
                          0.00    0.27   clock reconvergence pessimism
                         -0.05    0.22   library hold time
                                  0.22   data required time
-----------------------------------------------------------------------------
                                  0.22   data required time
                                 -1.30   data arrival time
-----------------------------------------------------------------------------
                                  1.08   slack (MET)


Startpoint: _340_ (rising edge-triggered flip-flop clocked by core_clock)
Endpoint: _340_ (rising edge-triggered flip-flop clocked by core_clock)
Path Group: core_clock
Path Type: min

Fanout     Cap    Slew   Delay    Time   Description
-----------------------------------------------------------------------------
                          0.00    0.00   clock core_clock (rise edge)
                          0.00    0.00   clock source latency
     1    0.01    0.00    0.00    0.00 ^ clk (in)
                                         clk (net)
                  0.00    0.00    0.00 ^ clkbuf_0_clk/A (sky130_fd_sc_hd__clkbuf_16)
     4    0.04    0.06    0.12    0.12 ^ clkbuf_0_clk/X (sky130_fd_sc_hd__clkbuf_16)
                                         clknet_0_clk (net)
                  0.06    0.00    0.12 ^ clkbuf_2_3__f_clk/A (sky130_fd_sc_hd__clkbuf_16)
    10    0.02    0.04    0.13    0.25 ^ clkbuf_2_3__f_clk/X (sky130_fd_sc_hd__clkbuf_16)
                                         clknet_2_3__leaf_clk (net)
                  0.04    0.00    0.25 ^ _340_/CLK (sky130_fd_sc_hd__dfrtp_4)
     6    0.05    0.17    0.50    0.76 ^ _340_/Q (sky130_fd_sc_hd__dfrtp_4)
                                         one_second_counter[10] (net)
                  0.17    0.01    0.76 ^ _223_/A (sky130_fd_sc_hd__or2_2)
     1    0.02    0.11    0.20    0.96 ^ _223_/X (sky130_fd_sc_hd__or2_2)
                                         _110_ (net)
                  0.11    0.00    0.97 ^ _225_/B (sky130_fd_sc_hd__and3_2)
     1    0.00    0.04    0.17    1.14 ^ _225_/X (sky130_fd_sc_hd__and3_2)
                                         _112_ (net)
                  0.04    0.00    1.14 ^ _226_/A (sky130_fd_sc_hd__dlymetal6s2s_1)
     1    0.02    0.18    0.18    1.32 ^ _226_/X (sky130_fd_sc_hd__dlymetal6s2s_1)
                                         _001_ (net)
                  0.18    0.00    1.32 ^ _340_/D (sky130_fd_sc_hd__dfrtp_4)
                                  1.32   data arrival time

                          0.00    0.00   clock core_clock (rise edge)
                          0.00    0.00   clock source latency
     1    0.01    0.00    0.00    0.00 ^ clk (in)
                                         clk (net)
                  0.00    0.00    0.00 ^ clkbuf_0_clk/A (sky130_fd_sc_hd__clkbuf_16)
     4    0.04    0.06    0.12    0.12 ^ clkbuf_0_clk/X (sky130_fd_sc_hd__clkbuf_16)
                                         clknet_0_clk (net)
                  0.06    0.00    0.12 ^ clkbuf_2_3__f_clk/A (sky130_fd_sc_hd__clkbuf_16)
    10    0.02    0.04    0.13    0.25 ^ clkbuf_2_3__f_clk/X (sky130_fd_sc_hd__clkbuf_16)
                                         clknet_2_3__leaf_clk (net)
                  0.04    0.00    0.25 ^ _340_/CLK (sky130_fd_sc_hd__dfrtp_4)
                          0.00    0.25   clock reconvergence pessimism
                         -0.06    0.19   library hold time
                                  0.19   data required time
-----------------------------------------------------------------------------
                                  0.19   data required time
                                 -1.32   data arrival time
-----------------------------------------------------------------------------
                                  1.14   slack (MET)



worst slack corner Typical: 0.6129
min_report_end
max_report

===========================================================================
report_checks -path_delay max (Setup)
============================================================================
======================= Typical Corner ===================================

Startpoint: _343_ (rising edge-triggered flip-flop clocked by core_clock)
Endpoint: _354_ (rising edge-triggered flip-flop clocked by core_clock)
Path Group: core_clock
Path Type: max

Fanout     Cap    Slew   Delay    Time   Description
-----------------------------------------------------------------------------
                          0.00    0.00   clock core_clock (rise edge)
                          0.00    0.00   clock source latency
     1    0.01    0.00    0.00    0.00 ^ clk (in)
                                         clk (net)
                  0.00    0.00    0.00 ^ clkbuf_0_clk/A (sky130_fd_sc_hd__clkbuf_16)
     4    0.04    0.06    0.12    0.12 ^ clkbuf_0_clk/X (sky130_fd_sc_hd__clkbuf_16)
                                         clknet_0_clk (net)
                  0.06    0.00    0.12 ^ clkbuf_2_1__f_clk/A (sky130_fd_sc_hd__clkbuf_16)
     9    0.02    0.04    0.13    0.25 ^ clkbuf_2_1__f_clk/X (sky130_fd_sc_hd__clkbuf_16)
                                         clknet_2_1__leaf_clk (net)
                  0.04    0.00    0.25 ^ _343_/CLK (sky130_fd_sc_hd__dfrtp_4)
     4    0.05    0.12    0.55    0.80 v _343_/Q (sky130_fd_sc_hd__dfrtp_4)
                                         one_second_counter[13] (net)
                  0.12    0.01    0.80 v _180_/D (sky130_fd_sc_hd__and4_2)
     2    0.01    0.05    0.28    1.08 v _180_/X (sky130_fd_sc_hd__and4_2)
                                         _078_ (net)
                  0.05    0.00    1.08 v _181_/D (sky130_fd_sc_hd__or4_1)
     1    0.00    0.08    0.38    1.47 v _181_/X (sky130_fd_sc_hd__or4_1)
                                         _079_ (net)
                  0.08    0.00    1.47 v _184_/A3 (sky130_fd_sc_hd__o31a_2)
     1    0.02    0.10    0.35    1.82 v _184_/X (sky130_fd_sc_hd__o31a_2)
                                         _082_ (net)
                  0.10    0.00    1.83 v _186_/A2 (sky130_fd_sc_hd__o211ai_4)
     2    0.02    0.22    0.23    2.06 ^ _186_/Y (sky130_fd_sc_hd__o211ai_4)
                                         _084_ (net)
                  0.22    0.00    2.06 ^ _187_/A2 (sky130_fd_sc_hd__a21bo_4)
     9    0.02    0.08    0.19    2.25 ^ _187_/X (sky130_fd_sc_hd__a21bo_4)
                                         _085_ (net)
                  0.08    0.00    2.25 ^ _188_/A (sky130_fd_sc_hd__inv_2)
     2    0.03    0.08    0.09    2.34 v _188_/Y (sky130_fd_sc_hd__inv_2)
                                         _086_ (net)
                  0.08    0.00    2.34 v _189_/A (sky130_fd_sc_hd__buf_8)
    10    0.07    0.06    0.17    2.51 v _189_/X (sky130_fd_sc_hd__buf_8)
                                         _027_ (net)
                  0.07    0.01    2.52 v _278_/A (sky130_fd_sc_hd__nor3_2)
     1    0.02    0.44    0.41    2.93 ^ _278_/Y (sky130_fd_sc_hd__nor3_2)
                                         _016_ (net)
                  0.44    0.00    2.93 ^ _354_/D (sky130_fd_sc_hd__dfrtp_4)
                                  2.93   data arrival time

                         10.00   10.00   clock core_clock (rise edge)
                          0.00   10.00   clock source latency
     1    0.01    0.00    0.00   10.00 ^ clk (in)
                                         clk (net)
                  0.00    0.00   10.00 ^ clkbuf_0_clk/A (sky130_fd_sc_hd__clkbuf_16)
     4    0.04    0.06    0.12   10.12 ^ clkbuf_0_clk/X (sky130_fd_sc_hd__clkbuf_16)
                                         clknet_0_clk (net)
                  0.06    0.00   10.12 ^ clkbuf_2_2__f_clk/A (sky130_fd_sc_hd__clkbuf_16)
     7    0.03    0.05    0.14   10.26 ^ clkbuf_2_2__f_clk/X (sky130_fd_sc_hd__clkbuf_16)
                                         clknet_2_2__leaf_clk (net)
                  0.05    0.00   10.26 ^ _354_/CLK (sky130_fd_sc_hd__dfrtp_4)
                          0.00   10.26   clock reconvergence pessimism
                         -0.15   10.11   library setup time
                                 10.11   data required time
-----------------------------------------------------------------------------
                                 10.11   data required time
                                 -2.93   data arrival time
-----------------------------------------------------------------------------
                                  7.18   slack (MET)


Startpoint: _343_ (rising edge-triggered flip-flop clocked by core_clock)
Endpoint: _339_ (rising edge-triggered flip-flop clocked by core_clock)
Path Group: core_clock
Path Type: max

Fanout     Cap    Slew   Delay    Time   Description
-----------------------------------------------------------------------------
                          0.00    0.00   clock core_clock (rise edge)
                          0.00    0.00   clock source latency
     1    0.01    0.00    0.00    0.00 ^ clk (in)
                                         clk (net)
                  0.00    0.00    0.00 ^ clkbuf_0_clk/A (sky130_fd_sc_hd__clkbuf_16)
     4    0.04    0.06    0.12    0.12 ^ clkbuf_0_clk/X (sky130_fd_sc_hd__clkbuf_16)
                                         clknet_0_clk (net)
                  0.06    0.00    0.12 ^ clkbuf_2_1__f_clk/A (sky130_fd_sc_hd__clkbuf_16)
     9    0.02    0.04    0.13    0.25 ^ clkbuf_2_1__f_clk/X (sky130_fd_sc_hd__clkbuf_16)
                                         clknet_2_1__leaf_clk (net)
                  0.04    0.00    0.25 ^ _343_/CLK (sky130_fd_sc_hd__dfrtp_4)
     4    0.05    0.12    0.55    0.80 v _343_/Q (sky130_fd_sc_hd__dfrtp_4)
                                         one_second_counter[13] (net)
                  0.12    0.01    0.80 v _180_/D (sky130_fd_sc_hd__and4_2)
     2    0.01    0.05    0.28    1.08 v _180_/X (sky130_fd_sc_hd__and4_2)
                                         _078_ (net)
                  0.05    0.00    1.08 v _181_/D (sky130_fd_sc_hd__or4_1)
     1    0.00    0.08    0.38    1.47 v _181_/X (sky130_fd_sc_hd__or4_1)
                                         _079_ (net)
                  0.08    0.00    1.47 v _184_/A3 (sky130_fd_sc_hd__o31a_2)
     1    0.02    0.10    0.35    1.82 v _184_/X (sky130_fd_sc_hd__o31a_2)
                                         _082_ (net)
                  0.10    0.00    1.83 v _186_/A2 (sky130_fd_sc_hd__o211ai_4)
     2    0.02    0.22    0.23    2.06 ^ _186_/Y (sky130_fd_sc_hd__o211ai_4)
                                         _084_ (net)
                  0.22    0.00    2.06 ^ _187_/A2 (sky130_fd_sc_hd__a21bo_4)
     9    0.02    0.08    0.19    2.25 ^ _187_/X (sky130_fd_sc_hd__a21bo_4)
                                         _085_ (net)
                  0.08    0.00    2.25 ^ _188_/A (sky130_fd_sc_hd__inv_2)
     2    0.03    0.08    0.09    2.34 v _188_/Y (sky130_fd_sc_hd__inv_2)
                                         _086_ (net)
                  0.08    0.00    2.34 v _189_/A (sky130_fd_sc_hd__buf_8)
    10    0.07    0.06    0.17    2.51 v _189_/X (sky130_fd_sc_hd__buf_8)
                                         _027_ (net)
                  0.06    0.00    2.51 v _222_/A (sky130_fd_sc_hd__nor3_2)
     1    0.02    0.39    0.37    2.88 ^ _222_/Y (sky130_fd_sc_hd__nor3_2)
                                         _026_ (net)
                  0.39    0.00    2.89 ^ _339_/D (sky130_fd_sc_hd__dfrtp_4)
                                  2.89   data arrival time

                         10.00   10.00   clock core_clock (rise edge)
                          0.00   10.00   clock source latency
     1    0.01    0.00    0.00   10.00 ^ clk (in)
                                         clk (net)
                  0.00    0.00   10.00 ^ clkbuf_0_clk/A (sky130_fd_sc_hd__clkbuf_16)
     4    0.04    0.06    0.12   10.12 ^ clkbuf_0_clk/X (sky130_fd_sc_hd__clkbuf_16)
                                         clknet_0_clk (net)
                  0.06    0.00   10.12 ^ clkbuf_2_3__f_clk/A (sky130_fd_sc_hd__clkbuf_16)
    10    0.02    0.04    0.13   10.25 ^ clkbuf_2_3__f_clk/X (sky130_fd_sc_hd__clkbuf_16)
                                         clknet_2_3__leaf_clk (net)
                  0.04    0.00   10.25 ^ _339_/CLK (sky130_fd_sc_hd__dfrtp_4)
                          0.00   10.25   clock reconvergence pessimism
                         -0.14   10.11   library setup time
                                 10.11   data required time
-----------------------------------------------------------------------------
                                 10.11   data required time
                                 -2.89   data arrival time
-----------------------------------------------------------------------------
                                  7.22   slack (MET)


Startpoint: _343_ (rising edge-triggered flip-flop clocked by core_clock)
Endpoint: _335_ (rising edge-triggered flip-flop clocked by core_clock)
Path Group: core_clock
Path Type: max

Fanout     Cap    Slew   Delay    Time   Description
-----------------------------------------------------------------------------
                          0.00    0.00   clock core_clock (rise edge)
                          0.00    0.00   clock source latency
     1    0.01    0.00    0.00    0.00 ^ clk (in)
                                         clk (net)
                  0.00    0.00    0.00 ^ clkbuf_0_clk/A (sky130_fd_sc_hd__clkbuf_16)
     4    0.04    0.06    0.12    0.12 ^ clkbuf_0_clk/X (sky130_fd_sc_hd__clkbuf_16)
                                         clknet_0_clk (net)
                  0.06    0.00    0.12 ^ clkbuf_2_1__f_clk/A (sky130_fd_sc_hd__clkbuf_16)
     9    0.02    0.04    0.13    0.25 ^ clkbuf_2_1__f_clk/X (sky130_fd_sc_hd__clkbuf_16)
                                         clknet_2_1__leaf_clk (net)
                  0.04    0.00    0.25 ^ _343_/CLK (sky130_fd_sc_hd__dfrtp_4)
     4    0.05    0.12    0.55    0.80 v _343_/Q (sky130_fd_sc_hd__dfrtp_4)
                                         one_second_counter[13] (net)
                  0.12    0.01    0.80 v _180_/D (sky130_fd_sc_hd__and4_2)
     2    0.01    0.05    0.28    1.08 v _180_/X (sky130_fd_sc_hd__and4_2)
                                         _078_ (net)
                  0.05    0.00    1.08 v _181_/D (sky130_fd_sc_hd__or4_1)
     1    0.00    0.08    0.38    1.47 v _181_/X (sky130_fd_sc_hd__or4_1)
                                         _079_ (net)
                  0.08    0.00    1.47 v _184_/A3 (sky130_fd_sc_hd__o31a_2)
     1    0.02    0.10    0.35    1.82 v _184_/X (sky130_fd_sc_hd__o31a_2)
                                         _082_ (net)
                  0.10    0.00    1.83 v _186_/A2 (sky130_fd_sc_hd__o211ai_4)
     2    0.02    0.22    0.23    2.06 ^ _186_/Y (sky130_fd_sc_hd__o211ai_4)
                                         _084_ (net)
                  0.22    0.00    2.06 ^ _187_/A2 (sky130_fd_sc_hd__a21bo_4)
     9    0.02    0.08    0.19    2.25 ^ _187_/X (sky130_fd_sc_hd__a21bo_4)
                                         _085_ (net)
                  0.08    0.00    2.25 ^ _188_/A (sky130_fd_sc_hd__inv_2)
     2    0.03    0.08    0.09    2.34 v _188_/Y (sky130_fd_sc_hd__inv_2)
                                         _086_ (net)
                  0.08    0.00    2.34 v _189_/A (sky130_fd_sc_hd__buf_8)
    10    0.07    0.06    0.17    2.51 v _189_/X (sky130_fd_sc_hd__buf_8)
                                         _027_ (net)
                  0.07    0.01    2.52 v _209_/A (sky130_fd_sc_hd__nor3_1)
     1    0.01    0.38    0.37    2.88 ^ _209_/Y (sky130_fd_sc_hd__nor3_1)
                                         _022_ (net)
                  0.38    0.00    2.88 ^ _335_/D (sky130_fd_sc_hd__dfrtp_4)
                                  2.88   data arrival time

                         10.00   10.00   clock core_clock (rise edge)
                          0.00   10.00   clock source latency
     1    0.01    0.00    0.00   10.00 ^ clk (in)
                                         clk (net)
                  0.00    0.00   10.00 ^ clkbuf_0_clk/A (sky130_fd_sc_hd__clkbuf_16)
     4    0.04    0.06    0.12   10.12 ^ clkbuf_0_clk/X (sky130_fd_sc_hd__clkbuf_16)
                                         clknet_0_clk (net)
                  0.06    0.00   10.12 ^ clkbuf_2_3__f_clk/A (sky130_fd_sc_hd__clkbuf_16)
    10    0.02    0.04    0.13   10.25 ^ clkbuf_2_3__f_clk/X (sky130_fd_sc_hd__clkbuf_16)
                                         clknet_2_3__leaf_clk (net)
                  0.04    0.00   10.25 ^ _335_/CLK (sky130_fd_sc_hd__dfrtp_4)
                          0.00   10.25   clock reconvergence pessimism
                         -0.14   10.11   library setup time
                                 10.11   data required time
-----------------------------------------------------------------------------
                                 10.11   data required time
                                 -2.88   data arrival time
-----------------------------------------------------------------------------
                                  7.23   slack (MET)


Startpoint: _343_ (rising edge-triggered flip-flop clocked by core_clock)
Endpoint: _344_ (rising edge-triggered flip-flop clocked by core_clock)
Path Group: core_clock
Path Type: max

Fanout     Cap    Slew   Delay    Time   Description
-----------------------------------------------------------------------------
                          0.00    0.00   clock core_clock (rise edge)
                          0.00    0.00   clock source latency
     1    0.01    0.00    0.00    0.00 ^ clk (in)
                                         clk (net)
                  0.00    0.00    0.00 ^ clkbuf_0_clk/A (sky130_fd_sc_hd__clkbuf_16)
     4    0.04    0.06    0.12    0.12 ^ clkbuf_0_clk/X (sky130_fd_sc_hd__clkbuf_16)
                                         clknet_0_clk (net)
                  0.06    0.00    0.12 ^ clkbuf_2_1__f_clk/A (sky130_fd_sc_hd__clkbuf_16)
     9    0.02    0.04    0.13    0.25 ^ clkbuf_2_1__f_clk/X (sky130_fd_sc_hd__clkbuf_16)
                                         clknet_2_1__leaf_clk (net)
                  0.04    0.00    0.25 ^ _343_/CLK (sky130_fd_sc_hd__dfrtp_4)
     4    0.05    0.12    0.55    0.80 v _343_/Q (sky130_fd_sc_hd__dfrtp_4)
                                         one_second_counter[13] (net)
                  0.12    0.01    0.80 v _180_/D (sky130_fd_sc_hd__and4_2)
     2    0.01    0.05    0.28    1.08 v _180_/X (sky130_fd_sc_hd__and4_2)
                                         _078_ (net)
                  0.05    0.00    1.08 v _181_/D (sky130_fd_sc_hd__or4_1)
     1    0.00    0.08    0.38    1.47 v _181_/X (sky130_fd_sc_hd__or4_1)
                                         _079_ (net)
                  0.08    0.00    1.47 v _184_/A3 (sky130_fd_sc_hd__o31a_2)
     1    0.02    0.10    0.35    1.82 v _184_/X (sky130_fd_sc_hd__o31a_2)
                                         _082_ (net)
                  0.10    0.00    1.83 v _186_/A2 (sky130_fd_sc_hd__o211ai_4)
     2    0.02    0.22    0.23    2.06 ^ _186_/Y (sky130_fd_sc_hd__o211ai_4)
                                         _084_ (net)
                  0.22    0.00    2.06 ^ _187_/A2 (sky130_fd_sc_hd__a21bo_4)
     9    0.02    0.08    0.19    2.25 ^ _187_/X (sky130_fd_sc_hd__a21bo_4)
                                         _085_ (net)
                  0.08    0.00    2.25 ^ _202_/A (sky130_fd_sc_hd__clkbuf_8)
    10    0.06    0.11    0.19    2.44 ^ _202_/X (sky130_fd_sc_hd__clkbuf_8)
                                         _095_ (net)
                  0.11    0.01    2.45 ^ _241_/A (sky130_fd_sc_hd__and3_2)
     1    0.03    0.14    0.27    2.71 ^ _241_/X (sky130_fd_sc_hd__and3_2)
                                         _124_ (net)
                  0.14    0.00    2.72 ^ _242_/A (sky130_fd_sc_hd__clkbuf_2)
     1    0.02    0.13    0.20    2.92 ^ _242_/X (sky130_fd_sc_hd__clkbuf_2)
                                         _005_ (net)
                  0.13    0.00    2.92 ^ _344_/D (sky130_fd_sc_hd__dfrtp_4)
                                  2.92   data arrival time

                         10.00   10.00   clock core_clock (rise edge)
                          0.00   10.00   clock source latency
     1    0.01    0.00    0.00   10.00 ^ clk (in)
                                         clk (net)
                  0.00    0.00   10.00 ^ clkbuf_0_clk/A (sky130_fd_sc_hd__clkbuf_16)
     4    0.04    0.06    0.12   10.12 ^ clkbuf_0_clk/X (sky130_fd_sc_hd__clkbuf_16)
                                         clknet_0_clk (net)
                  0.06    0.00   10.12 ^ clkbuf_2_3__f_clk/A (sky130_fd_sc_hd__clkbuf_16)
    10    0.02    0.04    0.13   10.25 ^ clkbuf_2_3__f_clk/X (sky130_fd_sc_hd__clkbuf_16)
                                         clknet_2_3__leaf_clk (net)
                  0.04    0.00   10.25 ^ _344_/CLK (sky130_fd_sc_hd__dfrtp_4)
                          0.00   10.25   clock reconvergence pessimism
                         -0.08   10.17   library setup time
                                 10.17   data required time
-----------------------------------------------------------------------------
                                 10.17   data required time
                                 -2.92   data arrival time
-----------------------------------------------------------------------------
                                  7.25   slack (MET)


Startpoint: _343_ (rising edge-triggered flip-flop clocked by core_clock)
Endpoint: _341_ (rising edge-triggered flip-flop clocked by core_clock)
Path Group: core_clock
Path Type: max

Fanout     Cap    Slew   Delay    Time   Description
-----------------------------------------------------------------------------
                          0.00    0.00   clock core_clock (rise edge)
                          0.00    0.00   clock source latency
     1    0.01    0.00    0.00    0.00 ^ clk (in)
                                         clk (net)
                  0.00    0.00    0.00 ^ clkbuf_0_clk/A (sky130_fd_sc_hd__clkbuf_16)
     4    0.04    0.06    0.12    0.12 ^ clkbuf_0_clk/X (sky130_fd_sc_hd__clkbuf_16)
                                         clknet_0_clk (net)
                  0.06    0.00    0.12 ^ clkbuf_2_1__f_clk/A (sky130_fd_sc_hd__clkbuf_16)
     9    0.02    0.04    0.13    0.25 ^ clkbuf_2_1__f_clk/X (sky130_fd_sc_hd__clkbuf_16)
                                         clknet_2_1__leaf_clk (net)
                  0.04    0.00    0.25 ^ _343_/CLK (sky130_fd_sc_hd__dfrtp_4)
     4    0.05    0.12    0.55    0.80 v _343_/Q (sky130_fd_sc_hd__dfrtp_4)
                                         one_second_counter[13] (net)
                  0.12    0.01    0.80 v _180_/D (sky130_fd_sc_hd__and4_2)
     2    0.01    0.05    0.28    1.08 v _180_/X (sky130_fd_sc_hd__and4_2)
                                         _078_ (net)
                  0.05    0.00    1.08 v _181_/D (sky130_fd_sc_hd__or4_1)
     1    0.00    0.08    0.38    1.47 v _181_/X (sky130_fd_sc_hd__or4_1)
                                         _079_ (net)
                  0.08    0.00    1.47 v _184_/A3 (sky130_fd_sc_hd__o31a_2)
     1    0.02    0.10    0.35    1.82 v _184_/X (sky130_fd_sc_hd__o31a_2)
                                         _082_ (net)
                  0.10    0.00    1.83 v _186_/A2 (sky130_fd_sc_hd__o211ai_4)
     2    0.02    0.22    0.23    2.06 ^ _186_/Y (sky130_fd_sc_hd__o211ai_4)
                                         _084_ (net)
                  0.22    0.00    2.06 ^ _187_/A2 (sky130_fd_sc_hd__a21bo_4)
     9    0.02    0.08    0.19    2.25 ^ _187_/X (sky130_fd_sc_hd__a21bo_4)
                                         _085_ (net)
                  0.08    0.00    2.25 ^ _188_/A (sky130_fd_sc_hd__inv_2)
     2    0.03    0.08    0.09    2.34 v _188_/Y (sky130_fd_sc_hd__inv_2)
                                         _086_ (net)
                  0.08    0.00    2.34 v _189_/A (sky130_fd_sc_hd__buf_8)
    10    0.07    0.06    0.17    2.51 v _189_/X (sky130_fd_sc_hd__buf_8)
                                         _027_ (net)
                  0.06    0.00    2.51 v _229_/A (sky130_fd_sc_hd__nor3_2)
     1    0.02    0.36    0.35    2.86 ^ _229_/Y (sky130_fd_sc_hd__nor3_2)
                                         _002_ (net)
                  0.36    0.00    2.86 ^ _341_/D (sky130_fd_sc_hd__dfrtp_4)
                                  2.86   data arrival time

                         10.00   10.00   clock core_clock (rise edge)
                          0.00   10.00   clock source latency
     1    0.01    0.00    0.00   10.00 ^ clk (in)
                                         clk (net)
                  0.00    0.00   10.00 ^ clkbuf_0_clk/A (sky130_fd_sc_hd__clkbuf_16)
     4    0.04    0.06    0.12   10.12 ^ clkbuf_0_clk/X (sky130_fd_sc_hd__clkbuf_16)
                                         clknet_0_clk (net)
                  0.06    0.00   10.12 ^ clkbuf_2_3__f_clk/A (sky130_fd_sc_hd__clkbuf_16)
    10    0.02    0.04    0.13   10.25 ^ clkbuf_2_3__f_clk/X (sky130_fd_sc_hd__clkbuf_16)
                                         clknet_2_3__leaf_clk (net)
                  0.04    0.00   10.25 ^ _341_/CLK (sky130_fd_sc_hd__dfrtp_4)
                          0.00   10.25   clock reconvergence pessimism
                         -0.14   10.12   library setup time
                                 10.12   data required time
-----------------------------------------------------------------------------
                                 10.12   data required time
                                 -2.86   data arrival time
-----------------------------------------------------------------------------
                                  7.26   slack (MET)


Startpoint: _343_ (rising edge-triggered flip-flop clocked by core_clock)
Endpoint: _336_ (rising edge-triggered flip-flop clocked by core_clock)
Path Group: core_clock
Path Type: max

Fanout     Cap    Slew   Delay    Time   Description
-----------------------------------------------------------------------------
                          0.00    0.00   clock core_clock (rise edge)
                          0.00    0.00   clock source latency
     1    0.01    0.00    0.00    0.00 ^ clk (in)
                                         clk (net)
                  0.00    0.00    0.00 ^ clkbuf_0_clk/A (sky130_fd_sc_hd__clkbuf_16)
     4    0.04    0.06    0.12    0.12 ^ clkbuf_0_clk/X (sky130_fd_sc_hd__clkbuf_16)
                                         clknet_0_clk (net)
                  0.06    0.00    0.12 ^ clkbuf_2_1__f_clk/A (sky130_fd_sc_hd__clkbuf_16)
     9    0.02    0.04    0.13    0.25 ^ clkbuf_2_1__f_clk/X (sky130_fd_sc_hd__clkbuf_16)
                                         clknet_2_1__leaf_clk (net)
                  0.04    0.00    0.25 ^ _343_/CLK (sky130_fd_sc_hd__dfrtp_4)
     4    0.05    0.12    0.55    0.80 v _343_/Q (sky130_fd_sc_hd__dfrtp_4)
                                         one_second_counter[13] (net)
                  0.12    0.01    0.80 v _180_/D (sky130_fd_sc_hd__and4_2)
     2    0.01    0.05    0.28    1.08 v _180_/X (sky130_fd_sc_hd__and4_2)
                                         _078_ (net)
                  0.05    0.00    1.08 v _181_/D (sky130_fd_sc_hd__or4_1)
     1    0.00    0.08    0.38    1.47 v _181_/X (sky130_fd_sc_hd__or4_1)
                                         _079_ (net)
                  0.08    0.00    1.47 v _184_/A3 (sky130_fd_sc_hd__o31a_2)
     1    0.02    0.10    0.35    1.82 v _184_/X (sky130_fd_sc_hd__o31a_2)
                                         _082_ (net)
                  0.10    0.00    1.83 v _186_/A2 (sky130_fd_sc_hd__o211ai_4)
     2    0.02    0.22    0.23    2.06 ^ _186_/Y (sky130_fd_sc_hd__o211ai_4)
                                         _084_ (net)
                  0.22    0.00    2.06 ^ _187_/A2 (sky130_fd_sc_hd__a21bo_4)
     9    0.02    0.08    0.19    2.25 ^ _187_/X (sky130_fd_sc_hd__a21bo_4)
                                         _085_ (net)
                  0.08    0.00    2.25 ^ _202_/A (sky130_fd_sc_hd__clkbuf_8)
    10    0.06    0.11    0.19    2.44 ^ _202_/X (sky130_fd_sc_hd__clkbuf_8)
                                         _095_ (net)
                  0.11    0.00    2.44 ^ _212_/A (sky130_fd_sc_hd__and3_2)
     1    0.03    0.14    0.27    2.71 ^ _212_/X (sky130_fd_sc_hd__and3_2)
                                         _103_ (net)
                  0.14    0.00    2.71 ^ _213_/A (sky130_fd_sc_hd__clkbuf_2)
     1    0.02    0.11    0.19    2.90 ^ _213_/X (sky130_fd_sc_hd__clkbuf_2)
                                         _023_ (net)
                  0.11    0.00    2.90 ^ _336_/D (sky130_fd_sc_hd__dfrtp_4)
                                  2.90   data arrival time

                         10.00   10.00   clock core_clock (rise edge)
                          0.00   10.00   clock source latency
     1    0.01    0.00    0.00   10.00 ^ clk (in)
                                         clk (net)
                  0.00    0.00   10.00 ^ clkbuf_0_clk/A (sky130_fd_sc_hd__clkbuf_16)
     4    0.04    0.06    0.12   10.12 ^ clkbuf_0_clk/X (sky130_fd_sc_hd__clkbuf_16)
                                         clknet_0_clk (net)
                  0.06    0.00   10.13 ^ clkbuf_2_0__f_clk/A (sky130_fd_sc_hd__clkbuf_16)
     9    0.04    0.06    0.14   10.27 ^ clkbuf_2_0__f_clk/X (sky130_fd_sc_hd__clkbuf_16)
                                         clknet_2_0__leaf_clk (net)
                  0.06    0.00   10.27 ^ _336_/CLK (sky130_fd_sc_hd__dfrtp_4)
                          0.00   10.27   clock reconvergence pessimism
                         -0.08   10.19   library setup time
                                 10.19   data required time
-----------------------------------------------------------------------------
                                 10.19   data required time
                                 -2.90   data arrival time
-----------------------------------------------------------------------------
                                  7.29   slack (MET)


Startpoint: _343_ (rising edge-triggered flip-flop clocked by core_clock)
Endpoint: _353_ (rising edge-triggered flip-flop clocked by core_clock)
Path Group: core_clock
Path Type: max

Fanout     Cap    Slew   Delay    Time   Description
-----------------------------------------------------------------------------
                          0.00    0.00   clock core_clock (rise edge)
                          0.00    0.00   clock source latency
     1    0.01    0.00    0.00    0.00 ^ clk (in)
                                         clk (net)
                  0.00    0.00    0.00 ^ clkbuf_0_clk/A (sky130_fd_sc_hd__clkbuf_16)
     4    0.04    0.06    0.12    0.12 ^ clkbuf_0_clk/X (sky130_fd_sc_hd__clkbuf_16)
                                         clknet_0_clk (net)
                  0.06    0.00    0.12 ^ clkbuf_2_1__f_clk/A (sky130_fd_sc_hd__clkbuf_16)
     9    0.02    0.04    0.13    0.25 ^ clkbuf_2_1__f_clk/X (sky130_fd_sc_hd__clkbuf_16)
                                         clknet_2_1__leaf_clk (net)
                  0.04    0.00    0.25 ^ _343_/CLK (sky130_fd_sc_hd__dfrtp_4)
     4    0.05    0.12    0.55    0.80 v _343_/Q (sky130_fd_sc_hd__dfrtp_4)
                                         one_second_counter[13] (net)
                  0.12    0.01    0.80 v _180_/D (sky130_fd_sc_hd__and4_2)
     2    0.01    0.05    0.28    1.08 v _180_/X (sky130_fd_sc_hd__and4_2)
                                         _078_ (net)
                  0.05    0.00    1.08 v _181_/D (sky130_fd_sc_hd__or4_1)
     1    0.00    0.08    0.38    1.47 v _181_/X (sky130_fd_sc_hd__or4_1)
                                         _079_ (net)
                  0.08    0.00    1.47 v _184_/A3 (sky130_fd_sc_hd__o31a_2)
     1    0.02    0.10    0.35    1.82 v _184_/X (sky130_fd_sc_hd__o31a_2)
                                         _082_ (net)
                  0.10    0.00    1.83 v _186_/A2 (sky130_fd_sc_hd__o211ai_4)
     2    0.02    0.22    0.23    2.06 ^ _186_/Y (sky130_fd_sc_hd__o211ai_4)
                                         _084_ (net)
                  0.22    0.00    2.06 ^ _187_/A2 (sky130_fd_sc_hd__a21bo_4)
     9    0.02    0.08    0.19    2.25 ^ _187_/X (sky130_fd_sc_hd__a21bo_4)
                                         _085_ (net)
                  0.08    0.00    2.25 ^ _188_/A (sky130_fd_sc_hd__inv_2)
     2    0.03    0.08    0.09    2.34 v _188_/Y (sky130_fd_sc_hd__inv_2)
                                         _086_ (net)
                  0.08    0.00    2.34 v _189_/A (sky130_fd_sc_hd__buf_8)
    10    0.07    0.06    0.17    2.51 v _189_/X (sky130_fd_sc_hd__buf_8)
                                         _027_ (net)
                  0.06    0.00    2.51 v _275_/C1 (sky130_fd_sc_hd__a221oi_4)
     1    0.02    0.35    0.31    2.82 ^ _275_/Y (sky130_fd_sc_hd__a221oi_4)
                                         _015_ (net)
                  0.35    0.00    2.82 ^ _353_/D (sky130_fd_sc_hd__dfrtp_4)
                                  2.82   data arrival time

                         10.00   10.00   clock core_clock (rise edge)
                          0.00   10.00   clock source latency
     1    0.01    0.00    0.00   10.00 ^ clk (in)
                                         clk (net)
                  0.00    0.00   10.00 ^ clkbuf_0_clk/A (sky130_fd_sc_hd__clkbuf_16)
     4    0.04    0.06    0.12   10.12 ^ clkbuf_0_clk/X (sky130_fd_sc_hd__clkbuf_16)
                                         clknet_0_clk (net)
                  0.06    0.00   10.12 ^ clkbuf_2_2__f_clk/A (sky130_fd_sc_hd__clkbuf_16)
     7    0.03    0.05    0.14   10.26 ^ clkbuf_2_2__f_clk/X (sky130_fd_sc_hd__clkbuf_16)
                                         clknet_2_2__leaf_clk (net)
                  0.05    0.00   10.26 ^ _353_/CLK (sky130_fd_sc_hd__dfrtp_4)
                          0.00   10.26   clock reconvergence pessimism
                         -0.13   10.13   library setup time
                                 10.13   data required time
-----------------------------------------------------------------------------
                                 10.13   data required time
                                 -2.82   data arrival time
-----------------------------------------------------------------------------
                                  7.31   slack (MET)


Startpoint: _343_ (rising edge-triggered flip-flop clocked by core_clock)
Endpoint: _345_ (rising edge-triggered flip-flop clocked by core_clock)
Path Group: core_clock
Path Type: max

Fanout     Cap    Slew   Delay    Time   Description
-----------------------------------------------------------------------------
                          0.00    0.00   clock core_clock (rise edge)
                          0.00    0.00   clock source latency
     1    0.01    0.00    0.00    0.00 ^ clk (in)
                                         clk (net)
                  0.00    0.00    0.00 ^ clkbuf_0_clk/A (sky130_fd_sc_hd__clkbuf_16)
     4    0.04    0.06    0.12    0.12 ^ clkbuf_0_clk/X (sky130_fd_sc_hd__clkbuf_16)
                                         clknet_0_clk (net)
                  0.06    0.00    0.12 ^ clkbuf_2_1__f_clk/A (sky130_fd_sc_hd__clkbuf_16)
     9    0.02    0.04    0.13    0.25 ^ clkbuf_2_1__f_clk/X (sky130_fd_sc_hd__clkbuf_16)
                                         clknet_2_1__leaf_clk (net)
                  0.04    0.00    0.25 ^ _343_/CLK (sky130_fd_sc_hd__dfrtp_4)
     4    0.05    0.12    0.55    0.80 v _343_/Q (sky130_fd_sc_hd__dfrtp_4)
                                         one_second_counter[13] (net)
                  0.12    0.01    0.80 v _180_/D (sky130_fd_sc_hd__and4_2)
     2    0.01    0.05    0.28    1.08 v _180_/X (sky130_fd_sc_hd__and4_2)
                                         _078_ (net)
                  0.05    0.00    1.08 v _181_/D (sky130_fd_sc_hd__or4_1)
     1    0.00    0.08    0.38    1.47 v _181_/X (sky130_fd_sc_hd__or4_1)
                                         _079_ (net)
                  0.08    0.00    1.47 v _184_/A3 (sky130_fd_sc_hd__o31a_2)
     1    0.02    0.10    0.35    1.82 v _184_/X (sky130_fd_sc_hd__o31a_2)
                                         _082_ (net)
                  0.10    0.00    1.83 v _186_/A2 (sky130_fd_sc_hd__o211ai_4)
     2    0.02    0.22    0.23    2.06 ^ _186_/Y (sky130_fd_sc_hd__o211ai_4)
                                         _084_ (net)
                  0.22    0.00    2.06 ^ _187_/A2 (sky130_fd_sc_hd__a21bo_4)
     9    0.02    0.08    0.19    2.25 ^ _187_/X (sky130_fd_sc_hd__a21bo_4)
                                         _085_ (net)
                  0.08    0.00    2.25 ^ _188_/A (sky130_fd_sc_hd__inv_2)
     2    0.03    0.08    0.09    2.34 v _188_/Y (sky130_fd_sc_hd__inv_2)
                                         _086_ (net)
                  0.08    0.00    2.34 v _189_/A (sky130_fd_sc_hd__buf_8)
    10    0.07    0.06    0.17    2.51 v _189_/X (sky130_fd_sc_hd__buf_8)
                                         _027_ (net)
                  0.06    0.01    2.52 v _246_/C1 (sky130_fd_sc_hd__a211oi_2)
     1    0.02    0.34    0.30    2.81 ^ _246_/Y (sky130_fd_sc_hd__a211oi_2)
                                         _006_ (net)
                  0.34    0.00    2.82 ^ _345_/D (sky130_fd_sc_hd__dfrtp_4)
                                  2.82   data arrival time

                         10.00   10.00   clock core_clock (rise edge)
                          0.00   10.00   clock source latency
     1    0.01    0.00    0.00   10.00 ^ clk (in)
                                         clk (net)
                  0.00    0.00   10.00 ^ clkbuf_0_clk/A (sky130_fd_sc_hd__clkbuf_16)
     4    0.04    0.06    0.12   10.12 ^ clkbuf_0_clk/X (sky130_fd_sc_hd__clkbuf_16)
                                         clknet_0_clk (net)
                  0.06    0.00   10.13 ^ clkbuf_2_0__f_clk/A (sky130_fd_sc_hd__clkbuf_16)
     9    0.04    0.06    0.14   10.27 ^ clkbuf_2_0__f_clk/X (sky130_fd_sc_hd__clkbuf_16)
                                         clknet_2_0__leaf_clk (net)
                  0.06    0.00   10.27 ^ _345_/CLK (sky130_fd_sc_hd__dfrtp_4)
                          0.00   10.27   clock reconvergence pessimism
                         -0.13   10.14   library setup time
                                 10.14   data required time
-----------------------------------------------------------------------------
                                 10.14   data required time
                                 -2.82   data arrival time
-----------------------------------------------------------------------------
                                  7.32   slack (MET)


Startpoint: _343_ (rising edge-triggered flip-flop clocked by core_clock)
Endpoint: _340_ (rising edge-triggered flip-flop clocked by core_clock)
Path Group: core_clock
Path Type: max

Fanout     Cap    Slew   Delay    Time   Description
-----------------------------------------------------------------------------
                          0.00    0.00   clock core_clock (rise edge)
                          0.00    0.00   clock source latency
     1    0.01    0.00    0.00    0.00 ^ clk (in)
                                         clk (net)
                  0.00    0.00    0.00 ^ clkbuf_0_clk/A (sky130_fd_sc_hd__clkbuf_16)
     4    0.04    0.06    0.12    0.12 ^ clkbuf_0_clk/X (sky130_fd_sc_hd__clkbuf_16)
                                         clknet_0_clk (net)
                  0.06    0.00    0.12 ^ clkbuf_2_1__f_clk/A (sky130_fd_sc_hd__clkbuf_16)
     9    0.02    0.04    0.13    0.25 ^ clkbuf_2_1__f_clk/X (sky130_fd_sc_hd__clkbuf_16)
                                         clknet_2_1__leaf_clk (net)
                  0.04    0.00    0.25 ^ _343_/CLK (sky130_fd_sc_hd__dfrtp_4)
     4    0.05    0.12    0.55    0.80 v _343_/Q (sky130_fd_sc_hd__dfrtp_4)
                                         one_second_counter[13] (net)
                  0.12    0.01    0.80 v _180_/D (sky130_fd_sc_hd__and4_2)
     2    0.01    0.05    0.28    1.08 v _180_/X (sky130_fd_sc_hd__and4_2)
                                         _078_ (net)
                  0.05    0.00    1.08 v _181_/D (sky130_fd_sc_hd__or4_1)
     1    0.00    0.08    0.38    1.47 v _181_/X (sky130_fd_sc_hd__or4_1)
                                         _079_ (net)
                  0.08    0.00    1.47 v _184_/A3 (sky130_fd_sc_hd__o31a_2)
     1    0.02    0.10    0.35    1.82 v _184_/X (sky130_fd_sc_hd__o31a_2)
                                         _082_ (net)
                  0.10    0.00    1.83 v _186_/A2 (sky130_fd_sc_hd__o211ai_4)
     2    0.02    0.22    0.23    2.06 ^ _186_/Y (sky130_fd_sc_hd__o211ai_4)
                                         _084_ (net)
                  0.22    0.00    2.06 ^ _187_/A2 (sky130_fd_sc_hd__a21bo_4)
     9    0.02    0.08    0.19    2.25 ^ _187_/X (sky130_fd_sc_hd__a21bo_4)
                                         _085_ (net)
                  0.08    0.00    2.25 ^ _202_/A (sky130_fd_sc_hd__clkbuf_8)
    10    0.06    0.11    0.19    2.44 ^ _202_/X (sky130_fd_sc_hd__clkbuf_8)
                                         _095_ (net)
                  0.11    0.01    2.45 ^ _225_/A (sky130_fd_sc_hd__and3_2)
     1    0.00    0.04    0.17    2.62 ^ _225_/X (sky130_fd_sc_hd__and3_2)
                                         _112_ (net)
                  0.04    0.00    2.62 ^ _226_/A (sky130_fd_sc_hd__dlymetal6s2s_1)
     1    0.02    0.18    0.18    2.80 ^ _226_/X (sky130_fd_sc_hd__dlymetal6s2s_1)
                                         _001_ (net)
                  0.18    0.00    2.80 ^ _340_/D (sky130_fd_sc_hd__dfrtp_4)
                                  2.80   data arrival time

                         10.00   10.00   clock core_clock (rise edge)
                          0.00   10.00   clock source latency
     1    0.01    0.00    0.00   10.00 ^ clk (in)
                                         clk (net)
                  0.00    0.00   10.00 ^ clkbuf_0_clk/A (sky130_fd_sc_hd__clkbuf_16)
     4    0.04    0.06    0.12   10.12 ^ clkbuf_0_clk/X (sky130_fd_sc_hd__clkbuf_16)
                                         clknet_0_clk (net)
                  0.06    0.00   10.12 ^ clkbuf_2_3__f_clk/A (sky130_fd_sc_hd__clkbuf_16)
    10    0.02    0.04    0.13   10.25 ^ clkbuf_2_3__f_clk/X (sky130_fd_sc_hd__clkbuf_16)
                                         clknet_2_3__leaf_clk (net)
                  0.04    0.00   10.25 ^ _340_/CLK (sky130_fd_sc_hd__dfrtp_4)
                          0.00   10.25   clock reconvergence pessimism
                         -0.10   10.16   library setup time
                                 10.16   data required time
-----------------------------------------------------------------------------
                                 10.16   data required time
                                 -2.80   data arrival time
-----------------------------------------------------------------------------
                                  7.35   slack (MET)


Startpoint: _343_ (rising edge-triggered flip-flop clocked by core_clock)
Endpoint: _351_ (rising edge-triggered flip-flop clocked by core_clock)
Path Group: core_clock
Path Type: max

Fanout     Cap    Slew   Delay    Time   Description
-----------------------------------------------------------------------------
                          0.00    0.00   clock core_clock (rise edge)
                          0.00    0.00   clock source latency
     1    0.01    0.00    0.00    0.00 ^ clk (in)
                                         clk (net)
                  0.00    0.00    0.00 ^ clkbuf_0_clk/A (sky130_fd_sc_hd__clkbuf_16)
     4    0.04    0.06    0.12    0.12 ^ clkbuf_0_clk/X (sky130_fd_sc_hd__clkbuf_16)
                                         clknet_0_clk (net)
                  0.06    0.00    0.12 ^ clkbuf_2_1__f_clk/A (sky130_fd_sc_hd__clkbuf_16)
     9    0.02    0.04    0.13    0.25 ^ clkbuf_2_1__f_clk/X (sky130_fd_sc_hd__clkbuf_16)
                                         clknet_2_1__leaf_clk (net)
                  0.04    0.00    0.25 ^ _343_/CLK (sky130_fd_sc_hd__dfrtp_4)
     4    0.05    0.12    0.55    0.80 v _343_/Q (sky130_fd_sc_hd__dfrtp_4)
                                         one_second_counter[13] (net)
                  0.12    0.01    0.80 v _180_/D (sky130_fd_sc_hd__and4_2)
     2    0.01    0.05    0.28    1.08 v _180_/X (sky130_fd_sc_hd__and4_2)
                                         _078_ (net)
                  0.05    0.00    1.08 v _181_/D (sky130_fd_sc_hd__or4_1)
     1    0.00    0.08    0.38    1.47 v _181_/X (sky130_fd_sc_hd__or4_1)
                                         _079_ (net)
                  0.08    0.00    1.47 v _184_/A3 (sky130_fd_sc_hd__o31a_2)
     1    0.02    0.10    0.35    1.82 v _184_/X (sky130_fd_sc_hd__o31a_2)
                                         _082_ (net)
                  0.10    0.00    1.83 v _186_/A2 (sky130_fd_sc_hd__o211ai_4)
     2    0.02    0.22    0.23    2.06 ^ _186_/Y (sky130_fd_sc_hd__o211ai_4)
                                         _084_ (net)
                  0.22    0.00    2.06 ^ _187_/A2 (sky130_fd_sc_hd__a21bo_4)
     9    0.02    0.08    0.19    2.25 ^ _187_/X (sky130_fd_sc_hd__a21bo_4)
                                         _085_ (net)
                  0.08    0.00    2.25 ^ _188_/A (sky130_fd_sc_hd__inv_2)
     2    0.03    0.08    0.09    2.34 v _188_/Y (sky130_fd_sc_hd__inv_2)
                                         _086_ (net)
                  0.08    0.00    2.34 v _189_/A (sky130_fd_sc_hd__buf_8)
    10    0.07    0.06    0.17    2.51 v _189_/X (sky130_fd_sc_hd__buf_8)
                                         _027_ (net)
                  0.06    0.00    2.51 v _268_/C1 (sky130_fd_sc_hd__a211oi_4)
     1    0.02    0.28    0.25    2.76 ^ _268_/Y (sky130_fd_sc_hd__a211oi_4)
                                         _013_ (net)
                  0.28    0.00    2.76 ^ _351_/D (sky130_fd_sc_hd__dfrtp_4)
                                  2.76   data arrival time

                         10.00   10.00   clock core_clock (rise edge)
                          0.00   10.00   clock source latency
     1    0.01    0.00    0.00   10.00 ^ clk (in)
                                         clk (net)
                  0.00    0.00   10.00 ^ clkbuf_0_clk/A (sky130_fd_sc_hd__clkbuf_16)
     4    0.04    0.06    0.12   10.12 ^ clkbuf_0_clk/X (sky130_fd_sc_hd__clkbuf_16)
                                         clknet_0_clk (net)
                  0.06    0.00   10.12 ^ clkbuf_2_3__f_clk/A (sky130_fd_sc_hd__clkbuf_16)
    10    0.02    0.04    0.13   10.25 ^ clkbuf_2_3__f_clk/X (sky130_fd_sc_hd__clkbuf_16)
                                         clknet_2_3__leaf_clk (net)
                  0.04    0.00   10.25 ^ _351_/CLK (sky130_fd_sc_hd__dfrtp_4)
                          0.00   10.25   clock reconvergence pessimism
                         -0.12   10.13   library setup time
                                 10.13   data required time
-----------------------------------------------------------------------------
                                 10.13   data required time
                                 -2.76   data arrival time
-----------------------------------------------------------------------------
                                  7.37   slack (MET)


Startpoint: _343_ (rising edge-triggered flip-flop clocked by core_clock)
Endpoint: _334_ (rising edge-triggered flip-flop clocked by core_clock)
Path Group: core_clock
Path Type: max

Fanout     Cap    Slew   Delay    Time   Description
-----------------------------------------------------------------------------
                          0.00    0.00   clock core_clock (rise edge)
                          0.00    0.00   clock source latency
     1    0.01    0.00    0.00    0.00 ^ clk (in)
                                         clk (net)
                  0.00    0.00    0.00 ^ clkbuf_0_clk/A (sky130_fd_sc_hd__clkbuf_16)
     4    0.04    0.06    0.12    0.12 ^ clkbuf_0_clk/X (sky130_fd_sc_hd__clkbuf_16)
                                         clknet_0_clk (net)
                  0.06    0.00    0.12 ^ clkbuf_2_1__f_clk/A (sky130_fd_sc_hd__clkbuf_16)
     9    0.02    0.04    0.13    0.25 ^ clkbuf_2_1__f_clk/X (sky130_fd_sc_hd__clkbuf_16)
                                         clknet_2_1__leaf_clk (net)
                  0.04    0.00    0.25 ^ _343_/CLK (sky130_fd_sc_hd__dfrtp_4)
     4    0.05    0.12    0.55    0.80 v _343_/Q (sky130_fd_sc_hd__dfrtp_4)
                                         one_second_counter[13] (net)
                  0.12    0.01    0.80 v _180_/D (sky130_fd_sc_hd__and4_2)
     2    0.01    0.05    0.28    1.08 v _180_/X (sky130_fd_sc_hd__and4_2)
                                         _078_ (net)
                  0.05    0.00    1.08 v _181_/D (sky130_fd_sc_hd__or4_1)
     1    0.00    0.08    0.38    1.47 v _181_/X (sky130_fd_sc_hd__or4_1)
                                         _079_ (net)
                  0.08    0.00    1.47 v _184_/A3 (sky130_fd_sc_hd__o31a_2)
     1    0.02    0.10    0.35    1.82 v _184_/X (sky130_fd_sc_hd__o31a_2)
                                         _082_ (net)
                  0.10    0.00    1.83 v _186_/A2 (sky130_fd_sc_hd__o211ai_4)
     2    0.02    0.22    0.23    2.06 ^ _186_/Y (sky130_fd_sc_hd__o211ai_4)
                                         _084_ (net)
                  0.22    0.00    2.06 ^ _187_/A2 (sky130_fd_sc_hd__a21bo_4)
     9    0.02    0.08    0.19    2.25 ^ _187_/X (sky130_fd_sc_hd__a21bo_4)
                                         _085_ (net)
                  0.08    0.00    2.25 ^ _202_/A (sky130_fd_sc_hd__clkbuf_8)
    10    0.06    0.11    0.19    2.44 ^ _202_/X (sky130_fd_sc_hd__clkbuf_8)
                                         _095_ (net)
                  0.11    0.01    2.45 ^ _205_/A (sky130_fd_sc_hd__and3_1)
     1    0.01    0.16    0.24    2.69 ^ _205_/X (sky130_fd_sc_hd__and3_1)
                                         _098_ (net)
                  0.16    0.00    2.69 ^ _206_/A (sky130_fd_sc_hd__dlymetal6s2s_1)
     1    0.00    0.05    0.12    2.82 ^ _206_/X (sky130_fd_sc_hd__dlymetal6s2s_1)
                                         _021_ (net)
                  0.05    0.00    2.82 ^ _334_/D (sky130_fd_sc_hd__dfrtp_4)
                                  2.82   data arrival time

                         10.00   10.00   clock core_clock (rise edge)
                          0.00   10.00   clock source latency
     1    0.01    0.00    0.00   10.00 ^ clk (in)
                                         clk (net)
                  0.00    0.00   10.00 ^ clkbuf_0_clk/A (sky130_fd_sc_hd__clkbuf_16)
     4    0.04    0.06    0.12   10.12 ^ clkbuf_0_clk/X (sky130_fd_sc_hd__clkbuf_16)
                                         clknet_0_clk (net)
                  0.06    0.00   10.12 ^ clkbuf_2_3__f_clk/A (sky130_fd_sc_hd__clkbuf_16)
    10    0.02    0.04    0.13   10.25 ^ clkbuf_2_3__f_clk/X (sky130_fd_sc_hd__clkbuf_16)
                                         clknet_2_3__leaf_clk (net)
                  0.04    0.00   10.25 ^ _334_/CLK (sky130_fd_sc_hd__dfrtp_4)
                          0.00   10.25   clock reconvergence pessimism
                         -0.07   10.19   library setup time
                                 10.19   data required time
-----------------------------------------------------------------------------
                                 10.19   data required time
                                 -2.82   data arrival time
-----------------------------------------------------------------------------
                                  7.37   slack (MET)


Startpoint: _343_ (rising edge-triggered flip-flop clocked by core_clock)
Endpoint: _342_ (rising edge-triggered flip-flop clocked by core_clock)
Path Group: core_clock
Path Type: max

Fanout     Cap    Slew   Delay    Time   Description
-----------------------------------------------------------------------------
                          0.00    0.00   clock core_clock (rise edge)
                          0.00    0.00   clock source latency
     1    0.01    0.00    0.00    0.00 ^ clk (in)
                                         clk (net)
                  0.00    0.00    0.00 ^ clkbuf_0_clk/A (sky130_fd_sc_hd__clkbuf_16)
     4    0.04    0.06    0.12    0.12 ^ clkbuf_0_clk/X (sky130_fd_sc_hd__clkbuf_16)
                                         clknet_0_clk (net)
                  0.06    0.00    0.12 ^ clkbuf_2_1__f_clk/A (sky130_fd_sc_hd__clkbuf_16)
     9    0.02    0.04    0.13    0.25 ^ clkbuf_2_1__f_clk/X (sky130_fd_sc_hd__clkbuf_16)
                                         clknet_2_1__leaf_clk (net)
                  0.04    0.00    0.25 ^ _343_/CLK (sky130_fd_sc_hd__dfrtp_4)
     4    0.05    0.12    0.55    0.80 v _343_/Q (sky130_fd_sc_hd__dfrtp_4)
                                         one_second_counter[13] (net)
                  0.12    0.01    0.80 v _180_/D (sky130_fd_sc_hd__and4_2)
     2    0.01    0.05    0.28    1.08 v _180_/X (sky130_fd_sc_hd__and4_2)
                                         _078_ (net)
                  0.05    0.00    1.08 v _181_/D (sky130_fd_sc_hd__or4_1)
     1    0.00    0.08    0.38    1.47 v _181_/X (sky130_fd_sc_hd__or4_1)
                                         _079_ (net)
                  0.08    0.00    1.47 v _184_/A3 (sky130_fd_sc_hd__o31a_2)
     1    0.02    0.10    0.35    1.82 v _184_/X (sky130_fd_sc_hd__o31a_2)
                                         _082_ (net)
                  0.10    0.00    1.83 v _186_/A2 (sky130_fd_sc_hd__o211ai_4)
     2    0.02    0.22    0.23    2.06 ^ _186_/Y (sky130_fd_sc_hd__o211ai_4)
                                         _084_ (net)
                  0.22    0.00    2.06 ^ _187_/A2 (sky130_fd_sc_hd__a21bo_4)
     9    0.02    0.08    0.19    2.25 ^ _187_/X (sky130_fd_sc_hd__a21bo_4)
                                         _085_ (net)
                  0.08    0.00    2.25 ^ _202_/A (sky130_fd_sc_hd__clkbuf_8)
    10    0.06    0.11    0.19    2.44 ^ _202_/X (sky130_fd_sc_hd__clkbuf_8)
                                         _095_ (net)
                  0.11    0.01    2.45 ^ _232_/A (sky130_fd_sc_hd__and3_2)
     1    0.00    0.04    0.17    2.62 ^ _232_/X (sky130_fd_sc_hd__and3_2)
                                         _117_ (net)
                  0.04    0.00    2.62 ^ _233_/A (sky130_fd_sc_hd__buf_1)
     1    0.01    0.17    0.16    2.78 ^ _233_/X (sky130_fd_sc_hd__buf_1)
                                         _003_ (net)
                  0.17    0.00    2.79 ^ _342_/D (sky130_fd_sc_hd__dfrtp_4)
                                  2.79   data arrival time

                         10.00   10.00   clock core_clock (rise edge)
                          0.00   10.00   clock source latency
     1    0.01    0.00    0.00   10.00 ^ clk (in)
                                         clk (net)
                  0.00    0.00   10.00 ^ clkbuf_0_clk/A (sky130_fd_sc_hd__clkbuf_16)
     4    0.04    0.06    0.12   10.12 ^ clkbuf_0_clk/X (sky130_fd_sc_hd__clkbuf_16)
                                         clknet_0_clk (net)
                  0.06    0.00   10.12 ^ clkbuf_2_1__f_clk/A (sky130_fd_sc_hd__clkbuf_16)
     9    0.02    0.04    0.13   10.25 ^ clkbuf_2_1__f_clk/X (sky130_fd_sc_hd__clkbuf_16)
                                         clknet_2_1__leaf_clk (net)
                  0.04    0.00   10.25 ^ _342_/CLK (sky130_fd_sc_hd__dfrtp_4)
                          0.00   10.25   clock reconvergence pessimism
                         -0.09   10.16   library setup time
                                 10.16   data required time
-----------------------------------------------------------------------------
                                 10.16   data required time
                                 -2.79   data arrival time
-----------------------------------------------------------------------------
                                  7.37   slack (MET)


Startpoint: _343_ (rising edge-triggered flip-flop clocked by core_clock)
Endpoint: _349_ (rising edge-triggered flip-flop clocked by core_clock)
Path Group: core_clock
Path Type: max

Fanout     Cap    Slew   Delay    Time   Description
-----------------------------------------------------------------------------
                          0.00    0.00   clock core_clock (rise edge)
                          0.00    0.00   clock source latency
     1    0.01    0.00    0.00    0.00 ^ clk (in)
                                         clk (net)
                  0.00    0.00    0.00 ^ clkbuf_0_clk/A (sky130_fd_sc_hd__clkbuf_16)
     4    0.04    0.06    0.12    0.12 ^ clkbuf_0_clk/X (sky130_fd_sc_hd__clkbuf_16)
                                         clknet_0_clk (net)
                  0.06    0.00    0.12 ^ clkbuf_2_1__f_clk/A (sky130_fd_sc_hd__clkbuf_16)
     9    0.02    0.04    0.13    0.25 ^ clkbuf_2_1__f_clk/X (sky130_fd_sc_hd__clkbuf_16)
                                         clknet_2_1__leaf_clk (net)
                  0.04    0.00    0.25 ^ _343_/CLK (sky130_fd_sc_hd__dfrtp_4)
     4    0.05    0.12    0.55    0.80 v _343_/Q (sky130_fd_sc_hd__dfrtp_4)
                                         one_second_counter[13] (net)
                  0.12    0.01    0.80 v _180_/D (sky130_fd_sc_hd__and4_2)
     2    0.01    0.05    0.28    1.08 v _180_/X (sky130_fd_sc_hd__and4_2)
                                         _078_ (net)
                  0.05    0.00    1.08 v _181_/D (sky130_fd_sc_hd__or4_1)
     1    0.00    0.08    0.38    1.47 v _181_/X (sky130_fd_sc_hd__or4_1)
                                         _079_ (net)
                  0.08    0.00    1.47 v _184_/A3 (sky130_fd_sc_hd__o31a_2)
     1    0.02    0.10    0.35    1.82 v _184_/X (sky130_fd_sc_hd__o31a_2)
                                         _082_ (net)
                  0.10    0.00    1.83 v _186_/A2 (sky130_fd_sc_hd__o211ai_4)
     2    0.02    0.22    0.23    2.06 ^ _186_/Y (sky130_fd_sc_hd__o211ai_4)
                                         _084_ (net)
                  0.22    0.00    2.06 ^ _187_/A2 (sky130_fd_sc_hd__a21bo_4)
     9    0.02    0.08    0.19    2.25 ^ _187_/X (sky130_fd_sc_hd__a21bo_4)
                                         _085_ (net)
                  0.08    0.00    2.25 ^ _202_/A (sky130_fd_sc_hd__clkbuf_8)
    10    0.06    0.11    0.19    2.44 ^ _202_/X (sky130_fd_sc_hd__clkbuf_8)
                                         _095_ (net)
                  0.11    0.00    2.44 ^ _260_/A (sky130_fd_sc_hd__and3_2)
     1    0.02    0.13    0.26    2.70 ^ _260_/X (sky130_fd_sc_hd__and3_2)
                                         _138_ (net)
                  0.13    0.00    2.70 ^ _261_/A (sky130_fd_sc_hd__buf_1)
     1    0.00    0.04    0.10    2.80 ^ _261_/X (sky130_fd_sc_hd__buf_1)
                                         _010_ (net)
                  0.04    0.00    2.80 ^ _349_/D (sky130_fd_sc_hd__dfrtp_4)
                                  2.80   data arrival time

                         10.00   10.00   clock core_clock (rise edge)
                          0.00   10.00   clock source latency
     1    0.01    0.00    0.00   10.00 ^ clk (in)
                                         clk (net)
                  0.00    0.00   10.00 ^ clkbuf_0_clk/A (sky130_fd_sc_hd__clkbuf_16)
     4    0.04    0.06    0.12   10.12 ^ clkbuf_0_clk/X (sky130_fd_sc_hd__clkbuf_16)
                                         clknet_0_clk (net)
                  0.06    0.00   10.12 ^ clkbuf_2_1__f_clk/A (sky130_fd_sc_hd__clkbuf_16)
     9    0.02    0.04    0.13   10.25 ^ clkbuf_2_1__f_clk/X (sky130_fd_sc_hd__clkbuf_16)
                                         clknet_2_1__leaf_clk (net)
                  0.04    0.00   10.25 ^ _349_/CLK (sky130_fd_sc_hd__dfrtp_4)
                          0.00   10.25   clock reconvergence pessimism
                         -0.06   10.19   library setup time
                                 10.19   data required time
-----------------------------------------------------------------------------
                                 10.19   data required time
                                 -2.80   data arrival time
-----------------------------------------------------------------------------
                                  7.39   slack (MET)


Startpoint: _343_ (rising edge-triggered flip-flop clocked by core_clock)
Endpoint: _330_ (rising edge-triggered flip-flop clocked by core_clock)
Path Group: core_clock
Path Type: max

Fanout     Cap    Slew   Delay    Time   Description
-----------------------------------------------------------------------------
                          0.00    0.00   clock core_clock (rise edge)
                          0.00    0.00   clock source latency
     1    0.01    0.00    0.00    0.00 ^ clk (in)
                                         clk (net)
                  0.00    0.00    0.00 ^ clkbuf_0_clk/A (sky130_fd_sc_hd__clkbuf_16)
     4    0.04    0.06    0.12    0.12 ^ clkbuf_0_clk/X (sky130_fd_sc_hd__clkbuf_16)
                                         clknet_0_clk (net)
                  0.06    0.00    0.12 ^ clkbuf_2_1__f_clk/A (sky130_fd_sc_hd__clkbuf_16)
     9    0.02    0.04    0.13    0.25 ^ clkbuf_2_1__f_clk/X (sky130_fd_sc_hd__clkbuf_16)
                                         clknet_2_1__leaf_clk (net)
                  0.04    0.00    0.25 ^ _343_/CLK (sky130_fd_sc_hd__dfrtp_4)
     4    0.05    0.12    0.55    0.80 v _343_/Q (sky130_fd_sc_hd__dfrtp_4)
                                         one_second_counter[13] (net)
                  0.12    0.01    0.80 v _180_/D (sky130_fd_sc_hd__and4_2)
     2    0.01    0.05    0.28    1.08 v _180_/X (sky130_fd_sc_hd__and4_2)
                                         _078_ (net)
                  0.05    0.00    1.08 v _181_/D (sky130_fd_sc_hd__or4_1)
     1    0.00    0.08    0.38    1.47 v _181_/X (sky130_fd_sc_hd__or4_1)
                                         _079_ (net)
                  0.08    0.00    1.47 v _184_/A3 (sky130_fd_sc_hd__o31a_2)
     1    0.02    0.10    0.35    1.82 v _184_/X (sky130_fd_sc_hd__o31a_2)
                                         _082_ (net)
                  0.10    0.00    1.83 v _186_/A2 (sky130_fd_sc_hd__o211ai_4)
     2    0.02    0.22    0.23    2.06 ^ _186_/Y (sky130_fd_sc_hd__o211ai_4)
                                         _084_ (net)
                  0.22    0.00    2.06 ^ _187_/A2 (sky130_fd_sc_hd__a21bo_4)
     9    0.02    0.08    0.19    2.25 ^ _187_/X (sky130_fd_sc_hd__a21bo_4)
                                         _085_ (net)
                  0.08    0.00    2.25 ^ _188_/A (sky130_fd_sc_hd__inv_2)
     2    0.03    0.08    0.09    2.34 v _188_/Y (sky130_fd_sc_hd__inv_2)
                                         _086_ (net)
                  0.08    0.00    2.34 v _189_/A (sky130_fd_sc_hd__buf_8)
    10    0.07    0.06    0.17    2.51 v _189_/X (sky130_fd_sc_hd__buf_8)
                                         _027_ (net)
                  0.06    0.01    2.52 v _190_/B (sky130_fd_sc_hd__nor2_2)
     1    0.02    0.23    0.21    2.72 ^ _190_/Y (sky130_fd_sc_hd__nor2_2)
                                         _000_ (net)
                  0.23    0.00    2.72 ^ _330_/D (sky130_fd_sc_hd__dfrtp_4)
                                  2.72   data arrival time

                         10.00   10.00   clock core_clock (rise edge)
                          0.00   10.00   clock source latency
     1    0.01    0.00    0.00   10.00 ^ clk (in)
                                         clk (net)
                  0.00    0.00   10.00 ^ clkbuf_0_clk/A (sky130_fd_sc_hd__clkbuf_16)
     4    0.04    0.06    0.12   10.12 ^ clkbuf_0_clk/X (sky130_fd_sc_hd__clkbuf_16)
                                         clknet_0_clk (net)
                  0.06    0.00   10.13 ^ clkbuf_2_0__f_clk/A (sky130_fd_sc_hd__clkbuf_16)
     9    0.04    0.06    0.14   10.27 ^ clkbuf_2_0__f_clk/X (sky130_fd_sc_hd__clkbuf_16)
                                         clknet_2_0__leaf_clk (net)
                  0.06    0.00   10.27 ^ _330_/CLK (sky130_fd_sc_hd__dfrtp_4)
                          0.00   10.27   clock reconvergence pessimism
                         -0.11   10.16   library setup time
                                 10.16   data required time
-----------------------------------------------------------------------------
                                 10.16   data required time
                                 -2.72   data arrival time
-----------------------------------------------------------------------------
                                  7.44   slack (MET)


Startpoint: _343_ (rising edge-triggered flip-flop clocked by core_clock)
Endpoint: _346_ (rising edge-triggered flip-flop clocked by core_clock)
Path Group: core_clock
Path Type: max

Fanout     Cap    Slew   Delay    Time   Description
-----------------------------------------------------------------------------
                          0.00    0.00   clock core_clock (rise edge)
                          0.00    0.00   clock source latency
     1    0.01    0.00    0.00    0.00 ^ clk (in)
                                         clk (net)
                  0.00    0.00    0.00 ^ clkbuf_0_clk/A (sky130_fd_sc_hd__clkbuf_16)
     4    0.04    0.06    0.12    0.12 ^ clkbuf_0_clk/X (sky130_fd_sc_hd__clkbuf_16)
                                         clknet_0_clk (net)
                  0.06    0.00    0.12 ^ clkbuf_2_1__f_clk/A (sky130_fd_sc_hd__clkbuf_16)
     9    0.02    0.04    0.13    0.25 ^ clkbuf_2_1__f_clk/X (sky130_fd_sc_hd__clkbuf_16)
                                         clknet_2_1__leaf_clk (net)
                  0.04    0.00    0.25 ^ _343_/CLK (sky130_fd_sc_hd__dfrtp_4)
     4    0.05    0.12    0.55    0.80 v _343_/Q (sky130_fd_sc_hd__dfrtp_4)
                                         one_second_counter[13] (net)
                  0.12    0.01    0.80 v _180_/D (sky130_fd_sc_hd__and4_2)
     2    0.01    0.05    0.28    1.08 v _180_/X (sky130_fd_sc_hd__and4_2)
                                         _078_ (net)
                  0.05    0.00    1.08 v _181_/D (sky130_fd_sc_hd__or4_1)
     1    0.00    0.08    0.38    1.47 v _181_/X (sky130_fd_sc_hd__or4_1)
                                         _079_ (net)
                  0.08    0.00    1.47 v _184_/A3 (sky130_fd_sc_hd__o31a_2)
     1    0.02    0.10    0.35    1.82 v _184_/X (sky130_fd_sc_hd__o31a_2)
                                         _082_ (net)
                  0.10    0.00    1.83 v _186_/A2 (sky130_fd_sc_hd__o211ai_4)
     2    0.02    0.22    0.23    2.06 ^ _186_/Y (sky130_fd_sc_hd__o211ai_4)
                                         _084_ (net)
                  0.22    0.00    2.06 ^ _187_/A2 (sky130_fd_sc_hd__a21bo_4)
     9    0.02    0.08    0.19    2.25 ^ _187_/X (sky130_fd_sc_hd__a21bo_4)
                                         _085_ (net)
                  0.08    0.00    2.25 ^ _202_/A (sky130_fd_sc_hd__clkbuf_8)
    10    0.06    0.11    0.19    2.44 ^ _202_/X (sky130_fd_sc_hd__clkbuf_8)
                                         _095_ (net)
                  0.11    0.01    2.44 ^ _249_/A (sky130_fd_sc_hd__and3_2)
     1    0.00    0.04    0.17    2.61 ^ _249_/X (sky130_fd_sc_hd__and3_2)
                                         _130_ (net)
                  0.04    0.00    2.61 ^ _250_/A (sky130_fd_sc_hd__buf_2)
     1    0.00    0.02    0.08    2.70 ^ _250_/X (sky130_fd_sc_hd__buf_2)
                                         _007_ (net)
                  0.02    0.00    2.70 ^ _346_/D (sky130_fd_sc_hd__dfrtp_4)
                                  2.70   data arrival time

                         10.00   10.00   clock core_clock (rise edge)
                          0.00   10.00   clock source latency
     1    0.01    0.00    0.00   10.00 ^ clk (in)
                                         clk (net)
                  0.00    0.00   10.00 ^ clkbuf_0_clk/A (sky130_fd_sc_hd__clkbuf_16)
     4    0.04    0.06    0.12   10.12 ^ clkbuf_0_clk/X (sky130_fd_sc_hd__clkbuf_16)
                                         clknet_0_clk (net)
                  0.06    0.00   10.12 ^ clkbuf_2_1__f_clk/A (sky130_fd_sc_hd__clkbuf_16)
     9    0.02    0.04    0.13   10.25 ^ clkbuf_2_1__f_clk/X (sky130_fd_sc_hd__clkbuf_16)
                                         clknet_2_1__leaf_clk (net)
                  0.04    0.00   10.25 ^ _346_/CLK (sky130_fd_sc_hd__dfrtp_4)
                          0.00   10.25   clock reconvergence pessimism
                         -0.06   10.19   library setup time
                                 10.19   data required time
-----------------------------------------------------------------------------
                                 10.19   data required time
                                 -2.70   data arrival time
-----------------------------------------------------------------------------
                                  7.49   slack (MET)


Startpoint: _330_ (rising edge-triggered flip-flop clocked by core_clock)
Endpoint: _355_ (rising edge-triggered flip-flop clocked by core_clock)
Path Group: core_clock
Path Type: max

Fanout     Cap    Slew   Delay    Time   Description
-----------------------------------------------------------------------------
                          0.00    0.00   clock core_clock (rise edge)
                          0.00    0.00   clock source latency
     1    0.01    0.00    0.00    0.00 ^ clk (in)
                                         clk (net)
                  0.00    0.00    0.00 ^ clkbuf_0_clk/A (sky130_fd_sc_hd__clkbuf_16)
     4    0.04    0.06    0.12    0.12 ^ clkbuf_0_clk/X (sky130_fd_sc_hd__clkbuf_16)
                                         clknet_0_clk (net)
                  0.06    0.00    0.13 ^ clkbuf_2_0__f_clk/A (sky130_fd_sc_hd__clkbuf_16)
     9    0.04    0.06    0.14    0.27 ^ clkbuf_2_0__f_clk/X (sky130_fd_sc_hd__clkbuf_16)
                                         clknet_2_0__leaf_clk (net)
                  0.06    0.00    0.27 ^ _330_/CLK (sky130_fd_sc_hd__dfrtp_4)
     7    0.04    0.15    0.49    0.76 ^ _330_/Q (sky130_fd_sc_hd__dfrtp_4)
                                         one_second_counter[0] (net)
                  0.15    0.00    0.76 ^ _177_/D (sky130_fd_sc_hd__and4_4)
     7    0.02    0.10    0.28    1.05 ^ _177_/X (sky130_fd_sc_hd__and4_4)
                                         _075_ (net)
                  0.10    0.00    1.05 ^ _221_/C (sky130_fd_sc_hd__and4_4)
     6    0.05    0.16    0.33    1.37 ^ _221_/X (sky130_fd_sc_hd__and4_4)
                                         _109_ (net)
                  0.16    0.01    1.38 ^ _244_/D (sky130_fd_sc_hd__and4_1)
     1    0.01    0.10    0.24    1.62 ^ _244_/X (sky130_fd_sc_hd__and4_1)
                                         _126_ (net)
                  0.10    0.00    1.62 ^ _245_/A (sky130_fd_sc_hd__buf_8)
    10    0.08    0.14    0.18    1.80 ^ _245_/X (sky130_fd_sc_hd__buf_8)
                                         _127_ (net)
                  0.14    0.01    1.81 ^ _277_/B (sky130_fd_sc_hd__and3_4)
     4    0.04    0.15    0.29    2.10 ^ _277_/X (sky130_fd_sc_hd__and3_4)
                                         _150_ (net)
                  0.15    0.00    2.11 ^ _279_/B (sky130_fd_sc_hd__or2_1)
     1    0.01    0.14    0.19    2.30 ^ _279_/X (sky130_fd_sc_hd__or2_1)
                                         _151_ (net)
                  0.14    0.00    2.30 ^ _281_/B (sky130_fd_sc_hd__and3_2)
     1    0.02    0.13    0.27    2.57 ^ _281_/X (sky130_fd_sc_hd__and3_2)
                                         _153_ (net)
                  0.13    0.00    2.58 ^ _282_/A (sky130_fd_sc_hd__clkbuf_1)
     1    0.01    0.07    0.12    2.70 ^ _282_/X (sky130_fd_sc_hd__clkbuf_1)
                                         _017_ (net)
                  0.07    0.00    2.70 ^ _355_/D (sky130_fd_sc_hd__dfrtp_4)
                                  2.70   data arrival time

                         10.00   10.00   clock core_clock (rise edge)
                          0.00   10.00   clock source latency
     1    0.01    0.00    0.00   10.00 ^ clk (in)
                                         clk (net)
                  0.00    0.00   10.00 ^ clkbuf_0_clk/A (sky130_fd_sc_hd__clkbuf_16)
     4    0.04    0.06    0.12   10.12 ^ clkbuf_0_clk/X (sky130_fd_sc_hd__clkbuf_16)
                                         clknet_0_clk (net)
                  0.06    0.00   10.13 ^ clkbuf_2_0__f_clk/A (sky130_fd_sc_hd__clkbuf_16)
     9    0.04    0.06    0.14   10.27 ^ clkbuf_2_0__f_clk/X (sky130_fd_sc_hd__clkbuf_16)
                                         clknet_2_0__leaf_clk (net)
                  0.06    0.00   10.27 ^ _355_/CLK (sky130_fd_sc_hd__dfrtp_4)
                          0.00   10.27   clock reconvergence pessimism
                         -0.07   10.20   library setup time
                                 10.20   data required time
-----------------------------------------------------------------------------
                                 10.20   data required time
                                 -2.70   data arrival time
-----------------------------------------------------------------------------
                                  7.50   slack (MET)


Startpoint: _343_ (rising edge-triggered flip-flop clocked by core_clock)
Endpoint: _343_ (rising edge-triggered flip-flop clocked by core_clock)
Path Group: core_clock
Path Type: max

Fanout     Cap    Slew   Delay    Time   Description
-----------------------------------------------------------------------------
                          0.00    0.00   clock core_clock (rise edge)
                          0.00    0.00   clock source latency
     1    0.01    0.00    0.00    0.00 ^ clk (in)
                                         clk (net)
                  0.00    0.00    0.00 ^ clkbuf_0_clk/A (sky130_fd_sc_hd__clkbuf_16)
     4    0.04    0.06    0.12    0.12 ^ clkbuf_0_clk/X (sky130_fd_sc_hd__clkbuf_16)
                                         clknet_0_clk (net)
                  0.06    0.00    0.12 ^ clkbuf_2_1__f_clk/A (sky130_fd_sc_hd__clkbuf_16)
     9    0.02    0.04    0.13    0.25 ^ clkbuf_2_1__f_clk/X (sky130_fd_sc_hd__clkbuf_16)
                                         clknet_2_1__leaf_clk (net)
                  0.04    0.00    0.25 ^ _343_/CLK (sky130_fd_sc_hd__dfrtp_4)
     4    0.05    0.12    0.55    0.80 v _343_/Q (sky130_fd_sc_hd__dfrtp_4)
                                         one_second_counter[13] (net)
                  0.12    0.01    0.80 v _180_/D (sky130_fd_sc_hd__and4_2)
     2    0.01    0.05    0.28    1.08 v _180_/X (sky130_fd_sc_hd__and4_2)
                                         _078_ (net)
                  0.05    0.00    1.08 v _181_/D (sky130_fd_sc_hd__or4_1)
     1    0.00    0.08    0.38    1.47 v _181_/X (sky130_fd_sc_hd__or4_1)
                                         _079_ (net)
                  0.08    0.00    1.47 v _184_/A3 (sky130_fd_sc_hd__o31a_2)
     1    0.02    0.10    0.35    1.82 v _184_/X (sky130_fd_sc_hd__o31a_2)
                                         _082_ (net)
                  0.10    0.00    1.83 v _186_/A2 (sky130_fd_sc_hd__o211ai_4)
     2    0.02    0.22    0.23    2.06 ^ _186_/Y (sky130_fd_sc_hd__o211ai_4)
                                         _084_ (net)
                  0.22    0.00    2.06 ^ _187_/A2 (sky130_fd_sc_hd__a21bo_4)
     9    0.02    0.08    0.19    2.25 ^ _187_/X (sky130_fd_sc_hd__a21bo_4)
                                         _085_ (net)
                  0.08    0.00    2.25 ^ _202_/A (sky130_fd_sc_hd__clkbuf_8)
    10    0.06    0.11    0.19    2.44 ^ _202_/X (sky130_fd_sc_hd__clkbuf_8)
                                         _095_ (net)
                  0.11    0.00    2.44 ^ _236_/A (sky130_fd_sc_hd__and3_2)
     1    0.00    0.04    0.17    2.61 ^ _236_/X (sky130_fd_sc_hd__and3_2)
                                         _120_ (net)
                  0.04    0.00    2.61 ^ _237_/A (sky130_fd_sc_hd__buf_1)
     1    0.00    0.04    0.07    2.68 ^ _237_/X (sky130_fd_sc_hd__buf_1)
                                         _004_ (net)
                  0.04    0.00    2.68 ^ _343_/D (sky130_fd_sc_hd__dfrtp_4)
                                  2.68   data arrival time

                         10.00   10.00   clock core_clock (rise edge)
                          0.00   10.00   clock source latency
     1    0.01    0.00    0.00   10.00 ^ clk (in)
                                         clk (net)
                  0.00    0.00   10.00 ^ clkbuf_0_clk/A (sky130_fd_sc_hd__clkbuf_16)
     4    0.04    0.06    0.12   10.12 ^ clkbuf_0_clk/X (sky130_fd_sc_hd__clkbuf_16)
                                         clknet_0_clk (net)
                  0.06    0.00   10.12 ^ clkbuf_2_1__f_clk/A (sky130_fd_sc_hd__clkbuf_16)
     9    0.02    0.04    0.13   10.25 ^ clkbuf_2_1__f_clk/X (sky130_fd_sc_hd__clkbuf_16)
                                         clknet_2_1__leaf_clk (net)
                  0.04    0.00   10.25 ^ _343_/CLK (sky130_fd_sc_hd__dfrtp_4)
                          0.00   10.25   clock reconvergence pessimism
                         -0.06   10.19   library setup time
                                 10.19   data required time
-----------------------------------------------------------------------------
                                 10.19   data required time
                                 -2.68   data arrival time
-----------------------------------------------------------------------------
                                  7.51   slack (MET)


Startpoint: _343_ (rising edge-triggered flip-flop clocked by core_clock)
Endpoint: _356_ (rising edge-triggered flip-flop clocked by core_clock)
Path Group: core_clock
Path Type: max

Fanout     Cap    Slew   Delay    Time   Description
-----------------------------------------------------------------------------
                          0.00    0.00   clock core_clock (rise edge)
                          0.00    0.00   clock source latency
     1    0.01    0.00    0.00    0.00 ^ clk (in)
                                         clk (net)
                  0.00    0.00    0.00 ^ clkbuf_0_clk/A (sky130_fd_sc_hd__clkbuf_16)
     4    0.04    0.06    0.12    0.12 ^ clkbuf_0_clk/X (sky130_fd_sc_hd__clkbuf_16)
                                         clknet_0_clk (net)
                  0.06    0.00    0.12 ^ clkbuf_2_1__f_clk/A (sky130_fd_sc_hd__clkbuf_16)
     9    0.02    0.04    0.13    0.25 ^ clkbuf_2_1__f_clk/X (sky130_fd_sc_hd__clkbuf_16)
                                         clknet_2_1__leaf_clk (net)
                  0.04    0.00    0.25 ^ _343_/CLK (sky130_fd_sc_hd__dfrtp_4)
     4    0.05    0.12    0.55    0.80 v _343_/Q (sky130_fd_sc_hd__dfrtp_4)
                                         one_second_counter[13] (net)
                  0.12    0.01    0.80 v _180_/D (sky130_fd_sc_hd__and4_2)
     2    0.01    0.05    0.28    1.08 v _180_/X (sky130_fd_sc_hd__and4_2)
                                         _078_ (net)
                  0.05    0.00    1.08 v _181_/D (sky130_fd_sc_hd__or4_1)
     1    0.00    0.08    0.38    1.47 v _181_/X (sky130_fd_sc_hd__or4_1)
                                         _079_ (net)
                  0.08    0.00    1.47 v _184_/A3 (sky130_fd_sc_hd__o31a_2)
     1    0.02    0.10    0.35    1.82 v _184_/X (sky130_fd_sc_hd__o31a_2)
                                         _082_ (net)
                  0.10    0.00    1.83 v _186_/A2 (sky130_fd_sc_hd__o211ai_4)
     2    0.02    0.22    0.23    2.06 ^ _186_/Y (sky130_fd_sc_hd__o211ai_4)
                                         _084_ (net)
                  0.22    0.00    2.06 ^ _187_/A2 (sky130_fd_sc_hd__a21bo_4)
     9    0.02    0.08    0.19    2.25 ^ _187_/X (sky130_fd_sc_hd__a21bo_4)
                                         _085_ (net)
                  0.08    0.00    2.25 ^ _202_/A (sky130_fd_sc_hd__clkbuf_8)
    10    0.06    0.11    0.19    2.44 ^ _202_/X (sky130_fd_sc_hd__clkbuf_8)
                                         _095_ (net)
                  0.11    0.01    2.45 ^ _284_/B1 (sky130_fd_sc_hd__o211a_1)
     1    0.01    0.11    0.21    2.66 ^ _284_/X (sky130_fd_sc_hd__o211a_1)
                                         _018_ (net)
                  0.11    0.00    2.66 ^ _356_/D (sky130_fd_sc_hd__dfrtp_2)
                                  2.66   data arrival time

                         10.00   10.00   clock core_clock (rise edge)
                          0.00   10.00   clock source latency
     1    0.01    0.00    0.00   10.00 ^ clk (in)
                                         clk (net)
                  0.00    0.00   10.00 ^ clkbuf_0_clk/A (sky130_fd_sc_hd__clkbuf_16)
     4    0.04    0.06    0.12   10.12 ^ clkbuf_0_clk/X (sky130_fd_sc_hd__clkbuf_16)
                                         clknet_0_clk (net)
                  0.06    0.00   10.12 ^ clkbuf_2_3__f_clk/A (sky130_fd_sc_hd__clkbuf_16)
    10    0.02    0.04    0.13   10.25 ^ clkbuf_2_3__f_clk/X (sky130_fd_sc_hd__clkbuf_16)
                                         clknet_2_3__leaf_clk (net)
                  0.04    0.00   10.25 ^ _356_/CLK (sky130_fd_sc_hd__dfrtp_2)
                          0.00   10.25   clock reconvergence pessimism
                         -0.08   10.17   library setup time
                                 10.17   data required time
-----------------------------------------------------------------------------
                                 10.17   data required time
                                 -2.66   data arrival time
-----------------------------------------------------------------------------
                                  7.51   slack (MET)


Startpoint: _343_ (rising edge-triggered flip-flop clocked by core_clock)
Endpoint: _337_ (rising edge-triggered flip-flop clocked by core_clock)
Path Group: core_clock
Path Type: max

Fanout     Cap    Slew   Delay    Time   Description
-----------------------------------------------------------------------------
                          0.00    0.00   clock core_clock (rise edge)
                          0.00    0.00   clock source latency
     1    0.01    0.00    0.00    0.00 ^ clk (in)
                                         clk (net)
                  0.00    0.00    0.00 ^ clkbuf_0_clk/A (sky130_fd_sc_hd__clkbuf_16)
     4    0.04    0.06    0.12    0.12 ^ clkbuf_0_clk/X (sky130_fd_sc_hd__clkbuf_16)
                                         clknet_0_clk (net)
                  0.06    0.00    0.12 ^ clkbuf_2_1__f_clk/A (sky130_fd_sc_hd__clkbuf_16)
     9    0.02    0.04    0.13    0.25 ^ clkbuf_2_1__f_clk/X (sky130_fd_sc_hd__clkbuf_16)
                                         clknet_2_1__leaf_clk (net)
                  0.04    0.00    0.25 ^ _343_/CLK (sky130_fd_sc_hd__dfrtp_4)
     4    0.05    0.12    0.55    0.80 v _343_/Q (sky130_fd_sc_hd__dfrtp_4)
                                         one_second_counter[13] (net)
                  0.12    0.01    0.80 v _180_/D (sky130_fd_sc_hd__and4_2)
     2    0.01    0.05    0.28    1.08 v _180_/X (sky130_fd_sc_hd__and4_2)
                                         _078_ (net)
                  0.05    0.00    1.08 v _181_/D (sky130_fd_sc_hd__or4_1)
     1    0.00    0.08    0.38    1.47 v _181_/X (sky130_fd_sc_hd__or4_1)
                                         _079_ (net)
                  0.08    0.00    1.47 v _184_/A3 (sky130_fd_sc_hd__o31a_2)
     1    0.02    0.10    0.35    1.82 v _184_/X (sky130_fd_sc_hd__o31a_2)
                                         _082_ (net)
                  0.10    0.00    1.83 v _186_/A2 (sky130_fd_sc_hd__o211ai_4)
     2    0.02    0.22    0.23    2.06 ^ _186_/Y (sky130_fd_sc_hd__o211ai_4)
                                         _084_ (net)
                  0.22    0.00    2.06 ^ _187_/A2 (sky130_fd_sc_hd__a21bo_4)
     9    0.02    0.08    0.19    2.25 ^ _187_/X (sky130_fd_sc_hd__a21bo_4)
                                         _085_ (net)
                  0.08    0.00    2.25 ^ _188_/A (sky130_fd_sc_hd__inv_2)
     2    0.03    0.08    0.09    2.34 v _188_/Y (sky130_fd_sc_hd__inv_2)
                                         _086_ (net)
                  0.08    0.00    2.34 v _215_/B1 (sky130_fd_sc_hd__a211oi_4)
     1    0.02    0.27    0.30    2.64 ^ _215_/Y (sky130_fd_sc_hd__a211oi_4)
                                         _024_ (net)
                  0.27    0.00    2.64 ^ _337_/D (sky130_fd_sc_hd__dfrtp_4)
                                  2.64   data arrival time

                         10.00   10.00   clock core_clock (rise edge)
                          0.00   10.00   clock source latency
     1    0.01    0.00    0.00   10.00 ^ clk (in)
                                         clk (net)
                  0.00    0.00   10.00 ^ clkbuf_0_clk/A (sky130_fd_sc_hd__clkbuf_16)
     4    0.04    0.06    0.12   10.12 ^ clkbuf_0_clk/X (sky130_fd_sc_hd__clkbuf_16)
                                         clknet_0_clk (net)
                  0.06    0.00   10.13 ^ clkbuf_2_0__f_clk/A (sky130_fd_sc_hd__clkbuf_16)
     9    0.04    0.06    0.14   10.27 ^ clkbuf_2_0__f_clk/X (sky130_fd_sc_hd__clkbuf_16)
                                         clknet_2_0__leaf_clk (net)
                  0.06    0.00   10.27 ^ _337_/CLK (sky130_fd_sc_hd__dfrtp_4)
                          0.00   10.27   clock reconvergence pessimism
                         -0.11   10.16   library setup time
                                 10.16   data required time
-----------------------------------------------------------------------------
                                 10.16   data required time
                                 -2.64   data arrival time
-----------------------------------------------------------------------------
                                  7.52   slack (MET)


Startpoint: _343_ (rising edge-triggered flip-flop clocked by core_clock)
Endpoint: _347_ (rising edge-triggered flip-flop clocked by core_clock)
Path Group: core_clock
Path Type: max

Fanout     Cap    Slew   Delay    Time   Description
-----------------------------------------------------------------------------
                          0.00    0.00   clock core_clock (rise edge)
                          0.00    0.00   clock source latency
     1    0.01    0.00    0.00    0.00 ^ clk (in)
                                         clk (net)
                  0.00    0.00    0.00 ^ clkbuf_0_clk/A (sky130_fd_sc_hd__clkbuf_16)
     4    0.04    0.06    0.12    0.12 ^ clkbuf_0_clk/X (sky130_fd_sc_hd__clkbuf_16)
                                         clknet_0_clk (net)
                  0.06    0.00    0.12 ^ clkbuf_2_1__f_clk/A (sky130_fd_sc_hd__clkbuf_16)
     9    0.02    0.04    0.13    0.25 ^ clkbuf_2_1__f_clk/X (sky130_fd_sc_hd__clkbuf_16)
                                         clknet_2_1__leaf_clk (net)
                  0.04    0.00    0.25 ^ _343_/CLK (sky130_fd_sc_hd__dfrtp_4)
     4    0.05    0.12    0.55    0.80 v _343_/Q (sky130_fd_sc_hd__dfrtp_4)
                                         one_second_counter[13] (net)
                  0.12    0.01    0.80 v _180_/D (sky130_fd_sc_hd__and4_2)
     2    0.01    0.05    0.28    1.08 v _180_/X (sky130_fd_sc_hd__and4_2)
                                         _078_ (net)
                  0.05    0.00    1.08 v _181_/D (sky130_fd_sc_hd__or4_1)
     1    0.00    0.08    0.38    1.47 v _181_/X (sky130_fd_sc_hd__or4_1)
                                         _079_ (net)
                  0.08    0.00    1.47 v _184_/A3 (sky130_fd_sc_hd__o31a_2)
     1    0.02    0.10    0.35    1.82 v _184_/X (sky130_fd_sc_hd__o31a_2)
                                         _082_ (net)
                  0.10    0.00    1.83 v _186_/A2 (sky130_fd_sc_hd__o211ai_4)
     2    0.02    0.22    0.23    2.06 ^ _186_/Y (sky130_fd_sc_hd__o211ai_4)
                                         _084_ (net)
                  0.22    0.00    2.06 ^ _187_/A2 (sky130_fd_sc_hd__a21bo_4)
     9    0.02    0.08    0.19    2.25 ^ _187_/X (sky130_fd_sc_hd__a21bo_4)
                                         _085_ (net)
                  0.08    0.00    2.25 ^ _188_/A (sky130_fd_sc_hd__inv_2)
     2    0.03    0.08    0.09    2.34 v _188_/Y (sky130_fd_sc_hd__inv_2)
                                         _086_ (net)
                  0.08    0.00    2.34 v _189_/A (sky130_fd_sc_hd__buf_8)
    10    0.07    0.06    0.17    2.51 v _189_/X (sky130_fd_sc_hd__buf_8)
                                         _027_ (net)
                  0.07    0.01    2.52 v _252_/A (sky130_fd_sc_hd__nor2_1)
     1    0.00    0.08    0.11    2.63 ^ _252_/Y (sky130_fd_sc_hd__nor2_1)
                                         _008_ (net)
                  0.08    0.00    2.63 ^ _347_/D (sky130_fd_sc_hd__dfrtp_4)
                                  2.63   data arrival time

                         10.00   10.00   clock core_clock (rise edge)
                          0.00   10.00   clock source latency
     1    0.01    0.00    0.00   10.00 ^ clk (in)
                                         clk (net)
                  0.00    0.00   10.00 ^ clkbuf_0_clk/A (sky130_fd_sc_hd__clkbuf_16)
     4    0.04    0.06    0.12   10.12 ^ clkbuf_0_clk/X (sky130_fd_sc_hd__clkbuf_16)
                                         clknet_0_clk (net)
                  0.06    0.00   10.12 ^ clkbuf_2_2__f_clk/A (sky130_fd_sc_hd__clkbuf_16)
     7    0.03    0.05    0.14   10.26 ^ clkbuf_2_2__f_clk/X (sky130_fd_sc_hd__clkbuf_16)
                                         clknet_2_2__leaf_clk (net)
                  0.05    0.00   10.26 ^ _347_/CLK (sky130_fd_sc_hd__dfrtp_4)
                          0.00   10.26   clock reconvergence pessimism
                         -0.07   10.19   library setup time
                                 10.19   data required time
-----------------------------------------------------------------------------
                                 10.19   data required time
                                 -2.63   data arrival time
-----------------------------------------------------------------------------
                                  7.56   slack (MET)


Startpoint: _343_ (rising edge-triggered flip-flop clocked by core_clock)
Endpoint: _352_ (rising edge-triggered flip-flop clocked by core_clock)
Path Group: core_clock
Path Type: max

Fanout     Cap    Slew   Delay    Time   Description
-----------------------------------------------------------------------------
                          0.00    0.00   clock core_clock (rise edge)
                          0.00    0.00   clock source latency
     1    0.01    0.00    0.00    0.00 ^ clk (in)
                                         clk (net)
                  0.00    0.00    0.00 ^ clkbuf_0_clk/A (sky130_fd_sc_hd__clkbuf_16)
     4    0.04    0.06    0.12    0.12 ^ clkbuf_0_clk/X (sky130_fd_sc_hd__clkbuf_16)
                                         clknet_0_clk (net)
                  0.06    0.00    0.12 ^ clkbuf_2_1__f_clk/A (sky130_fd_sc_hd__clkbuf_16)
     9    0.02    0.04    0.13    0.25 ^ clkbuf_2_1__f_clk/X (sky130_fd_sc_hd__clkbuf_16)
                                         clknet_2_1__leaf_clk (net)
                  0.04    0.00    0.25 ^ _343_/CLK (sky130_fd_sc_hd__dfrtp_4)
     4    0.05    0.12    0.55    0.80 v _343_/Q (sky130_fd_sc_hd__dfrtp_4)
                                         one_second_counter[13] (net)
                  0.12    0.01    0.80 v _180_/D (sky130_fd_sc_hd__and4_2)
     2    0.01    0.05    0.28    1.08 v _180_/X (sky130_fd_sc_hd__and4_2)
                                         _078_ (net)
                  0.05    0.00    1.08 v _181_/D (sky130_fd_sc_hd__or4_1)
     1    0.00    0.08    0.38    1.47 v _181_/X (sky130_fd_sc_hd__or4_1)
                                         _079_ (net)
                  0.08    0.00    1.47 v _184_/A3 (sky130_fd_sc_hd__o31a_2)
     1    0.02    0.10    0.35    1.82 v _184_/X (sky130_fd_sc_hd__o31a_2)
                                         _082_ (net)
                  0.10    0.00    1.83 v _186_/A2 (sky130_fd_sc_hd__o211ai_4)
     2    0.02    0.22    0.23    2.06 ^ _186_/Y (sky130_fd_sc_hd__o211ai_4)
                                         _084_ (net)
                  0.22    0.00    2.06 ^ _187_/A2 (sky130_fd_sc_hd__a21bo_4)
     9    0.02    0.08    0.19    2.25 ^ _187_/X (sky130_fd_sc_hd__a21bo_4)
                                         _085_ (net)
                  0.08    0.00    2.25 ^ _271_/A (sky130_fd_sc_hd__and3_1)
     1    0.02    0.16    0.23    2.48 ^ _271_/X (sky130_fd_sc_hd__and3_1)
                                         _146_ (net)
                  0.16    0.00    2.48 ^ _272_/A (sky130_fd_sc_hd__clkbuf_1)
     1    0.01    0.08    0.13    2.61 ^ _272_/X (sky130_fd_sc_hd__clkbuf_1)
                                         _014_ (net)
                  0.08    0.00    2.61 ^ _352_/D (sky130_fd_sc_hd__dfrtp_4)
                                  2.61   data arrival time

                         10.00   10.00   clock core_clock (rise edge)
                          0.00   10.00   clock source latency
     1    0.01    0.00    0.00   10.00 ^ clk (in)
                                         clk (net)
                  0.00    0.00   10.00 ^ clkbuf_0_clk/A (sky130_fd_sc_hd__clkbuf_16)
     4    0.04    0.06    0.12   10.12 ^ clkbuf_0_clk/X (sky130_fd_sc_hd__clkbuf_16)
                                         clknet_0_clk (net)
                  0.06    0.00   10.12 ^ clkbuf_2_1__f_clk/A (sky130_fd_sc_hd__clkbuf_16)
     9    0.02    0.04    0.13   10.25 ^ clkbuf_2_1__f_clk/X (sky130_fd_sc_hd__clkbuf_16)
                                         clknet_2_1__leaf_clk (net)
                  0.04    0.00   10.25 ^ _352_/CLK (sky130_fd_sc_hd__dfrtp_4)
                          0.00   10.25   clock reconvergence pessimism
                         -0.07   10.18   library setup time
                                 10.18   data required time
-----------------------------------------------------------------------------
                                 10.18   data required time
                                 -2.61   data arrival time
-----------------------------------------------------------------------------
                                  7.57   slack (MET)


Startpoint: _343_ (rising edge-triggered flip-flop clocked by core_clock)
Endpoint: _348_ (rising edge-triggered flip-flop clocked by core_clock)
Path Group: core_clock
Path Type: max

Fanout     Cap    Slew   Delay    Time   Description
-----------------------------------------------------------------------------
                          0.00    0.00   clock core_clock (rise edge)
                          0.00    0.00   clock source latency
     1    0.01    0.00    0.00    0.00 ^ clk (in)
                                         clk (net)
                  0.00    0.00    0.00 ^ clkbuf_0_clk/A (sky130_fd_sc_hd__clkbuf_16)
     4    0.04    0.06    0.12    0.12 ^ clkbuf_0_clk/X (sky130_fd_sc_hd__clkbuf_16)
                                         clknet_0_clk (net)
                  0.06    0.00    0.12 ^ clkbuf_2_1__f_clk/A (sky130_fd_sc_hd__clkbuf_16)
     9    0.02    0.04    0.13    0.25 ^ clkbuf_2_1__f_clk/X (sky130_fd_sc_hd__clkbuf_16)
                                         clknet_2_1__leaf_clk (net)
                  0.04    0.00    0.25 ^ _343_/CLK (sky130_fd_sc_hd__dfrtp_4)
     4    0.05    0.12    0.55    0.80 v _343_/Q (sky130_fd_sc_hd__dfrtp_4)
                                         one_second_counter[13] (net)
                  0.12    0.01    0.80 v _180_/D (sky130_fd_sc_hd__and4_2)
     2    0.01    0.05    0.28    1.08 v _180_/X (sky130_fd_sc_hd__and4_2)
                                         _078_ (net)
                  0.05    0.00    1.08 v _181_/D (sky130_fd_sc_hd__or4_1)
     1    0.00    0.08    0.38    1.47 v _181_/X (sky130_fd_sc_hd__or4_1)
                                         _079_ (net)
                  0.08    0.00    1.47 v _184_/A3 (sky130_fd_sc_hd__o31a_2)
     1    0.02    0.10    0.35    1.82 v _184_/X (sky130_fd_sc_hd__o31a_2)
                                         _082_ (net)
                  0.10    0.00    1.83 v _186_/A2 (sky130_fd_sc_hd__o211ai_4)
     2    0.02    0.22    0.23    2.06 ^ _186_/Y (sky130_fd_sc_hd__o211ai_4)
                                         _084_ (net)
                  0.22    0.00    2.06 ^ _187_/A2 (sky130_fd_sc_hd__a21bo_4)
     9    0.02    0.08    0.19    2.25 ^ _187_/X (sky130_fd_sc_hd__a21bo_4)
                                         _085_ (net)
                  0.08    0.00    2.25 ^ _202_/A (sky130_fd_sc_hd__clkbuf_8)
    10    0.06    0.11    0.19    2.44 ^ _202_/X (sky130_fd_sc_hd__clkbuf_8)
                                         _095_ (net)
                  0.11    0.01    2.45 ^ _255_/C1 (sky130_fd_sc_hd__o211a_1)
     1    0.00    0.04    0.14    2.59 ^ _255_/X (sky130_fd_sc_hd__o211a_1)
                                         _009_ (net)
                  0.04    0.00    2.59 ^ _348_/D (sky130_fd_sc_hd__dfrtp_4)
                                  2.59   data arrival time

                         10.00   10.00   clock core_clock (rise edge)
                          0.00   10.00   clock source latency
     1    0.01    0.00    0.00   10.00 ^ clk (in)
                                         clk (net)
                  0.00    0.00   10.00 ^ clkbuf_0_clk/A (sky130_fd_sc_hd__clkbuf_16)
     4    0.04    0.06    0.12   10.12 ^ clkbuf_0_clk/X (sky130_fd_sc_hd__clkbuf_16)
                                         clknet_0_clk (net)
                  0.06    0.00   10.12 ^ clkbuf_2_1__f_clk/A (sky130_fd_sc_hd__clkbuf_16)
     9    0.02    0.04    0.13   10.25 ^ clkbuf_2_1__f_clk/X (sky130_fd_sc_hd__clkbuf_16)
                                         clknet_2_1__leaf_clk (net)
                  0.04    0.00   10.25 ^ _348_/CLK (sky130_fd_sc_hd__dfrtp_4)
                          0.00   10.25   clock reconvergence pessimism
                         -0.06   10.19   library setup time
                                 10.19   data required time
-----------------------------------------------------------------------------
                                 10.19   data required time
                                 -2.59   data arrival time
-----------------------------------------------------------------------------
                                  7.60   slack (MET)


Startpoint: _343_ (rising edge-triggered flip-flop clocked by core_clock)
Endpoint: _357_ (rising edge-triggered flip-flop clocked by core_clock)
Path Group: core_clock
Path Type: max

Fanout     Cap    Slew   Delay    Time   Description
-----------------------------------------------------------------------------
                          0.00    0.00   clock core_clock (rise edge)
                          0.00    0.00   clock source latency
     1    0.01    0.00    0.00    0.00 ^ clk (in)
                                         clk (net)
                  0.00    0.00    0.00 ^ clkbuf_0_clk/A (sky130_fd_sc_hd__clkbuf_16)
     4    0.04    0.06    0.12    0.12 ^ clkbuf_0_clk/X (sky130_fd_sc_hd__clkbuf_16)
                                         clknet_0_clk (net)
                  0.06    0.00    0.12 ^ clkbuf_2_1__f_clk/A (sky130_fd_sc_hd__clkbuf_16)
     9    0.02    0.04    0.13    0.25 ^ clkbuf_2_1__f_clk/X (sky130_fd_sc_hd__clkbuf_16)
                                         clknet_2_1__leaf_clk (net)
                  0.04    0.00    0.25 ^ _343_/CLK (sky130_fd_sc_hd__dfrtp_4)
     4    0.05    0.12    0.55    0.80 v _343_/Q (sky130_fd_sc_hd__dfrtp_4)
                                         one_second_counter[13] (net)
                  0.12    0.01    0.80 v _180_/D (sky130_fd_sc_hd__and4_2)
     2    0.01    0.05    0.28    1.08 v _180_/X (sky130_fd_sc_hd__and4_2)
                                         _078_ (net)
                  0.05    0.00    1.08 v _181_/D (sky130_fd_sc_hd__or4_1)
     1    0.00    0.08    0.38    1.47 v _181_/X (sky130_fd_sc_hd__or4_1)
                                         _079_ (net)
                  0.08    0.00    1.47 v _184_/A3 (sky130_fd_sc_hd__o31a_2)
     1    0.02    0.10    0.35    1.82 v _184_/X (sky130_fd_sc_hd__o31a_2)
                                         _082_ (net)
                  0.10    0.00    1.83 v _186_/A2 (sky130_fd_sc_hd__o211ai_4)
     2    0.02    0.22    0.23    2.06 ^ _186_/Y (sky130_fd_sc_hd__o211ai_4)
                                         _084_ (net)
                  0.22    0.00    2.06 ^ _187_/A2 (sky130_fd_sc_hd__a21bo_4)
     9    0.02    0.08    0.19    2.25 ^ _187_/X (sky130_fd_sc_hd__a21bo_4)
                                         _085_ (net)
                  0.08    0.00    2.25 ^ _188_/A (sky130_fd_sc_hd__inv_2)
     2    0.03    0.08    0.09    2.34 v _188_/Y (sky130_fd_sc_hd__inv_2)
                                         _086_ (net)
                  0.08    0.00    2.34 v _189_/A (sky130_fd_sc_hd__buf_8)
    10    0.07    0.06    0.17    2.51 v _189_/X (sky130_fd_sc_hd__buf_8)
                                         _027_ (net)
                  0.06    0.00    2.51 v _357_/D (sky130_fd_sc_hd__dfrtp_4)
                                  2.51   data arrival time

                         10.00   10.00   clock core_clock (rise edge)
                          0.00   10.00   clock source latency
     1    0.01    0.00    0.00   10.00 ^ clk (in)
                                         clk (net)
                  0.00    0.00   10.00 ^ clkbuf_0_clk/A (sky130_fd_sc_hd__clkbuf_16)
     4    0.04    0.06    0.12   10.12 ^ clkbuf_0_clk/X (sky130_fd_sc_hd__clkbuf_16)
                                         clknet_0_clk (net)
                  0.06    0.00   10.12 ^ clkbuf_2_1__f_clk/A (sky130_fd_sc_hd__clkbuf_16)
     9    0.02    0.04    0.13   10.25 ^ clkbuf_2_1__f_clk/X (sky130_fd_sc_hd__clkbuf_16)
                                         clknet_2_1__leaf_clk (net)
                  0.04    0.00   10.25 ^ _357_/CLK (sky130_fd_sc_hd__dfrtp_4)
                          0.00   10.25   clock reconvergence pessimism
                         -0.12   10.13   library setup time
                                 10.13   data required time
-----------------------------------------------------------------------------
                                 10.13   data required time
                                 -2.51   data arrival time
-----------------------------------------------------------------------------
                                  7.62   slack (MET)


Startpoint: _343_ (rising edge-triggered flip-flop clocked by core_clock)
Endpoint: _332_ (rising edge-triggered flip-flop clocked by core_clock)
Path Group: core_clock
Path Type: max

Fanout     Cap    Slew   Delay    Time   Description
-----------------------------------------------------------------------------
                          0.00    0.00   clock core_clock (rise edge)
                          0.00    0.00   clock source latency
     1    0.01    0.00    0.00    0.00 ^ clk (in)
                                         clk (net)
                  0.00    0.00    0.00 ^ clkbuf_0_clk/A (sky130_fd_sc_hd__clkbuf_16)
     4    0.04    0.06    0.12    0.12 ^ clkbuf_0_clk/X (sky130_fd_sc_hd__clkbuf_16)
                                         clknet_0_clk (net)
                  0.06    0.00    0.12 ^ clkbuf_2_1__f_clk/A (sky130_fd_sc_hd__clkbuf_16)
     9    0.02    0.04    0.13    0.25 ^ clkbuf_2_1__f_clk/X (sky130_fd_sc_hd__clkbuf_16)
                                         clknet_2_1__leaf_clk (net)
                  0.04    0.00    0.25 ^ _343_/CLK (sky130_fd_sc_hd__dfrtp_4)
     4    0.05    0.12    0.55    0.80 v _343_/Q (sky130_fd_sc_hd__dfrtp_4)
                                         one_second_counter[13] (net)
                  0.12    0.01    0.80 v _180_/D (sky130_fd_sc_hd__and4_2)
     2    0.01    0.05    0.28    1.08 v _180_/X (sky130_fd_sc_hd__and4_2)
                                         _078_ (net)
                  0.05    0.00    1.08 v _181_/D (sky130_fd_sc_hd__or4_1)
     1    0.00    0.08    0.38    1.47 v _181_/X (sky130_fd_sc_hd__or4_1)
                                         _079_ (net)
                  0.08    0.00    1.47 v _184_/A3 (sky130_fd_sc_hd__o31a_2)
     1    0.02    0.10    0.35    1.82 v _184_/X (sky130_fd_sc_hd__o31a_2)
                                         _082_ (net)
                  0.10    0.00    1.83 v _186_/A2 (sky130_fd_sc_hd__o211ai_4)
     2    0.02    0.22    0.23    2.06 ^ _186_/Y (sky130_fd_sc_hd__o211ai_4)
                                         _084_ (net)
                  0.22    0.00    2.06 ^ _187_/A2 (sky130_fd_sc_hd__a21bo_4)
     9    0.02    0.08    0.19    2.25 ^ _187_/X (sky130_fd_sc_hd__a21bo_4)
                                         _085_ (net)
                  0.08    0.00    2.25 ^ _197_/B (sky130_fd_sc_hd__and3_2)
     1    0.01    0.09    0.22    2.47 ^ _197_/X (sky130_fd_sc_hd__and3_2)
                                         _092_ (net)
                  0.09    0.00    2.47 ^ _198_/A (sky130_fd_sc_hd__buf_1)
     1    0.00    0.04    0.09    2.56 ^ _198_/X (sky130_fd_sc_hd__buf_1)
                                         _019_ (net)
                  0.04    0.00    2.56 ^ _332_/D (sky130_fd_sc_hd__dfrtp_4)
                                  2.56   data arrival time

                         10.00   10.00   clock core_clock (rise edge)
                          0.00   10.00   clock source latency
     1    0.01    0.00    0.00   10.00 ^ clk (in)
                                         clk (net)
                  0.00    0.00   10.00 ^ clkbuf_0_clk/A (sky130_fd_sc_hd__clkbuf_16)
     4    0.04    0.06    0.12   10.12 ^ clkbuf_0_clk/X (sky130_fd_sc_hd__clkbuf_16)
                                         clknet_0_clk (net)
                  0.06    0.00   10.12 ^ clkbuf_2_2__f_clk/A (sky130_fd_sc_hd__clkbuf_16)
     7    0.03    0.05    0.14   10.26 ^ clkbuf_2_2__f_clk/X (sky130_fd_sc_hd__clkbuf_16)
                                         clknet_2_2__leaf_clk (net)
                  0.05    0.00   10.26 ^ _332_/CLK (sky130_fd_sc_hd__dfrtp_4)
                          0.00   10.26   clock reconvergence pessimism
                         -0.06   10.20   library setup time
                                 10.20   data required time
-----------------------------------------------------------------------------
                                 10.20   data required time
                                 -2.56   data arrival time
-----------------------------------------------------------------------------
                                  7.64   slack (MET)


Startpoint: _343_ (rising edge-triggered flip-flop clocked by core_clock)
Endpoint: _350_ (rising edge-triggered flip-flop clocked by core_clock)
Path Group: core_clock
Path Type: max

Fanout     Cap    Slew   Delay    Time   Description
-----------------------------------------------------------------------------
                          0.00    0.00   clock core_clock (rise edge)
                          0.00    0.00   clock source latency
     1    0.01    0.00    0.00    0.00 ^ clk (in)
                                         clk (net)
                  0.00    0.00    0.00 ^ clkbuf_0_clk/A (sky130_fd_sc_hd__clkbuf_16)
     4    0.04    0.06    0.12    0.12 ^ clkbuf_0_clk/X (sky130_fd_sc_hd__clkbuf_16)
                                         clknet_0_clk (net)
                  0.06    0.00    0.12 ^ clkbuf_2_1__f_clk/A (sky130_fd_sc_hd__clkbuf_16)
     9    0.02    0.04    0.13    0.25 ^ clkbuf_2_1__f_clk/X (sky130_fd_sc_hd__clkbuf_16)
                                         clknet_2_1__leaf_clk (net)
                  0.04    0.00    0.25 ^ _343_/CLK (sky130_fd_sc_hd__dfrtp_4)
     4    0.05    0.12    0.55    0.80 v _343_/Q (sky130_fd_sc_hd__dfrtp_4)
                                         one_second_counter[13] (net)
                  0.12    0.01    0.80 v _180_/D (sky130_fd_sc_hd__and4_2)
     2    0.01    0.05    0.28    1.08 v _180_/X (sky130_fd_sc_hd__and4_2)
                                         _078_ (net)
                  0.05    0.00    1.08 v _181_/D (sky130_fd_sc_hd__or4_1)
     1    0.00    0.08    0.38    1.47 v _181_/X (sky130_fd_sc_hd__or4_1)
                                         _079_ (net)
                  0.08    0.00    1.47 v _184_/A3 (sky130_fd_sc_hd__o31a_2)
     1    0.02    0.10    0.35    1.82 v _184_/X (sky130_fd_sc_hd__o31a_2)
                                         _082_ (net)
                  0.10    0.00    1.83 v _186_/A2 (sky130_fd_sc_hd__o211ai_4)
     2    0.02    0.22    0.23    2.06 ^ _186_/Y (sky130_fd_sc_hd__o211ai_4)
                                         _084_ (net)
                  0.22    0.00    2.06 ^ _187_/A2 (sky130_fd_sc_hd__a21bo_4)
     9    0.02    0.08    0.19    2.25 ^ _187_/X (sky130_fd_sc_hd__a21bo_4)
                                         _085_ (net)
                  0.08    0.00    2.25 ^ _264_/A (sky130_fd_sc_hd__and3_2)
     1    0.01    0.09    0.22    2.47 ^ _264_/X (sky130_fd_sc_hd__and3_2)
                                         _141_ (net)
                  0.09    0.00    2.47 ^ _265_/A (sky130_fd_sc_hd__buf_1)
     1    0.00    0.04    0.09    2.56 ^ _265_/X (sky130_fd_sc_hd__buf_1)
                                         _012_ (net)
                  0.04    0.00    2.56 ^ _350_/D (sky130_fd_sc_hd__dfrtp_4)
                                  2.56   data arrival time

                         10.00   10.00   clock core_clock (rise edge)
                          0.00   10.00   clock source latency
     1    0.01    0.00    0.00   10.00 ^ clk (in)
                                         clk (net)
                  0.00    0.00   10.00 ^ clkbuf_0_clk/A (sky130_fd_sc_hd__clkbuf_16)
     4    0.04    0.06    0.12   10.12 ^ clkbuf_0_clk/X (sky130_fd_sc_hd__clkbuf_16)
                                         clknet_0_clk (net)
                  0.06    0.00   10.13 ^ clkbuf_2_0__f_clk/A (sky130_fd_sc_hd__clkbuf_16)
     9    0.04    0.06    0.14   10.27 ^ clkbuf_2_0__f_clk/X (sky130_fd_sc_hd__clkbuf_16)
                                         clknet_2_0__leaf_clk (net)
                  0.06    0.00   10.27 ^ _350_/CLK (sky130_fd_sc_hd__dfrtp_4)
                          0.00   10.27   clock reconvergence pessimism
                         -0.06   10.21   library setup time
                                 10.21   data required time
-----------------------------------------------------------------------------
                                 10.21   data required time
                                 -2.56   data arrival time
-----------------------------------------------------------------------------
                                  7.65   slack (MET)


Startpoint: _343_ (rising edge-triggered flip-flop clocked by core_clock)
Endpoint: _331_ (rising edge-triggered flip-flop clocked by core_clock)
Path Group: core_clock
Path Type: max

Fanout     Cap    Slew   Delay    Time   Description
-----------------------------------------------------------------------------
                          0.00    0.00   clock core_clock (rise edge)
                          0.00    0.00   clock source latency
     1    0.01    0.00    0.00    0.00 ^ clk (in)
                                         clk (net)
                  0.00    0.00    0.00 ^ clkbuf_0_clk/A (sky130_fd_sc_hd__clkbuf_16)
     4    0.04    0.06    0.12    0.12 ^ clkbuf_0_clk/X (sky130_fd_sc_hd__clkbuf_16)
                                         clknet_0_clk (net)
                  0.06    0.00    0.12 ^ clkbuf_2_1__f_clk/A (sky130_fd_sc_hd__clkbuf_16)
     9    0.02    0.04    0.13    0.25 ^ clkbuf_2_1__f_clk/X (sky130_fd_sc_hd__clkbuf_16)
                                         clknet_2_1__leaf_clk (net)
                  0.04    0.00    0.25 ^ _343_/CLK (sky130_fd_sc_hd__dfrtp_4)
     4    0.05    0.12    0.55    0.80 v _343_/Q (sky130_fd_sc_hd__dfrtp_4)
                                         one_second_counter[13] (net)
                  0.12    0.01    0.80 v _180_/D (sky130_fd_sc_hd__and4_2)
     2    0.01    0.05    0.28    1.08 v _180_/X (sky130_fd_sc_hd__and4_2)
                                         _078_ (net)
                  0.05    0.00    1.08 v _181_/D (sky130_fd_sc_hd__or4_1)
     1    0.00    0.08    0.38    1.47 v _181_/X (sky130_fd_sc_hd__or4_1)
                                         _079_ (net)
                  0.08    0.00    1.47 v _184_/A3 (sky130_fd_sc_hd__o31a_2)
     1    0.02    0.10    0.35    1.82 v _184_/X (sky130_fd_sc_hd__o31a_2)
                                         _082_ (net)
                  0.10    0.00    1.83 v _186_/A2 (sky130_fd_sc_hd__o211ai_4)
     2    0.02    0.22    0.23    2.06 ^ _186_/Y (sky130_fd_sc_hd__o211ai_4)
                                         _084_ (net)
                  0.22    0.00    2.06 ^ _187_/A2 (sky130_fd_sc_hd__a21bo_4)
     9    0.02    0.08    0.19    2.25 ^ _187_/X (sky130_fd_sc_hd__a21bo_4)
                                         _085_ (net)
                  0.08    0.00    2.25 ^ _193_/B (sky130_fd_sc_hd__and3_1)
     1    0.00    0.05    0.14    2.40 ^ _193_/X (sky130_fd_sc_hd__and3_1)
                                         _089_ (net)
                  0.05    0.00    2.40 ^ _194_/A (sky130_fd_sc_hd__buf_1)
     1    0.00    0.05    0.09    2.49 ^ _194_/X (sky130_fd_sc_hd__buf_1)
                                         _011_ (net)
                  0.05    0.00    2.49 ^ _331_/D (sky130_fd_sc_hd__dfrtp_4)
                                  2.49   data arrival time

                         10.00   10.00   clock core_clock (rise edge)
                          0.00   10.00   clock source latency
     1    0.01    0.00    0.00   10.00 ^ clk (in)
                                         clk (net)
                  0.00    0.00   10.00 ^ clkbuf_0_clk/A (sky130_fd_sc_hd__clkbuf_16)
     4    0.04    0.06    0.12   10.12 ^ clkbuf_0_clk/X (sky130_fd_sc_hd__clkbuf_16)
                                         clknet_0_clk (net)
                  0.06    0.00   10.12 ^ clkbuf_2_3__f_clk/A (sky130_fd_sc_hd__clkbuf_16)
    10    0.02    0.04    0.13   10.25 ^ clkbuf_2_3__f_clk/X (sky130_fd_sc_hd__clkbuf_16)
                                         clknet_2_3__leaf_clk (net)
                  0.04    0.00   10.25 ^ _331_/CLK (sky130_fd_sc_hd__dfrtp_4)
                          0.00   10.25   clock reconvergence pessimism
                         -0.07   10.19   library setup time
                                 10.19   data required time
-----------------------------------------------------------------------------
                                 10.19   data required time
                                 -2.49   data arrival time
-----------------------------------------------------------------------------
                                  7.70   slack (MET)


Startpoint: _343_ (rising edge-triggered flip-flop clocked by core_clock)
Endpoint: _338_ (rising edge-triggered flip-flop clocked by core_clock)
Path Group: core_clock
Path Type: max

Fanout     Cap    Slew   Delay    Time   Description
-----------------------------------------------------------------------------
                          0.00    0.00   clock core_clock (rise edge)
                          0.00    0.00   clock source latency
     1    0.01    0.00    0.00    0.00 ^ clk (in)
                                         clk (net)
                  0.00    0.00    0.00 ^ clkbuf_0_clk/A (sky130_fd_sc_hd__clkbuf_16)
     4    0.04    0.06    0.12    0.12 ^ clkbuf_0_clk/X (sky130_fd_sc_hd__clkbuf_16)
                                         clknet_0_clk (net)
                  0.06    0.00    0.12 ^ clkbuf_2_1__f_clk/A (sky130_fd_sc_hd__clkbuf_16)
     9    0.02    0.04    0.13    0.25 ^ clkbuf_2_1__f_clk/X (sky130_fd_sc_hd__clkbuf_16)
                                         clknet_2_1__leaf_clk (net)
                  0.04    0.00    0.25 ^ _343_/CLK (sky130_fd_sc_hd__dfrtp_4)
     4    0.05    0.12    0.55    0.80 v _343_/Q (sky130_fd_sc_hd__dfrtp_4)
                                         one_second_counter[13] (net)
                  0.12    0.01    0.80 v _180_/D (sky130_fd_sc_hd__and4_2)
     2    0.01    0.05    0.28    1.08 v _180_/X (sky130_fd_sc_hd__and4_2)
                                         _078_ (net)
                  0.05    0.00    1.08 v _181_/D (sky130_fd_sc_hd__or4_1)
     1    0.00    0.08    0.38    1.47 v _181_/X (sky130_fd_sc_hd__or4_1)
                                         _079_ (net)
                  0.08    0.00    1.47 v _184_/A3 (sky130_fd_sc_hd__o31a_2)
     1    0.02    0.10    0.35    1.82 v _184_/X (sky130_fd_sc_hd__o31a_2)
                                         _082_ (net)
                  0.10    0.00    1.83 v _186_/A2 (sky130_fd_sc_hd__o211ai_4)
     2    0.02    0.22    0.23    2.06 ^ _186_/Y (sky130_fd_sc_hd__o211ai_4)
                                         _084_ (net)
                  0.22    0.00    2.06 ^ _187_/A2 (sky130_fd_sc_hd__a21bo_4)
     9    0.02    0.08    0.19    2.25 ^ _187_/X (sky130_fd_sc_hd__a21bo_4)
                                         _085_ (net)
                  0.08    0.00    2.25 ^ _218_/B (sky130_fd_sc_hd__and3_2)
     1    0.00    0.04    0.17    2.42 ^ _218_/X (sky130_fd_sc_hd__and3_2)
                                         _107_ (net)
                  0.04    0.00    2.42 ^ _219_/A (sky130_fd_sc_hd__buf_1)
     1    0.00    0.04    0.08    2.49 ^ _219_/X (sky130_fd_sc_hd__buf_1)
                                         _025_ (net)
                  0.04    0.00    2.49 ^ _338_/D (sky130_fd_sc_hd__dfrtp_4)
                                  2.49   data arrival time

                         10.00   10.00   clock core_clock (rise edge)
                          0.00   10.00   clock source latency
     1    0.01    0.00    0.00   10.00 ^ clk (in)
                                         clk (net)
                  0.00    0.00   10.00 ^ clkbuf_0_clk/A (sky130_fd_sc_hd__clkbuf_16)
     4    0.04    0.06    0.12   10.12 ^ clkbuf_0_clk/X (sky130_fd_sc_hd__clkbuf_16)
                                         clknet_0_clk (net)
                  0.06    0.00   10.13 ^ clkbuf_2_0__f_clk/A (sky130_fd_sc_hd__clkbuf_16)
     9    0.04    0.06    0.14   10.27 ^ clkbuf_2_0__f_clk/X (sky130_fd_sc_hd__clkbuf_16)
                                         clknet_2_0__leaf_clk (net)
                  0.06    0.00   10.27 ^ _338_/CLK (sky130_fd_sc_hd__dfrtp_4)
                          0.00   10.27   clock reconvergence pessimism
                         -0.06   10.21   library setup time
                                 10.21   data required time
-----------------------------------------------------------------------------
                                 10.21   data required time
                                 -2.49   data arrival time
-----------------------------------------------------------------------------
                                  7.72   slack (MET)


Startpoint: _343_ (rising edge-triggered flip-flop clocked by core_clock)
Endpoint: _333_ (rising edge-triggered flip-flop clocked by core_clock)
Path Group: core_clock
Path Type: max

Fanout     Cap    Slew   Delay    Time   Description
-----------------------------------------------------------------------------
                          0.00    0.00   clock core_clock (rise edge)
                          0.00    0.00   clock source latency
     1    0.01    0.00    0.00    0.00 ^ clk (in)
                                         clk (net)
                  0.00    0.00    0.00 ^ clkbuf_0_clk/A (sky130_fd_sc_hd__clkbuf_16)
     4    0.04    0.06    0.12    0.12 ^ clkbuf_0_clk/X (sky130_fd_sc_hd__clkbuf_16)
                                         clknet_0_clk (net)
                  0.06    0.00    0.12 ^ clkbuf_2_1__f_clk/A (sky130_fd_sc_hd__clkbuf_16)
     9    0.02    0.04    0.13    0.25 ^ clkbuf_2_1__f_clk/X (sky130_fd_sc_hd__clkbuf_16)
                                         clknet_2_1__leaf_clk (net)
                  0.04    0.00    0.25 ^ _343_/CLK (sky130_fd_sc_hd__dfrtp_4)
     4    0.05    0.12    0.55    0.80 v _343_/Q (sky130_fd_sc_hd__dfrtp_4)
                                         one_second_counter[13] (net)
                  0.12    0.01    0.80 v _180_/D (sky130_fd_sc_hd__and4_2)
     2    0.01    0.05    0.28    1.08 v _180_/X (sky130_fd_sc_hd__and4_2)
                                         _078_ (net)
                  0.05    0.00    1.08 v _181_/D (sky130_fd_sc_hd__or4_1)
     1    0.00    0.08    0.38    1.47 v _181_/X (sky130_fd_sc_hd__or4_1)
                                         _079_ (net)
                  0.08    0.00    1.47 v _184_/A3 (sky130_fd_sc_hd__o31a_2)
     1    0.02    0.10    0.35    1.82 v _184_/X (sky130_fd_sc_hd__o31a_2)
                                         _082_ (net)
                  0.10    0.00    1.83 v _186_/A2 (sky130_fd_sc_hd__o211ai_4)
     2    0.02    0.22    0.23    2.06 ^ _186_/Y (sky130_fd_sc_hd__o211ai_4)
                                         _084_ (net)
                  0.22    0.00    2.06 ^ _187_/A2 (sky130_fd_sc_hd__a21bo_4)
     9    0.02    0.08    0.19    2.25 ^ _187_/X (sky130_fd_sc_hd__a21bo_4)
                                         _085_ (net)
                  0.08    0.00    2.25 ^ _200_/B (sky130_fd_sc_hd__and3b_1)
     1    0.00    0.04    0.14    2.40 ^ _200_/X (sky130_fd_sc_hd__and3b_1)
                                         _094_ (net)
                  0.04    0.00    2.40 ^ _201_/A (sky130_fd_sc_hd__buf_2)
     1    0.00    0.02    0.09    2.48 ^ _201_/X (sky130_fd_sc_hd__buf_2)
                                         _020_ (net)
                  0.02    0.00    2.48 ^ _333_/D (sky130_fd_sc_hd__dfrtp_4)
                                  2.48   data arrival time

                         10.00   10.00   clock core_clock (rise edge)
                          0.00   10.00   clock source latency
     1    0.01    0.00    0.00   10.00 ^ clk (in)
                                         clk (net)
                  0.00    0.00   10.00 ^ clkbuf_0_clk/A (sky130_fd_sc_hd__clkbuf_16)
     4    0.04    0.06    0.12   10.12 ^ clkbuf_0_clk/X (sky130_fd_sc_hd__clkbuf_16)
                                         clknet_0_clk (net)
                  0.06    0.00   10.13 ^ clkbuf_2_0__f_clk/A (sky130_fd_sc_hd__clkbuf_16)
     9    0.04    0.06    0.14   10.27 ^ clkbuf_2_0__f_clk/X (sky130_fd_sc_hd__clkbuf_16)
                                         clknet_2_0__leaf_clk (net)
                  0.06    0.00   10.27 ^ _333_/CLK (sky130_fd_sc_hd__dfrtp_4)
                          0.00   10.27   clock reconvergence pessimism
                         -0.06   10.21   library setup time
                                 10.21   data required time
-----------------------------------------------------------------------------
                                 10.21   data required time
                                 -2.48   data arrival time
-----------------------------------------------------------------------------
                                  7.73   slack (MET)


Startpoint: _361_ (rising edge-triggered flip-flop clocked by core_clock)
Endpoint: _360_ (rising edge-triggered flip-flop clocked by core_clock)
Path Group: core_clock
Path Type: max

Fanout     Cap    Slew   Delay    Time   Description
-----------------------------------------------------------------------------
                          0.00    0.00   clock core_clock (rise edge)
                          0.00    0.00   clock source latency
     1    0.01    0.00    0.00    0.00 ^ clk (in)
                                         clk (net)
                  0.00    0.00    0.00 ^ clkbuf_0_clk/A (sky130_fd_sc_hd__clkbuf_16)
     4    0.04    0.06    0.12    0.12 ^ clkbuf_0_clk/X (sky130_fd_sc_hd__clkbuf_16)
                                         clknet_0_clk (net)
                  0.06    0.00    0.12 ^ clkbuf_2_2__f_clk/A (sky130_fd_sc_hd__clkbuf_16)
     7    0.03    0.05    0.14    0.26 ^ clkbuf_2_2__f_clk/X (sky130_fd_sc_hd__clkbuf_16)
                                         clknet_2_2__leaf_clk (net)
                  0.05    0.00    0.26 ^ _361_/CLK (sky130_fd_sc_hd__dfrtp_4)
     6    0.04    0.10    0.53    0.79 v _361_/Q (sky130_fd_sc_hd__dfrtp_4)
                                         decoder.digit[3] (net)
                  0.10    0.00    0.79 v _165_/A (sky130_fd_sc_hd__nor2_2)
     2    0.02    0.22    0.23    1.03 ^ _165_/Y (sky130_fd_sc_hd__nor2_2)
                                         _066_ (net)
                  0.22    0.00    1.03 ^ _166_/B (sky130_fd_sc_hd__nand2_4)
     3    0.04    0.11    0.13    1.16 v _166_/Y (sky130_fd_sc_hd__nand2_4)
                                         _067_ (net)
                  0.11    0.00    1.17 v _167_/B (sky130_fd_sc_hd__nor2_4)
     3    0.01    0.09    0.12    1.28 ^ _167_/Y (sky130_fd_sc_hd__nor2_4)
                                         _068_ (net)
                  0.09    0.00    1.28 ^ _168_/A2_N (sky130_fd_sc_hd__o2bb2a_2)
     1    0.01    0.05    0.23    1.51 v _168_/X (sky130_fd_sc_hd__o2bb2a_2)
                                         _069_ (net)
                  0.05    0.00    1.51 v _169_/B (sky130_fd_sc_hd__and2_1)
     1    0.00    0.03    0.15    1.66 v _169_/X (sky130_fd_sc_hd__and2_1)
                                         _070_ (net)
                  0.03    0.00    1.66 v _170_/A (sky130_fd_sc_hd__clkbuf_2)
     1    0.00    0.02    0.09    1.75 v _170_/X (sky130_fd_sc_hd__clkbuf_2)
                                         _062_ (net)
                  0.02    0.00    1.75 v _360_/D (sky130_fd_sc_hd__dfrtp_4)
                                  1.75   data arrival time

                         10.00   10.00   clock core_clock (rise edge)
                          0.00   10.00   clock source latency
     1    0.01    0.00    0.00   10.00 ^ clk (in)
                                         clk (net)
                  0.00    0.00   10.00 ^ clkbuf_0_clk/A (sky130_fd_sc_hd__clkbuf_16)
     4    0.04    0.06    0.12   10.12 ^ clkbuf_0_clk/X (sky130_fd_sc_hd__clkbuf_16)
                                         clknet_0_clk (net)
                  0.06    0.00   10.12 ^ clkbuf_2_1__f_clk/A (sky130_fd_sc_hd__clkbuf_16)
     9    0.02    0.04    0.13   10.25 ^ clkbuf_2_1__f_clk/X (sky130_fd_sc_hd__clkbuf_16)
                                         clknet_2_1__leaf_clk (net)
                  0.04    0.00   10.25 ^ _360_/CLK (sky130_fd_sc_hd__dfrtp_4)
                          0.00   10.25   clock reconvergence pessimism
                         -0.10   10.15   library setup time
                                 10.15   data required time
-----------------------------------------------------------------------------
                                 10.15   data required time
                                 -1.75   data arrival time
-----------------------------------------------------------------------------
                                  8.40   slack (MET)


Startpoint: _361_ (rising edge-triggered flip-flop clocked by core_clock)
Endpoint: _358_ (rising edge-triggered flip-flop clocked by core_clock)
Path Group: core_clock
Path Type: max

Fanout     Cap    Slew   Delay    Time   Description
-----------------------------------------------------------------------------
                          0.00    0.00   clock core_clock (rise edge)
                          0.00    0.00   clock source latency
     1    0.01    0.00    0.00    0.00 ^ clk (in)
                                         clk (net)
                  0.00    0.00    0.00 ^ clkbuf_0_clk/A (sky130_fd_sc_hd__clkbuf_16)
     4    0.04    0.06    0.12    0.12 ^ clkbuf_0_clk/X (sky130_fd_sc_hd__clkbuf_16)
                                         clknet_0_clk (net)
                  0.06    0.00    0.12 ^ clkbuf_2_2__f_clk/A (sky130_fd_sc_hd__clkbuf_16)
     7    0.03    0.05    0.14    0.26 ^ clkbuf_2_2__f_clk/X (sky130_fd_sc_hd__clkbuf_16)
                                         clknet_2_2__leaf_clk (net)
                  0.05    0.00    0.26 ^ _361_/CLK (sky130_fd_sc_hd__dfrtp_4)
     6    0.04    0.10    0.53    0.79 v _361_/Q (sky130_fd_sc_hd__dfrtp_4)
                                         decoder.digit[3] (net)
                  0.10    0.00    0.79 v _165_/A (sky130_fd_sc_hd__nor2_2)
     2    0.02    0.22    0.23    1.03 ^ _165_/Y (sky130_fd_sc_hd__nor2_2)
                                         _066_ (net)
                  0.22    0.00    1.03 ^ _166_/B (sky130_fd_sc_hd__nand2_4)
     3    0.04    0.11    0.13    1.16 v _166_/Y (sky130_fd_sc_hd__nand2_4)
                                         _067_ (net)
                  0.11    0.00    1.16 v _173_/A2 (sky130_fd_sc_hd__a21oi_1)
     1    0.01    0.23    0.25    1.42 ^ _173_/Y (sky130_fd_sc_hd__a21oi_1)
                                         _072_ (net)
                  0.23    0.00    1.42 ^ _174_/B1 (sky130_fd_sc_hd__a21oi_4)
     1    0.03    0.10    0.10    1.51 v _174_/Y (sky130_fd_sc_hd__a21oi_4)
                                         _060_ (net)
                  0.10    0.01    1.52 v _358_/D (sky130_fd_sc_hd__dfrtp_4)
                                  1.52   data arrival time

                         10.00   10.00   clock core_clock (rise edge)
                          0.00   10.00   clock source latency
     1    0.01    0.00    0.00   10.00 ^ clk (in)
                                         clk (net)
                  0.00    0.00   10.00 ^ clkbuf_0_clk/A (sky130_fd_sc_hd__clkbuf_16)
     4    0.04    0.06    0.12   10.12 ^ clkbuf_0_clk/X (sky130_fd_sc_hd__clkbuf_16)
                                         clknet_0_clk (net)
                  0.06    0.00   10.13 ^ clkbuf_2_0__f_clk/A (sky130_fd_sc_hd__clkbuf_16)
     9    0.04    0.06    0.14   10.27 ^ clkbuf_2_0__f_clk/X (sky130_fd_sc_hd__clkbuf_16)
                                         clknet_2_0__leaf_clk (net)
                  0.06    0.00   10.27 ^ _358_/CLK (sky130_fd_sc_hd__dfrtp_4)
                          0.00   10.27   clock reconvergence pessimism
                         -0.14   10.13   library setup time
                                 10.13   data required time
-----------------------------------------------------------------------------
                                 10.13   data required time
                                 -1.52   data arrival time
-----------------------------------------------------------------------------
                                  8.62   slack (MET)


Startpoint: _358_ (rising edge-triggered flip-flop clocked by core_clock)
Endpoint: _361_ (rising edge-triggered flip-flop clocked by core_clock)
Path Group: core_clock
Path Type: max

Fanout     Cap    Slew   Delay    Time   Description
-----------------------------------------------------------------------------
                          0.00    0.00   clock core_clock (rise edge)
                          0.00    0.00   clock source latency
     1    0.01    0.00    0.00    0.00 ^ clk (in)
                                         clk (net)
                  0.00    0.00    0.00 ^ clkbuf_0_clk/A (sky130_fd_sc_hd__clkbuf_16)
     4    0.04    0.06    0.12    0.12 ^ clkbuf_0_clk/X (sky130_fd_sc_hd__clkbuf_16)
                                         clknet_0_clk (net)
                  0.06    0.00    0.13 ^ clkbuf_2_0__f_clk/A (sky130_fd_sc_hd__clkbuf_16)
     9    0.04    0.06    0.14    0.27 ^ clkbuf_2_0__f_clk/X (sky130_fd_sc_hd__clkbuf_16)
                                         clknet_2_0__leaf_clk (net)
                  0.06    0.00    0.27 ^ _358_/CLK (sky130_fd_sc_hd__dfrtp_4)
     8    0.10    0.28    0.59    0.86 ^ _358_/Q (sky130_fd_sc_hd__dfrtp_4)
                                         decoder.digit[0] (net)
                  0.28    0.02    0.87 ^ _162_/C (sky130_fd_sc_hd__and3_4)
     3    0.02    0.08    0.26    1.13 ^ _162_/X (sky130_fd_sc_hd__and3_4)
                                         _064_ (net)
                  0.08    0.00    1.13 ^ _163_/B (sky130_fd_sc_hd__nand2_4)
     2    0.02    0.07    0.07    1.20 v _163_/Y (sky130_fd_sc_hd__nand2_4)
                                         _065_ (net)
                  0.07    0.00    1.20 v _164_/B (sky130_fd_sc_hd__xnor2_4)
     1    0.01    0.07    0.14    1.34 v _164_/Y (sky130_fd_sc_hd__xnor2_4)
                                         _063_ (net)
                  0.07    0.00    1.34 v _361_/D (sky130_fd_sc_hd__dfrtp_4)
                                  1.34   data arrival time

                         10.00   10.00   clock core_clock (rise edge)
                          0.00   10.00   clock source latency
     1    0.01    0.00    0.00   10.00 ^ clk (in)
                                         clk (net)
                  0.00    0.00   10.00 ^ clkbuf_0_clk/A (sky130_fd_sc_hd__clkbuf_16)
     4    0.04    0.06    0.12   10.12 ^ clkbuf_0_clk/X (sky130_fd_sc_hd__clkbuf_16)
                                         clknet_0_clk (net)
                  0.06    0.00   10.12 ^ clkbuf_2_2__f_clk/A (sky130_fd_sc_hd__clkbuf_16)
     7    0.03    0.05    0.14   10.26 ^ clkbuf_2_2__f_clk/X (sky130_fd_sc_hd__clkbuf_16)
                                         clknet_2_2__leaf_clk (net)
                  0.05    0.00   10.26 ^ _361_/CLK (sky130_fd_sc_hd__dfrtp_4)
                          0.00   10.26   clock reconvergence pessimism
                         -0.12   10.14   library setup time
                                 10.14   data required time
-----------------------------------------------------------------------------
                                 10.14   data required time
                                 -1.34   data arrival time
-----------------------------------------------------------------------------
                                  8.80   slack (MET)


Startpoint: _358_ (rising edge-triggered flip-flop clocked by core_clock)
Endpoint: _359_ (rising edge-triggered flip-flop clocked by core_clock)
Path Group: core_clock
Path Type: max

Fanout     Cap    Slew   Delay    Time   Description
-----------------------------------------------------------------------------
                          0.00    0.00   clock core_clock (rise edge)
                          0.00    0.00   clock source latency
     1    0.01    0.00    0.00    0.00 ^ clk (in)
                                         clk (net)
                  0.00    0.00    0.00 ^ clkbuf_0_clk/A (sky130_fd_sc_hd__clkbuf_16)
     4    0.04    0.06    0.12    0.12 ^ clkbuf_0_clk/X (sky130_fd_sc_hd__clkbuf_16)
                                         clknet_0_clk (net)
                  0.06    0.00    0.13 ^ clkbuf_2_0__f_clk/A (sky130_fd_sc_hd__clkbuf_16)
     9    0.04    0.06    0.14    0.27 ^ clkbuf_2_0__f_clk/X (sky130_fd_sc_hd__clkbuf_16)
                                         clknet_2_0__leaf_clk (net)
                  0.06    0.00    0.27 ^ _358_/CLK (sky130_fd_sc_hd__dfrtp_4)
     8    0.09    0.17    0.60    0.87 v _358_/Q (sky130_fd_sc_hd__dfrtp_4)
                                         decoder.digit[0] (net)
                  0.17    0.02    0.88 v _162_/C (sky130_fd_sc_hd__and3_4)
     3    0.01    0.05    0.25    1.13 v _162_/X (sky130_fd_sc_hd__and3_4)
                                         _064_ (net)
                  0.05    0.00    1.13 v _172_/A (sky130_fd_sc_hd__nor2_2)
     1    0.01    0.13    0.15    1.28 ^ _172_/Y (sky130_fd_sc_hd__nor2_2)
                                         _061_ (net)
                  0.13    0.00    1.28 ^ _359_/D (sky130_fd_sc_hd__dfrtp_4)
                                  1.28   data arrival time

                         10.00   10.00   clock core_clock (rise edge)
                          0.00   10.00   clock source latency
     1    0.01    0.00    0.00   10.00 ^ clk (in)
                                         clk (net)
                  0.00    0.00   10.00 ^ clkbuf_0_clk/A (sky130_fd_sc_hd__clkbuf_16)
     4    0.04    0.06    0.12   10.12 ^ clkbuf_0_clk/X (sky130_fd_sc_hd__clkbuf_16)
                                         clknet_0_clk (net)
                  0.06    0.00   10.12 ^ clkbuf_2_2__f_clk/A (sky130_fd_sc_hd__clkbuf_16)
     7    0.03    0.05    0.14   10.26 ^ clkbuf_2_2__f_clk/X (sky130_fd_sc_hd__clkbuf_16)
                                         clknet_2_2__leaf_clk (net)
                  0.05    0.00   10.26 ^ _359_/CLK (sky130_fd_sc_hd__dfrtp_4)
                          0.00   10.26   clock reconvergence pessimism
                         -0.08   10.18   library setup time
                                 10.18   data required time
-----------------------------------------------------------------------------
                                 10.18   data required time
                                 -1.28   data arrival time
-----------------------------------------------------------------------------
                                  8.90   slack (MET)



worst slack corner Typical: 7.1792
max_report_end
checks_report

===========================================================================
report_checks -unconstrained
===========================================================================
======================= Typical Corner ===================================

Startpoint: _343_ (rising edge-triggered flip-flop clocked by core_clock)
Endpoint: _354_ (rising edge-triggered flip-flop clocked by core_clock)
Path Group: core_clock
Path Type: max

Fanout     Cap    Slew   Delay    Time   Description
-----------------------------------------------------------------------------
                          0.00    0.00   clock core_clock (rise edge)
                          0.00    0.00   clock source latency
     1    0.01    0.00    0.00    0.00 ^ clk (in)
                                         clk (net)
                  0.00    0.00    0.00 ^ clkbuf_0_clk/A (sky130_fd_sc_hd__clkbuf_16)
     4    0.04    0.06    0.12    0.12 ^ clkbuf_0_clk/X (sky130_fd_sc_hd__clkbuf_16)
                                         clknet_0_clk (net)
                  0.06    0.00    0.12 ^ clkbuf_2_1__f_clk/A (sky130_fd_sc_hd__clkbuf_16)
     9    0.02    0.04    0.13    0.25 ^ clkbuf_2_1__f_clk/X (sky130_fd_sc_hd__clkbuf_16)
                                         clknet_2_1__leaf_clk (net)
                  0.04    0.00    0.25 ^ _343_/CLK (sky130_fd_sc_hd__dfrtp_4)
     4    0.05    0.12    0.55    0.80 v _343_/Q (sky130_fd_sc_hd__dfrtp_4)
                                         one_second_counter[13] (net)
                  0.12    0.01    0.80 v _180_/D (sky130_fd_sc_hd__and4_2)
     2    0.01    0.05    0.28    1.08 v _180_/X (sky130_fd_sc_hd__and4_2)
                                         _078_ (net)
                  0.05    0.00    1.08 v _181_/D (sky130_fd_sc_hd__or4_1)
     1    0.00    0.08    0.38    1.47 v _181_/X (sky130_fd_sc_hd__or4_1)
                                         _079_ (net)
                  0.08    0.00    1.47 v _184_/A3 (sky130_fd_sc_hd__o31a_2)
     1    0.02    0.10    0.35    1.82 v _184_/X (sky130_fd_sc_hd__o31a_2)
                                         _082_ (net)
                  0.10    0.00    1.83 v _186_/A2 (sky130_fd_sc_hd__o211ai_4)
     2    0.02    0.22    0.23    2.06 ^ _186_/Y (sky130_fd_sc_hd__o211ai_4)
                                         _084_ (net)
                  0.22    0.00    2.06 ^ _187_/A2 (sky130_fd_sc_hd__a21bo_4)
     9    0.02    0.08    0.19    2.25 ^ _187_/X (sky130_fd_sc_hd__a21bo_4)
                                         _085_ (net)
                  0.08    0.00    2.25 ^ _188_/A (sky130_fd_sc_hd__inv_2)
     2    0.03    0.08    0.09    2.34 v _188_/Y (sky130_fd_sc_hd__inv_2)
                                         _086_ (net)
                  0.08    0.00    2.34 v _189_/A (sky130_fd_sc_hd__buf_8)
    10    0.07    0.06    0.17    2.51 v _189_/X (sky130_fd_sc_hd__buf_8)
                                         _027_ (net)
                  0.07    0.01    2.52 v _278_/A (sky130_fd_sc_hd__nor3_2)
     1    0.02    0.44    0.41    2.93 ^ _278_/Y (sky130_fd_sc_hd__nor3_2)
                                         _016_ (net)
                  0.44    0.00    2.93 ^ _354_/D (sky130_fd_sc_hd__dfrtp_4)
                                  2.93   data arrival time

                         10.00   10.00   clock core_clock (rise edge)
                          0.00   10.00   clock source latency
     1    0.01    0.00    0.00   10.00 ^ clk (in)
                                         clk (net)
                  0.00    0.00   10.00 ^ clkbuf_0_clk/A (sky130_fd_sc_hd__clkbuf_16)
     4    0.04    0.06    0.12   10.12 ^ clkbuf_0_clk/X (sky130_fd_sc_hd__clkbuf_16)
                                         clknet_0_clk (net)
                  0.06    0.00   10.12 ^ clkbuf_2_2__f_clk/A (sky130_fd_sc_hd__clkbuf_16)
     7    0.03    0.05    0.14   10.26 ^ clkbuf_2_2__f_clk/X (sky130_fd_sc_hd__clkbuf_16)
                                         clknet_2_2__leaf_clk (net)
                  0.05    0.00   10.26 ^ _354_/CLK (sky130_fd_sc_hd__dfrtp_4)
                          0.00   10.26   clock reconvergence pessimism
                         -0.15   10.11   library setup time
                                 10.11   data required time
-----------------------------------------------------------------------------
                                 10.11   data required time
                                 -2.93   data arrival time
-----------------------------------------------------------------------------
                                  7.18   slack (MET)




===========================================================================
report_checks --slack_max -0.01
============================================================================
======================= Typical Corner ===================================

No paths found.


===========================================================================
 report_check_types -max_slew -max_cap -max_fanout -violators
============================================================================
======================= Typical Corner ===================================


max slew violations count Typical: 0
max fanout violations count Typical: 0
max cap violations count Typical: 0

===========================================================================
report_parasitic_annotation -report_unannotated
============================================================================
Found 11 unannotated drivers.
 ZeroToFiveCounter_10/LO
 ZeroToFiveCounter_11/LO
 ZeroToFiveCounter_12/LO
 ZeroToFiveCounter_13/LO
 ZeroToFiveCounter_14/LO
 ZeroToFiveCounter_15/LO
 ZeroToFiveCounter_16/LO
 ZeroToFiveCounter_9/HI
 clkload0/X
 clkload1/Y
 clkload2/X
Found 120 partially unannotated drivers.
 clk
 _162_/X
 _163_/Y
 _164_/Y
 _165_/Y
 _167_/Y
 _168_/X
 _169_/X
 _170_/X
 _171_/Y
 _172_/Y
 _173_/Y
 _177_/X
 _178_/X
 _180_/X
 _181_/X
 _186_/Y
 _187_/X
 _189_/X
 _191_/Y
 _192_/X
 _193_/X
 _194_/X
 _197_/X
 _198_/X
 _200_/X
 _201_/X
 _202_/X
 _204_/X
 _206_/X
 _207_/Y
 _208_/X
 _216_/X
 _218_/X
 _219_/X
 _220_/Y
 _225_/X
 _228_/X
 _232_/X
 _234_/X
 _236_/X
 _237_/X
 _238_/Y
 _239_/Y
 _240_/X
 _243_/Y
 _244_/X
 _245_/X
 _247_/X
 _248_/Y
 _249_/X
 _250_/X
 _252_/Y
 _253_/Y
 _254_/X
 _255_/X
 _256_/X
 _257_/X
 _258_/X
 _259_/Y
 _261_/X
 _262_/X
 _263_/Y
 _264_/X
 _265_/X
 _267_/X
 _269_/X
 _270_/Y
 _274_/X
 _280_/Y
 _285_/Y
 _286_/X
 _289_/Y
 _290_/X
 _291_/X
 _292_/X
 _294_/Y
 _295_/X
 _297_/Y
 _298_/Y
 _302_/Y
 _304_/Y
 _306_/X
 _308_/Y
 _309_/Y
 _310_/Y
 _313_/Y
 _314_/Y
 _316_/Y
 _317_/X
 _320_/Y
 _322_/Y
 _324_/Y
 _325_/Y
 _327_/Y
 _330_/Q
 _331_/Q
 _332_/Q
 _334_/Q
 _335_/Q
 _336_/Q
 _337_/Q
 _338_/Q
 _339_/Q
 _342_/Q
 _346_/Q
 _347_/Q
 _348_/Q
 _350_/Q
 _352_/Q
 _354_/Q
 _356_/Q
 _359_/Q
 _360_/Q
 _361_/Q
 clkbuf_0_clk/X
 clkbuf_2_1__f_clk/X
 clkbuf_2_2__f_clk/X
 clkbuf_2_3__f_clk/X
 input1/X

===========================================================================
max slew violation count 0
max fanout violation count 0
max cap violation count 0
============================================================================

===========================================================================
check_setup -verbose -unconstrained_endpoints -multiple_clock -no_clock -no_input_delay -loops -generated_clocks
===========================================================================
Warning: There is 1 input port missing set_input_delay.
  rst
Warning: There are 15 unconstrained endpoints.
  an[0]
  an[1]
  an[2]
  an[3]
  an[4]
  an[5]
  an[6]
  an[7]
  seg[0]
  seg[1]
  seg[2]
  seg[3]
  seg[4]
  seg[5]
  seg[6]
checks_report_end
power_report

===========================================================================
 report_power
============================================================================
======================= Typical Corner ===================================

Group                  Internal  Switching    Leakage      Total
                          Power      Power      Power      Power (Watts)
----------------------------------------------------------------
Sequential             1.30e-04   0.00e+00   3.75e-10   1.30e-04  47.8%
Combinational          3.22e-14   9.84e-14   8.09e-10   8.09e-10   0.0%
Clock                  9.66e-05   4.51e-05   8.78e-10   1.42e-04  52.2%
Macro                  0.00e+00   0.00e+00   0.00e+00   0.00e+00   0.0%
Pad                    0.00e+00   0.00e+00   0.00e+00   0.00e+00   0.0%
----------------------------------------------------------------
Total                  2.26e-04   4.51e-05   2.06e-09   2.71e-04 100.0%
                          83.4%      16.6%       0.0%

power_report_end
skew_report

===========================================================================
report_clock_skew
============================================================================
Clock core_clock
   0.27 source latency _333_/CLK ^
  -0.25 target latency _342_/CLK ^
   0.00 CRPR
--------------
   0.02 setup skew

skew_report_end
summary_report

===========================================================================
report_tns
============================================================================
tns 0.00

===========================================================================
report_wns
============================================================================
wns 0.00

===========================================================================
report_worst_slack -max (Setup)
============================================================================
worst slack 7.18

===========================================================================
report_worst_slack -min (Hold)
============================================================================
worst slack 0.61
summary_report_end
area_report

===========================================================================
report_design_area
============================================================================
Design area 3652 u^2 5% utilization.
area_report_end
check_nonpropagated_clocks
check_nonpropagated_clocks_end
[WARNING] Did not save OpenROAD database!
Writing SDF to '/openlane/designs/ZeroToFiveCounter/runs/RUN_2025.05.23_20.44.41/results/signoff/ZeroToFiveCounter.sdf'…
Writing timing model to '/openlane/designs/ZeroToFiveCounter/runs/RUN_2025.05.23_20.44.41/results/signoff/ZeroToFiveCounter.lib'…
