OpenROAD b16bda7e82721d10566ff7e2b68f1ff0be9f9e38 
Features included (+) or not (-): +Charts +GPU +GUI +Python
This program is licensed under the BSD-3 license. See the LICENSE file for details.
Components of this program may be licensed under more restrictive licenses which must be honored.
define_corners Typical
read_liberty -corner Typical /home/briandeniz/.volare/sky130A/libs.ref/sky130_fd_sc_hd/lib/sky130_fd_sc_hd__tt_025C_1v80.lib
Using 1e-12 for capacitance...
Using 1e+03 for resistance...
Using 1e-09 for time...
Using 1e+00 for voltage...
Using 1e-03 for current...
Using 1e-09 for power...
Using 1e-06 for distance...
[INFO]: Reading ODB at '/openlane/designs/ZeroToFiveCounter/runs/RUN_2025.05.23_20.44.41/results/cts/ZeroToFiveCounter.odb'…
Reading design constraints file at '/openlane/designs/ZeroToFiveCounter/src/ZeroToFiveCounter.sdc'…
[INFO]: No (un)set_propagated_clock found in /openlane/designs/ZeroToFiveCounter/src/ZeroToFiveCounter.sdc
[INFO]: Propagating all clocks
[INFO]: Setting RC values...
min_report

===========================================================================
report_checks -path_delay min (Hold)
============================================================================
======================= Typical Corner ===================================

Startpoint: _356_ (rising edge-triggered flip-flop clocked by core_clock)
Endpoint: _356_ (rising edge-triggered flip-flop clocked by core_clock)
Path Group: core_clock
Path Type: min

Fanout     Cap    Slew   Delay    Time   Description
-----------------------------------------------------------------------------
                          0.00    0.00   clock core_clock (rise edge)
                          0.00    0.00   clock source latency
     1    0.02    0.00    0.00    0.00 ^ clk (in)
                                         clk (net)
                  0.00    0.00    0.00 ^ clkbuf_0_clk/A (sky130_fd_sc_hd__clkbuf_16)
     4    0.05    0.07    0.14    0.14 ^ clkbuf_0_clk/X (sky130_fd_sc_hd__clkbuf_16)
                                         clknet_0_clk (net)
                  0.07    0.00    0.14 ^ clkbuf_2_3__f_clk/A (sky130_fd_sc_hd__clkbuf_16)
    10    0.04    0.06    0.15    0.29 ^ clkbuf_2_3__f_clk/X (sky130_fd_sc_hd__clkbuf_16)
                                         clknet_2_3__leaf_clk (net)
                  0.06    0.00    0.29 ^ _356_/CLK (sky130_fd_sc_hd__dfrtp_2)
     2    0.02    0.11    0.40    0.70 ^ _356_/Q (sky130_fd_sc_hd__dfrtp_2)
                                         one_second_counter[26] (net)
                  0.11    0.00    0.70 ^ _284_/A1 (sky130_fd_sc_hd__o211a_1)
     1    0.01    0.10    0.21    0.91 ^ _284_/X (sky130_fd_sc_hd__o211a_1)
                                         _018_ (net)
                  0.10    0.00    0.91 ^ _356_/D (sky130_fd_sc_hd__dfrtp_2)
                                  0.91   data arrival time

                          0.00    0.00   clock core_clock (rise edge)
                          0.00    0.00   clock source latency
     1    0.02    0.00    0.00    0.00 ^ clk (in)
                                         clk (net)
                  0.00    0.00    0.00 ^ clkbuf_0_clk/A (sky130_fd_sc_hd__clkbuf_16)
     4    0.05    0.07    0.14    0.14 ^ clkbuf_0_clk/X (sky130_fd_sc_hd__clkbuf_16)
                                         clknet_0_clk (net)
                  0.07    0.00    0.14 ^ clkbuf_2_3__f_clk/A (sky130_fd_sc_hd__clkbuf_16)
    10    0.04    0.06    0.15    0.29 ^ clkbuf_2_3__f_clk/X (sky130_fd_sc_hd__clkbuf_16)
                                         clknet_2_3__leaf_clk (net)
                  0.06    0.00    0.29 ^ _356_/CLK (sky130_fd_sc_hd__dfrtp_2)
                          0.00    0.29   clock reconvergence pessimism
                         -0.04    0.25   library hold time
                                  0.25   data required time
-----------------------------------------------------------------------------
                                  0.25   data required time
                                 -0.91   data arrival time
-----------------------------------------------------------------------------
                                  0.66   slack (MET)


Startpoint: _357_ (rising edge-triggered flip-flop clocked by core_clock)
Endpoint: _358_ (rising edge-triggered flip-flop clocked by core_clock)
Path Group: core_clock
Path Type: min

Fanout     Cap    Slew   Delay    Time   Description
-----------------------------------------------------------------------------
                          0.00    0.00   clock core_clock (rise edge)
                          0.00    0.00   clock source latency
     1    0.02    0.00    0.00    0.00 ^ clk (in)
                                         clk (net)
                  0.00    0.00    0.00 ^ clkbuf_0_clk/A (sky130_fd_sc_hd__clkbuf_16)
     4    0.05    0.07    0.14    0.14 ^ clkbuf_0_clk/X (sky130_fd_sc_hd__clkbuf_16)
                                         clknet_0_clk (net)
                  0.07    0.00    0.14 ^ clkbuf_2_1__f_clk/A (sky130_fd_sc_hd__clkbuf_16)
     9    0.03    0.05    0.15    0.28 ^ clkbuf_2_1__f_clk/X (sky130_fd_sc_hd__clkbuf_16)
                                         clknet_2_1__leaf_clk (net)
                  0.05    0.00    0.28 ^ _357_/CLK (sky130_fd_sc_hd__dfrtp_4)
     5    0.05    0.17    0.50    0.79 ^ _357_/Q (sky130_fd_sc_hd__dfrtp_4)
                                         one_second_enable (net)
                  0.17    0.01    0.79 ^ _174_/A1 (sky130_fd_sc_hd__a21oi_4)
     1    0.03    0.08    0.11    0.91 v _174_/Y (sky130_fd_sc_hd__a21oi_4)
                                         _060_ (net)
                  0.08    0.00    0.91 v _358_/D (sky130_fd_sc_hd__dfrtp_4)
                                  0.91   data arrival time

                          0.00    0.00   clock core_clock (rise edge)
                          0.00    0.00   clock source latency
     1    0.02    0.00    0.00    0.00 ^ clk (in)
                                         clk (net)
                  0.00    0.00    0.00 ^ clkbuf_0_clk/A (sky130_fd_sc_hd__clkbuf_16)
     4    0.05    0.07    0.14    0.14 ^ clkbuf_0_clk/X (sky130_fd_sc_hd__clkbuf_16)
                                         clknet_0_clk (net)
                  0.07    0.00    0.14 ^ clkbuf_2_0__f_clk/A (sky130_fd_sc_hd__clkbuf_16)
     9    0.03    0.05    0.15    0.28 ^ clkbuf_2_0__f_clk/X (sky130_fd_sc_hd__clkbuf_16)
                                         clknet_2_0__leaf_clk (net)
                  0.05    0.00    0.29 ^ _358_/CLK (sky130_fd_sc_hd__dfrtp_4)
                          0.00    0.29   clock reconvergence pessimism
                         -0.05    0.23   library hold time
                                  0.23   data required time
-----------------------------------------------------------------------------
                                  0.23   data required time
                                 -0.91   data arrival time
-----------------------------------------------------------------------------
                                  0.68   slack (MET)


Startpoint: _337_ (rising edge-triggered flip-flop clocked by core_clock)
Endpoint: _337_ (rising edge-triggered flip-flop clocked by core_clock)
Path Group: core_clock
Path Type: min

Fanout     Cap    Slew   Delay    Time   Description
-----------------------------------------------------------------------------
                          0.00    0.00   clock core_clock (rise edge)
                          0.00    0.00   clock source latency
     1    0.02    0.00    0.00    0.00 ^ clk (in)
                                         clk (net)
                  0.00    0.00    0.00 ^ clkbuf_0_clk/A (sky130_fd_sc_hd__clkbuf_16)
     4    0.05    0.07    0.14    0.14 ^ clkbuf_0_clk/X (sky130_fd_sc_hd__clkbuf_16)
                                         clknet_0_clk (net)
                  0.07    0.00    0.14 ^ clkbuf_2_0__f_clk/A (sky130_fd_sc_hd__clkbuf_16)
     9    0.03    0.05    0.15    0.28 ^ clkbuf_2_0__f_clk/X (sky130_fd_sc_hd__clkbuf_16)
                                         clknet_2_0__leaf_clk (net)
                  0.05    0.00    0.29 ^ _337_/CLK (sky130_fd_sc_hd__dfrtp_4)
     2    0.03    0.09    0.51    0.80 v _337_/Q (sky130_fd_sc_hd__dfrtp_4)
                                         one_second_counter[7] (net)
                  0.09    0.00    0.80 v _214_/A (sky130_fd_sc_hd__inv_2)
     1    0.01    0.06    0.08    0.88 ^ _214_/Y (sky130_fd_sc_hd__inv_2)
                                         _104_ (net)
                  0.06    0.00    0.88 ^ _215_/A1 (sky130_fd_sc_hd__a211oi_4)
     1    0.02    0.06    0.07    0.95 v _215_/Y (sky130_fd_sc_hd__a211oi_4)
                                         _024_ (net)
                  0.06    0.00    0.96 v _337_/D (sky130_fd_sc_hd__dfrtp_4)
                                  0.96   data arrival time

                          0.00    0.00   clock core_clock (rise edge)
                          0.00    0.00   clock source latency
     1    0.02    0.00    0.00    0.00 ^ clk (in)
                                         clk (net)
                  0.00    0.00    0.00 ^ clkbuf_0_clk/A (sky130_fd_sc_hd__clkbuf_16)
     4    0.05    0.07    0.14    0.14 ^ clkbuf_0_clk/X (sky130_fd_sc_hd__clkbuf_16)
                                         clknet_0_clk (net)
                  0.07    0.00    0.14 ^ clkbuf_2_0__f_clk/A (sky130_fd_sc_hd__clkbuf_16)
     9    0.03    0.05    0.15    0.28 ^ clkbuf_2_0__f_clk/X (sky130_fd_sc_hd__clkbuf_16)
                                         clknet_2_0__leaf_clk (net)
                  0.05    0.00    0.29 ^ _337_/CLK (sky130_fd_sc_hd__dfrtp_4)
                          0.00    0.29   clock reconvergence pessimism
                         -0.05    0.24   library hold time
                                  0.24   data required time
-----------------------------------------------------------------------------
                                  0.24   data required time
                                 -0.96   data arrival time
-----------------------------------------------------------------------------
                                  0.72   slack (MET)


Startpoint: _330_ (rising edge-triggered flip-flop clocked by core_clock)
Endpoint: _330_ (rising edge-triggered flip-flop clocked by core_clock)
Path Group: core_clock
Path Type: min

Fanout     Cap    Slew   Delay    Time   Description
-----------------------------------------------------------------------------
                          0.00    0.00   clock core_clock (rise edge)
                          0.00    0.00   clock source latency
     1    0.02    0.00    0.00    0.00 ^ clk (in)
                                         clk (net)
                  0.00    0.00    0.00 ^ clkbuf_0_clk/A (sky130_fd_sc_hd__clkbuf_16)
     4    0.05    0.07    0.14    0.14 ^ clkbuf_0_clk/X (sky130_fd_sc_hd__clkbuf_16)
                                         clknet_0_clk (net)
                  0.07    0.00    0.14 ^ clkbuf_2_0__f_clk/A (sky130_fd_sc_hd__clkbuf_16)
     9    0.03    0.05    0.15    0.28 ^ clkbuf_2_0__f_clk/X (sky130_fd_sc_hd__clkbuf_16)
                                         clknet_2_0__leaf_clk (net)
                  0.05    0.00    0.29 ^ _330_/CLK (sky130_fd_sc_hd__dfrtp_4)
     7    0.07    0.22    0.55    0.84 ^ _330_/Q (sky130_fd_sc_hd__dfrtp_4)
                                         one_second_counter[0] (net)
                  0.22    0.00    0.84 ^ _190_/A (sky130_fd_sc_hd__nor2_2)
     1    0.02    0.07    0.11    0.95 v _190_/Y (sky130_fd_sc_hd__nor2_2)
                                         _000_ (net)
                  0.07    0.00    0.95 v _330_/D (sky130_fd_sc_hd__dfrtp_4)
                                  0.95   data arrival time

                          0.00    0.00   clock core_clock (rise edge)
                          0.00    0.00   clock source latency
     1    0.02    0.00    0.00    0.00 ^ clk (in)
                                         clk (net)
                  0.00    0.00    0.00 ^ clkbuf_0_clk/A (sky130_fd_sc_hd__clkbuf_16)
     4    0.05    0.07    0.14    0.14 ^ clkbuf_0_clk/X (sky130_fd_sc_hd__clkbuf_16)
                                         clknet_0_clk (net)
                  0.07    0.00    0.14 ^ clkbuf_2_0__f_clk/A (sky130_fd_sc_hd__clkbuf_16)
     9    0.03    0.05    0.15    0.28 ^ clkbuf_2_0__f_clk/X (sky130_fd_sc_hd__clkbuf_16)
                                         clknet_2_0__leaf_clk (net)
                  0.05    0.00    0.29 ^ _330_/CLK (sky130_fd_sc_hd__dfrtp_4)
                          0.00    0.29   clock reconvergence pessimism
                         -0.05    0.24   library hold time
                                  0.24   data required time
-----------------------------------------------------------------------------
                                  0.24   data required time
                                 -0.95   data arrival time
-----------------------------------------------------------------------------
                                  0.72   slack (MET)


Startpoint: _353_ (rising edge-triggered flip-flop clocked by core_clock)
Endpoint: _353_ (rising edge-triggered flip-flop clocked by core_clock)
Path Group: core_clock
Path Type: min

Fanout     Cap    Slew   Delay    Time   Description
-----------------------------------------------------------------------------
                          0.00    0.00   clock core_clock (rise edge)
                          0.00    0.00   clock source latency
     1    0.02    0.00    0.00    0.00 ^ clk (in)
                                         clk (net)
                  0.00    0.00    0.00 ^ clkbuf_0_clk/A (sky130_fd_sc_hd__clkbuf_16)
     4    0.05    0.07    0.14    0.14 ^ clkbuf_0_clk/X (sky130_fd_sc_hd__clkbuf_16)
                                         clknet_0_clk (net)
                  0.07    0.00    0.14 ^ clkbuf_2_2__f_clk/A (sky130_fd_sc_hd__clkbuf_16)
     7    0.04    0.06    0.15    0.29 ^ clkbuf_2_2__f_clk/X (sky130_fd_sc_hd__clkbuf_16)
                                         clknet_2_2__leaf_clk (net)
                  0.06    0.00    0.29 ^ _353_/CLK (sky130_fd_sc_hd__dfrtp_4)
     2    0.02    0.08    0.51    0.79 v _353_/Q (sky130_fd_sc_hd__dfrtp_4)
                                         one_second_counter[23] (net)
                  0.08    0.00    0.80 v _273_/A (sky130_fd_sc_hd__inv_2)
     1    0.02    0.11    0.12    0.91 ^ _273_/Y (sky130_fd_sc_hd__inv_2)
                                         _147_ (net)
                  0.11    0.00    0.91 ^ _275_/A1 (sky130_fd_sc_hd__a221oi_4)
     1    0.02    0.07    0.10    1.01 v _275_/Y (sky130_fd_sc_hd__a221oi_4)
                                         _015_ (net)
                  0.07    0.00    1.02 v _353_/D (sky130_fd_sc_hd__dfrtp_4)
                                  1.02   data arrival time

                          0.00    0.00   clock core_clock (rise edge)
                          0.00    0.00   clock source latency
     1    0.02    0.00    0.00    0.00 ^ clk (in)
                                         clk (net)
                  0.00    0.00    0.00 ^ clkbuf_0_clk/A (sky130_fd_sc_hd__clkbuf_16)
     4    0.05    0.07    0.14    0.14 ^ clkbuf_0_clk/X (sky130_fd_sc_hd__clkbuf_16)
                                         clknet_0_clk (net)
                  0.07    0.00    0.14 ^ clkbuf_2_2__f_clk/A (sky130_fd_sc_hd__clkbuf_16)
     7    0.04    0.06    0.15    0.29 ^ clkbuf_2_2__f_clk/X (sky130_fd_sc_hd__clkbuf_16)
                                         clknet_2_2__leaf_clk (net)
                  0.06    0.00    0.29 ^ _353_/CLK (sky130_fd_sc_hd__dfrtp_4)
                          0.00    0.29   clock reconvergence pessimism
                         -0.05    0.24   library hold time
                                  0.24   data required time
-----------------------------------------------------------------------------
                                  0.24   data required time
                                 -1.02   data arrival time
-----------------------------------------------------------------------------
                                  0.78   slack (MET)


Startpoint: _361_ (rising edge-triggered flip-flop clocked by core_clock)
Endpoint: _361_ (rising edge-triggered flip-flop clocked by core_clock)
Path Group: core_clock
Path Type: min

Fanout     Cap    Slew   Delay    Time   Description
-----------------------------------------------------------------------------
                          0.00    0.00   clock core_clock (rise edge)
                          0.00    0.00   clock source latency
     1    0.02    0.00    0.00    0.00 ^ clk (in)
                                         clk (net)
                  0.00    0.00    0.00 ^ clkbuf_0_clk/A (sky130_fd_sc_hd__clkbuf_16)
     4    0.05    0.07    0.14    0.14 ^ clkbuf_0_clk/X (sky130_fd_sc_hd__clkbuf_16)
                                         clknet_0_clk (net)
                  0.07    0.00    0.14 ^ clkbuf_2_2__f_clk/A (sky130_fd_sc_hd__clkbuf_16)
     7    0.04    0.06    0.15    0.29 ^ clkbuf_2_2__f_clk/X (sky130_fd_sc_hd__clkbuf_16)
                                         clknet_2_2__leaf_clk (net)
                  0.06    0.00    0.29 ^ _361_/CLK (sky130_fd_sc_hd__dfrtp_4)
     6    0.08    0.24    0.56    0.85 ^ _361_/Q (sky130_fd_sc_hd__dfrtp_4)
                                         decoder.digit[3] (net)
                  0.24    0.02    0.86 ^ _164_/A (sky130_fd_sc_hd__xnor2_4)
     1    0.03    0.08    0.15    1.01 v _164_/Y (sky130_fd_sc_hd__xnor2_4)
                                         _063_ (net)
                  0.08    0.00    1.01 v _361_/D (sky130_fd_sc_hd__dfrtp_4)
                                  1.01   data arrival time

                          0.00    0.00   clock core_clock (rise edge)
                          0.00    0.00   clock source latency
     1    0.02    0.00    0.00    0.00 ^ clk (in)
                                         clk (net)
                  0.00    0.00    0.00 ^ clkbuf_0_clk/A (sky130_fd_sc_hd__clkbuf_16)
     4    0.05    0.07    0.14    0.14 ^ clkbuf_0_clk/X (sky130_fd_sc_hd__clkbuf_16)
                                         clknet_0_clk (net)
                  0.07    0.00    0.14 ^ clkbuf_2_2__f_clk/A (sky130_fd_sc_hd__clkbuf_16)
     7    0.04    0.06    0.15    0.29 ^ clkbuf_2_2__f_clk/X (sky130_fd_sc_hd__clkbuf_16)
                                         clknet_2_2__leaf_clk (net)
                  0.06    0.00    0.29 ^ _361_/CLK (sky130_fd_sc_hd__dfrtp_4)
                          0.00    0.29   clock reconvergence pessimism
                         -0.05    0.23   library hold time
                                  0.23   data required time
-----------------------------------------------------------------------------
                                  0.23   data required time
                                 -1.01   data arrival time
-----------------------------------------------------------------------------
                                  0.78   slack (MET)


Startpoint: _345_ (rising edge-triggered flip-flop clocked by core_clock)
Endpoint: _345_ (rising edge-triggered flip-flop clocked by core_clock)
Path Group: core_clock
Path Type: min

Fanout     Cap    Slew   Delay    Time   Description
-----------------------------------------------------------------------------
                          0.00    0.00   clock core_clock (rise edge)
                          0.00    0.00   clock source latency
     1    0.02    0.00    0.00    0.00 ^ clk (in)
                                         clk (net)
                  0.00    0.00    0.00 ^ clkbuf_0_clk/A (sky130_fd_sc_hd__clkbuf_16)
     4    0.05    0.07    0.14    0.14 ^ clkbuf_0_clk/X (sky130_fd_sc_hd__clkbuf_16)
                                         clknet_0_clk (net)
                  0.07    0.00    0.14 ^ clkbuf_2_0__f_clk/A (sky130_fd_sc_hd__clkbuf_16)
     9    0.03    0.05    0.15    0.28 ^ clkbuf_2_0__f_clk/X (sky130_fd_sc_hd__clkbuf_16)
                                         clknet_2_0__leaf_clk (net)
                  0.05    0.00    0.29 ^ _345_/CLK (sky130_fd_sc_hd__dfrtp_4)
     3    0.04    0.11    0.54    0.82 v _345_/Q (sky130_fd_sc_hd__dfrtp_4)
                                         one_second_counter[15] (net)
                  0.11    0.00    0.82 v _243_/A (sky130_fd_sc_hd__inv_2)
     1    0.01    0.06    0.10    0.92 ^ _243_/Y (sky130_fd_sc_hd__inv_2)
                                         _125_ (net)
                  0.06    0.00    0.92 ^ _246_/A1 (sky130_fd_sc_hd__a211oi_2)
     1    0.02    0.07    0.10    1.02 v _246_/Y (sky130_fd_sc_hd__a211oi_2)
                                         _006_ (net)
                  0.07    0.00    1.02 v _345_/D (sky130_fd_sc_hd__dfrtp_4)
                                  1.02   data arrival time

                          0.00    0.00   clock core_clock (rise edge)
                          0.00    0.00   clock source latency
     1    0.02    0.00    0.00    0.00 ^ clk (in)
                                         clk (net)
                  0.00    0.00    0.00 ^ clkbuf_0_clk/A (sky130_fd_sc_hd__clkbuf_16)
     4    0.05    0.07    0.14    0.14 ^ clkbuf_0_clk/X (sky130_fd_sc_hd__clkbuf_16)
                                         clknet_0_clk (net)
                  0.07    0.00    0.14 ^ clkbuf_2_0__f_clk/A (sky130_fd_sc_hd__clkbuf_16)
     9    0.03    0.05    0.15    0.28 ^ clkbuf_2_0__f_clk/X (sky130_fd_sc_hd__clkbuf_16)
                                         clknet_2_0__leaf_clk (net)
                  0.05    0.00    0.29 ^ _345_/CLK (sky130_fd_sc_hd__dfrtp_4)
                          0.00    0.29   clock reconvergence pessimism
                         -0.05    0.24   library hold time
                                  0.24   data required time
-----------------------------------------------------------------------------
                                  0.24   data required time
                                 -1.02   data arrival time
-----------------------------------------------------------------------------
                                  0.78   slack (MET)


Startpoint: _350_ (rising edge-triggered flip-flop clocked by core_clock)
Endpoint: _351_ (rising edge-triggered flip-flop clocked by core_clock)
Path Group: core_clock
Path Type: min

Fanout     Cap    Slew   Delay    Time   Description
-----------------------------------------------------------------------------
                          0.00    0.00   clock core_clock (rise edge)
                          0.00    0.00   clock source latency
     1    0.02    0.00    0.00    0.00 ^ clk (in)
                                         clk (net)
                  0.00    0.00    0.00 ^ clkbuf_0_clk/A (sky130_fd_sc_hd__clkbuf_16)
     4    0.05    0.07    0.14    0.14 ^ clkbuf_0_clk/X (sky130_fd_sc_hd__clkbuf_16)
                                         clknet_0_clk (net)
                  0.07    0.00    0.14 ^ clkbuf_2_0__f_clk/A (sky130_fd_sc_hd__clkbuf_16)
     9    0.03    0.05    0.15    0.28 ^ clkbuf_2_0__f_clk/X (sky130_fd_sc_hd__clkbuf_16)
                                         clknet_2_0__leaf_clk (net)
                  0.05    0.00    0.29 ^ _350_/CLK (sky130_fd_sc_hd__dfrtp_4)
     4    0.03    0.10    0.53    0.81 v _350_/Q (sky130_fd_sc_hd__dfrtp_4)
                                         one_second_counter[20] (net)
                  0.10    0.00    0.81 v _263_/A (sky130_fd_sc_hd__nand2_2)
     2    0.02    0.11    0.13    0.94 ^ _263_/Y (sky130_fd_sc_hd__nand2_2)
                                         _140_ (net)
                  0.11    0.00    0.95 ^ _268_/A2 (sky130_fd_sc_hd__a211oi_4)
     1    0.02    0.06    0.09    1.04 v _268_/Y (sky130_fd_sc_hd__a211oi_4)
                                         _013_ (net)
                  0.06    0.00    1.04 v _351_/D (sky130_fd_sc_hd__dfrtp_4)
                                  1.04   data arrival time

                          0.00    0.00   clock core_clock (rise edge)
                          0.00    0.00   clock source latency
     1    0.02    0.00    0.00    0.00 ^ clk (in)
                                         clk (net)
                  0.00    0.00    0.00 ^ clkbuf_0_clk/A (sky130_fd_sc_hd__clkbuf_16)
     4    0.05    0.07    0.14    0.14 ^ clkbuf_0_clk/X (sky130_fd_sc_hd__clkbuf_16)
                                         clknet_0_clk (net)
                  0.07    0.00    0.14 ^ clkbuf_2_3__f_clk/A (sky130_fd_sc_hd__clkbuf_16)
    10    0.04    0.06    0.15    0.29 ^ clkbuf_2_3__f_clk/X (sky130_fd_sc_hd__clkbuf_16)
                                         clknet_2_3__leaf_clk (net)
                  0.06    0.00    0.29 ^ _351_/CLK (sky130_fd_sc_hd__dfrtp_4)
                          0.00    0.29   clock reconvergence pessimism
                         -0.04    0.25   library hold time
                                  0.25   data required time
-----------------------------------------------------------------------------
                                  0.25   data required time
                                 -1.04   data arrival time
-----------------------------------------------------------------------------
                                  0.79   slack (MET)


Startpoint: _347_ (rising edge-triggered flip-flop clocked by core_clock)
Endpoint: _347_ (rising edge-triggered flip-flop clocked by core_clock)
Path Group: core_clock
Path Type: min

Fanout     Cap    Slew   Delay    Time   Description
-----------------------------------------------------------------------------
                          0.00    0.00   clock core_clock (rise edge)
                          0.00    0.00   clock source latency
     1    0.02    0.00    0.00    0.00 ^ clk (in)
                                         clk (net)
                  0.00    0.00    0.00 ^ clkbuf_0_clk/A (sky130_fd_sc_hd__clkbuf_16)
     4    0.05    0.07    0.14    0.14 ^ clkbuf_0_clk/X (sky130_fd_sc_hd__clkbuf_16)
                                         clknet_0_clk (net)
                  0.07    0.00    0.14 ^ clkbuf_2_2__f_clk/A (sky130_fd_sc_hd__clkbuf_16)
     7    0.04    0.06    0.15    0.29 ^ clkbuf_2_2__f_clk/X (sky130_fd_sc_hd__clkbuf_16)
                                         clknet_2_2__leaf_clk (net)
                  0.06    0.00    0.29 ^ _347_/CLK (sky130_fd_sc_hd__dfrtp_4)
     7    0.05    0.17    0.50    0.79 ^ _347_/Q (sky130_fd_sc_hd__dfrtp_4)
                                         one_second_counter[17] (net)
                  0.17    0.00    0.80 ^ _251_/A (sky130_fd_sc_hd__xor2_1)
     1    0.01    0.06    0.12    0.91 v _251_/X (sky130_fd_sc_hd__xor2_1)
                                         _131_ (net)
                  0.06    0.00    0.91 v _252_/B (sky130_fd_sc_hd__nor2_1)
     1    0.01    0.16    0.15    1.06 ^ _252_/Y (sky130_fd_sc_hd__nor2_1)
                                         _008_ (net)
                  0.16    0.00    1.06 ^ _347_/D (sky130_fd_sc_hd__dfrtp_4)
                                  1.06   data arrival time

                          0.00    0.00   clock core_clock (rise edge)
                          0.00    0.00   clock source latency
     1    0.02    0.00    0.00    0.00 ^ clk (in)
                                         clk (net)
                  0.00    0.00    0.00 ^ clkbuf_0_clk/A (sky130_fd_sc_hd__clkbuf_16)
     4    0.05    0.07    0.14    0.14 ^ clkbuf_0_clk/X (sky130_fd_sc_hd__clkbuf_16)
                                         clknet_0_clk (net)
                  0.07    0.00    0.14 ^ clkbuf_2_2__f_clk/A (sky130_fd_sc_hd__clkbuf_16)
     7    0.04    0.06    0.15    0.29 ^ clkbuf_2_2__f_clk/X (sky130_fd_sc_hd__clkbuf_16)
                                         clknet_2_2__leaf_clk (net)
                  0.06    0.00    0.29 ^ _347_/CLK (sky130_fd_sc_hd__dfrtp_4)
                          0.00    0.29   clock reconvergence pessimism
                         -0.06    0.23   library hold time
                                  0.23   data required time
-----------------------------------------------------------------------------
                                  0.23   data required time
                                 -1.06   data arrival time
-----------------------------------------------------------------------------
                                  0.83   slack (MET)


Startpoint: _341_ (rising edge-triggered flip-flop clocked by core_clock)
Endpoint: _341_ (rising edge-triggered flip-flop clocked by core_clock)
Path Group: core_clock
Path Type: min

Fanout     Cap    Slew   Delay    Time   Description
-----------------------------------------------------------------------------
                          0.00    0.00   clock core_clock (rise edge)
                          0.00    0.00   clock source latency
     1    0.02    0.00    0.00    0.00 ^ clk (in)
                                         clk (net)
                  0.00    0.00    0.00 ^ clkbuf_0_clk/A (sky130_fd_sc_hd__clkbuf_16)
     4    0.05    0.07    0.14    0.14 ^ clkbuf_0_clk/X (sky130_fd_sc_hd__clkbuf_16)
                                         clknet_0_clk (net)
                  0.07    0.00    0.14 ^ clkbuf_2_3__f_clk/A (sky130_fd_sc_hd__clkbuf_16)
    10    0.04    0.06    0.15    0.29 ^ clkbuf_2_3__f_clk/X (sky130_fd_sc_hd__clkbuf_16)
                                         clknet_2_3__leaf_clk (net)
                  0.06    0.00    0.29 ^ _341_/CLK (sky130_fd_sc_hd__dfrtp_4)
     4    0.03    0.10    0.53    0.82 v _341_/Q (sky130_fd_sc_hd__dfrtp_4)
                                         one_second_counter[11] (net)
                  0.10    0.00    0.82 v _227_/B1 (sky130_fd_sc_hd__a21oi_2)
     1    0.01    0.18    0.19    1.02 ^ _227_/Y (sky130_fd_sc_hd__a21oi_2)
                                         _113_ (net)
                  0.18    0.00    1.02 ^ _229_/B (sky130_fd_sc_hd__nor3_2)
     1    0.02    0.07    0.11    1.12 v _229_/Y (sky130_fd_sc_hd__nor3_2)
                                         _002_ (net)
                  0.07    0.00    1.13 v _341_/D (sky130_fd_sc_hd__dfrtp_4)
                                  1.13   data arrival time

                          0.00    0.00   clock core_clock (rise edge)
                          0.00    0.00   clock source latency
     1    0.02    0.00    0.00    0.00 ^ clk (in)
                                         clk (net)
                  0.00    0.00    0.00 ^ clkbuf_0_clk/A (sky130_fd_sc_hd__clkbuf_16)
     4    0.05    0.07    0.14    0.14 ^ clkbuf_0_clk/X (sky130_fd_sc_hd__clkbuf_16)
                                         clknet_0_clk (net)
                  0.07    0.00    0.14 ^ clkbuf_2_3__f_clk/A (sky130_fd_sc_hd__clkbuf_16)
    10    0.04    0.06    0.15    0.29 ^ clkbuf_2_3__f_clk/X (sky130_fd_sc_hd__clkbuf_16)
                                         clknet_2_3__leaf_clk (net)
                  0.06    0.00    0.29 ^ _341_/CLK (sky130_fd_sc_hd__dfrtp_4)
                          0.00    0.29   clock reconvergence pessimism
                         -0.05    0.24   library hold time
                                  0.24   data required time
-----------------------------------------------------------------------------
                                  0.24   data required time
                                 -1.13   data arrival time
-----------------------------------------------------------------------------
                                  0.88   slack (MET)


Startpoint: _354_ (rising edge-triggered flip-flop clocked by core_clock)
Endpoint: _354_ (rising edge-triggered flip-flop clocked by core_clock)
Path Group: core_clock
Path Type: min

Fanout     Cap    Slew   Delay    Time   Description
-----------------------------------------------------------------------------
                          0.00    0.00   clock core_clock (rise edge)
                          0.00    0.00   clock source latency
     1    0.02    0.00    0.00    0.00 ^ clk (in)
                                         clk (net)
                  0.00    0.00    0.00 ^ clkbuf_0_clk/A (sky130_fd_sc_hd__clkbuf_16)
     4    0.05    0.07    0.14    0.14 ^ clkbuf_0_clk/X (sky130_fd_sc_hd__clkbuf_16)
                                         clknet_0_clk (net)
                  0.07    0.00    0.14 ^ clkbuf_2_2__f_clk/A (sky130_fd_sc_hd__clkbuf_16)
     7    0.04    0.06    0.15    0.29 ^ clkbuf_2_2__f_clk/X (sky130_fd_sc_hd__clkbuf_16)
                                         clknet_2_2__leaf_clk (net)
                  0.06    0.00    0.29 ^ _354_/CLK (sky130_fd_sc_hd__dfrtp_4)
     3    0.03    0.10    0.53    0.81 v _354_/Q (sky130_fd_sc_hd__dfrtp_4)
                                         one_second_counter[24] (net)
                  0.10    0.00    0.81 v _276_/B1 (sky130_fd_sc_hd__a21oi_4)
     1    0.02    0.18    0.20    1.01 ^ _276_/Y (sky130_fd_sc_hd__a21oi_4)
                                         _149_ (net)
                  0.18    0.00    1.02 ^ _278_/B (sky130_fd_sc_hd__nor3_2)
     1    0.02    0.07    0.11    1.13 v _278_/Y (sky130_fd_sc_hd__nor3_2)
                                         _016_ (net)
                  0.07    0.00    1.13 v _354_/D (sky130_fd_sc_hd__dfrtp_4)
                                  1.13   data arrival time

                          0.00    0.00   clock core_clock (rise edge)
                          0.00    0.00   clock source latency
     1    0.02    0.00    0.00    0.00 ^ clk (in)
                                         clk (net)
                  0.00    0.00    0.00 ^ clkbuf_0_clk/A (sky130_fd_sc_hd__clkbuf_16)
     4    0.05    0.07    0.14    0.14 ^ clkbuf_0_clk/X (sky130_fd_sc_hd__clkbuf_16)
                                         clknet_0_clk (net)
                  0.07    0.00    0.14 ^ clkbuf_2_2__f_clk/A (sky130_fd_sc_hd__clkbuf_16)
     7    0.04    0.06    0.15    0.29 ^ clkbuf_2_2__f_clk/X (sky130_fd_sc_hd__clkbuf_16)
                                         clknet_2_2__leaf_clk (net)
                  0.06    0.00    0.29 ^ _354_/CLK (sky130_fd_sc_hd__dfrtp_4)
                          0.00    0.29   clock reconvergence pessimism
                         -0.05    0.24   library hold time
                                  0.24   data required time
-----------------------------------------------------------------------------
                                  0.24   data required time
                                 -1.13   data arrival time
-----------------------------------------------------------------------------
                                  0.90   slack (MET)


Startpoint: _335_ (rising edge-triggered flip-flop clocked by core_clock)
Endpoint: _335_ (rising edge-triggered flip-flop clocked by core_clock)
Path Group: core_clock
Path Type: min

Fanout     Cap    Slew   Delay    Time   Description
-----------------------------------------------------------------------------
                          0.00    0.00   clock core_clock (rise edge)
                          0.00    0.00   clock source latency
     1    0.02    0.00    0.00    0.00 ^ clk (in)
                                         clk (net)
                  0.00    0.00    0.00 ^ clkbuf_0_clk/A (sky130_fd_sc_hd__clkbuf_16)
     4    0.05    0.07    0.14    0.14 ^ clkbuf_0_clk/X (sky130_fd_sc_hd__clkbuf_16)
                                         clknet_0_clk (net)
                  0.07    0.00    0.14 ^ clkbuf_2_3__f_clk/A (sky130_fd_sc_hd__clkbuf_16)
    10    0.04    0.06    0.15    0.29 ^ clkbuf_2_3__f_clk/X (sky130_fd_sc_hd__clkbuf_16)
                                         clknet_2_3__leaf_clk (net)
                  0.06    0.00    0.29 ^ _335_/CLK (sky130_fd_sc_hd__dfrtp_4)
     3    0.04    0.11    0.54    0.83 v _335_/Q (sky130_fd_sc_hd__dfrtp_4)
                                         one_second_counter[5] (net)
                  0.11    0.00    0.83 v _207_/B1 (sky130_fd_sc_hd__a21oi_1)
     1    0.01    0.18    0.20    1.03 ^ _207_/Y (sky130_fd_sc_hd__a21oi_1)
                                         _099_ (net)
                  0.18    0.00    1.03 ^ _209_/B (sky130_fd_sc_hd__nor3_1)
     1    0.01    0.07    0.11    1.14 v _209_/Y (sky130_fd_sc_hd__nor3_1)
                                         _022_ (net)
                  0.07    0.00    1.14 v _335_/D (sky130_fd_sc_hd__dfrtp_4)
                                  1.14   data arrival time

                          0.00    0.00   clock core_clock (rise edge)
                          0.00    0.00   clock source latency
     1    0.02    0.00    0.00    0.00 ^ clk (in)
                                         clk (net)
                  0.00    0.00    0.00 ^ clkbuf_0_clk/A (sky130_fd_sc_hd__clkbuf_16)
     4    0.05    0.07    0.14    0.14 ^ clkbuf_0_clk/X (sky130_fd_sc_hd__clkbuf_16)
                                         clknet_0_clk (net)
                  0.07    0.00    0.14 ^ clkbuf_2_3__f_clk/A (sky130_fd_sc_hd__clkbuf_16)
    10    0.04    0.06    0.15    0.29 ^ clkbuf_2_3__f_clk/X (sky130_fd_sc_hd__clkbuf_16)
                                         clknet_2_3__leaf_clk (net)
                  0.06    0.00    0.29 ^ _335_/CLK (sky130_fd_sc_hd__dfrtp_4)
                          0.00    0.29   clock reconvergence pessimism
                         -0.05    0.24   library hold time
                                  0.24   data required time
-----------------------------------------------------------------------------
                                  0.24   data required time
                                 -1.14   data arrival time
-----------------------------------------------------------------------------
                                  0.90   slack (MET)


Startpoint: _357_ (rising edge-triggered flip-flop clocked by core_clock)
Endpoint: _359_ (rising edge-triggered flip-flop clocked by core_clock)
Path Group: core_clock
Path Type: min

Fanout     Cap    Slew   Delay    Time   Description
-----------------------------------------------------------------------------
                          0.00    0.00   clock core_clock (rise edge)
                          0.00    0.00   clock source latency
     1    0.02    0.00    0.00    0.00 ^ clk (in)
                                         clk (net)
                  0.00    0.00    0.00 ^ clkbuf_0_clk/A (sky130_fd_sc_hd__clkbuf_16)
     4    0.05    0.07    0.14    0.14 ^ clkbuf_0_clk/X (sky130_fd_sc_hd__clkbuf_16)
                                         clknet_0_clk (net)
                  0.07    0.00    0.14 ^ clkbuf_2_1__f_clk/A (sky130_fd_sc_hd__clkbuf_16)
     9    0.03    0.05    0.15    0.28 ^ clkbuf_2_1__f_clk/X (sky130_fd_sc_hd__clkbuf_16)
                                         clknet_2_1__leaf_clk (net)
                  0.05    0.00    0.28 ^ _357_/CLK (sky130_fd_sc_hd__dfrtp_4)
     5    0.05    0.17    0.50    0.79 ^ _357_/Q (sky130_fd_sc_hd__dfrtp_4)
                                         one_second_enable (net)
                  0.17    0.01    0.79 ^ _171_/A1 (sky130_fd_sc_hd__a21oi_2)
     1    0.02    0.08    0.12    0.91 v _171_/Y (sky130_fd_sc_hd__a21oi_2)
                                         _071_ (net)
                  0.08    0.00    0.91 v _172_/B (sky130_fd_sc_hd__nor2_2)
     1    0.02    0.22    0.21    1.12 ^ _172_/Y (sky130_fd_sc_hd__nor2_2)
                                         _061_ (net)
                  0.22    0.00    1.12 ^ _359_/D (sky130_fd_sc_hd__dfrtp_4)
                                  1.12   data arrival time

                          0.00    0.00   clock core_clock (rise edge)
                          0.00    0.00   clock source latency
     1    0.02    0.00    0.00    0.00 ^ clk (in)
                                         clk (net)
                  0.00    0.00    0.00 ^ clkbuf_0_clk/A (sky130_fd_sc_hd__clkbuf_16)
     4    0.05    0.07    0.14    0.14 ^ clkbuf_0_clk/X (sky130_fd_sc_hd__clkbuf_16)
                                         clknet_0_clk (net)
                  0.07    0.00    0.14 ^ clkbuf_2_2__f_clk/A (sky130_fd_sc_hd__clkbuf_16)
     7    0.04    0.06    0.15    0.29 ^ clkbuf_2_2__f_clk/X (sky130_fd_sc_hd__clkbuf_16)
                                         clknet_2_2__leaf_clk (net)
                  0.06    0.00    0.29 ^ _359_/CLK (sky130_fd_sc_hd__dfrtp_4)
                          0.00    0.29   clock reconvergence pessimism
                         -0.07    0.22   library hold time
                                  0.22   data required time
-----------------------------------------------------------------------------
                                  0.22   data required time
                                 -1.12   data arrival time
-----------------------------------------------------------------------------
                                  0.90   slack (MET)


Startpoint: _339_ (rising edge-triggered flip-flop clocked by core_clock)
Endpoint: _339_ (rising edge-triggered flip-flop clocked by core_clock)
Path Group: core_clock
Path Type: min

Fanout     Cap    Slew   Delay    Time   Description
-----------------------------------------------------------------------------
                          0.00    0.00   clock core_clock (rise edge)
                          0.00    0.00   clock source latency
     1    0.02    0.00    0.00    0.00 ^ clk (in)
                                         clk (net)
                  0.00    0.00    0.00 ^ clkbuf_0_clk/A (sky130_fd_sc_hd__clkbuf_16)
     4    0.05    0.07    0.14    0.14 ^ clkbuf_0_clk/X (sky130_fd_sc_hd__clkbuf_16)
                                         clknet_0_clk (net)
                  0.07    0.00    0.14 ^ clkbuf_2_3__f_clk/A (sky130_fd_sc_hd__clkbuf_16)
    10    0.04    0.06    0.15    0.29 ^ clkbuf_2_3__f_clk/X (sky130_fd_sc_hd__clkbuf_16)
                                         clknet_2_3__leaf_clk (net)
                  0.06    0.00    0.29 ^ _339_/CLK (sky130_fd_sc_hd__dfrtp_4)
     3    0.05    0.12    0.55    0.84 v _339_/Q (sky130_fd_sc_hd__dfrtp_4)
                                         one_second_counter[9] (net)
                  0.12    0.00    0.85 v _220_/B1 (sky130_fd_sc_hd__a21oi_4)
     1    0.02    0.18    0.21    1.06 ^ _220_/Y (sky130_fd_sc_hd__a21oi_4)
                                         _108_ (net)
                  0.18    0.00    1.06 ^ _222_/B (sky130_fd_sc_hd__nor3_2)
     1    0.02    0.07    0.11    1.17 v _222_/Y (sky130_fd_sc_hd__nor3_2)
                                         _026_ (net)
                  0.07    0.00    1.18 v _339_/D (sky130_fd_sc_hd__dfrtp_4)
                                  1.18   data arrival time

                          0.00    0.00   clock core_clock (rise edge)
                          0.00    0.00   clock source latency
     1    0.02    0.00    0.00    0.00 ^ clk (in)
                                         clk (net)
                  0.00    0.00    0.00 ^ clkbuf_0_clk/A (sky130_fd_sc_hd__clkbuf_16)
     4    0.05    0.07    0.14    0.14 ^ clkbuf_0_clk/X (sky130_fd_sc_hd__clkbuf_16)
                                         clknet_0_clk (net)
                  0.07    0.00    0.14 ^ clkbuf_2_3__f_clk/A (sky130_fd_sc_hd__clkbuf_16)
    10    0.04    0.06    0.15    0.29 ^ clkbuf_2_3__f_clk/X (sky130_fd_sc_hd__clkbuf_16)
                                         clknet_2_3__leaf_clk (net)
                  0.06    0.00    0.29 ^ _339_/CLK (sky130_fd_sc_hd__dfrtp_4)
                          0.00    0.29   clock reconvergence pessimism
                         -0.05    0.24   library hold time
                                  0.24   data required time
-----------------------------------------------------------------------------
                                  0.24   data required time
                                 -1.18   data arrival time
-----------------------------------------------------------------------------
                                  0.93   slack (MET)


Startpoint: _346_ (rising edge-triggered flip-flop clocked by core_clock)
Endpoint: _348_ (rising edge-triggered flip-flop clocked by core_clock)
Path Group: core_clock
Path Type: min

Fanout     Cap    Slew   Delay    Time   Description
-----------------------------------------------------------------------------
                          0.00    0.00   clock core_clock (rise edge)
                          0.00    0.00   clock source latency
     1    0.02    0.00    0.00    0.00 ^ clk (in)
                                         clk (net)
                  0.00    0.00    0.00 ^ clkbuf_0_clk/A (sky130_fd_sc_hd__clkbuf_16)
     4    0.05    0.07    0.14    0.14 ^ clkbuf_0_clk/X (sky130_fd_sc_hd__clkbuf_16)
                                         clknet_0_clk (net)
                  0.07    0.00    0.14 ^ clkbuf_2_1__f_clk/A (sky130_fd_sc_hd__clkbuf_16)
     9    0.03    0.05    0.15    0.28 ^ clkbuf_2_1__f_clk/X (sky130_fd_sc_hd__clkbuf_16)
                                         clknet_2_1__leaf_clk (net)
                  0.05    0.00    0.28 ^ _346_/CLK (sky130_fd_sc_hd__dfrtp_4)
     6    0.05    0.17    0.51    0.80 ^ _346_/Q (sky130_fd_sc_hd__dfrtp_4)
                                         one_second_counter[16] (net)
                  0.17    0.01    0.80 ^ _248_/A (sky130_fd_sc_hd__nand2_4)
     3    0.03    0.09    0.12    0.92 v _248_/Y (sky130_fd_sc_hd__nand2_4)
                                         _129_ (net)
                  0.09    0.00    0.92 v _255_/A2 (sky130_fd_sc_hd__o211a_1)
     1    0.02    0.09    0.28    1.20 v _255_/X (sky130_fd_sc_hd__o211a_1)
                                         _009_ (net)
                  0.09    0.00    1.20 v _348_/D (sky130_fd_sc_hd__dfrtp_4)
                                  1.20   data arrival time

                          0.00    0.00   clock core_clock (rise edge)
                          0.00    0.00   clock source latency
     1    0.02    0.00    0.00    0.00 ^ clk (in)
                                         clk (net)
                  0.00    0.00    0.00 ^ clkbuf_0_clk/A (sky130_fd_sc_hd__clkbuf_16)
     4    0.05    0.07    0.14    0.14 ^ clkbuf_0_clk/X (sky130_fd_sc_hd__clkbuf_16)
                                         clknet_0_clk (net)
                  0.07    0.00    0.14 ^ clkbuf_2_1__f_clk/A (sky130_fd_sc_hd__clkbuf_16)
     9    0.03    0.05    0.15    0.28 ^ clkbuf_2_1__f_clk/X (sky130_fd_sc_hd__clkbuf_16)
                                         clknet_2_1__leaf_clk (net)
                  0.05    0.00    0.28 ^ _348_/CLK (sky130_fd_sc_hd__dfrtp_4)
                          0.00    0.28   clock reconvergence pessimism
                         -0.06    0.23   library hold time
                                  0.23   data required time
-----------------------------------------------------------------------------
                                  0.23   data required time
                                 -1.20   data arrival time
-----------------------------------------------------------------------------
                                  0.97   slack (MET)


Startpoint: _355_ (rising edge-triggered flip-flop clocked by core_clock)
Endpoint: _355_ (rising edge-triggered flip-flop clocked by core_clock)
Path Group: core_clock
Path Type: min

Fanout     Cap    Slew   Delay    Time   Description
-----------------------------------------------------------------------------
                          0.00    0.00   clock core_clock (rise edge)
                          0.00    0.00   clock source latency
     1    0.02    0.00    0.00    0.00 ^ clk (in)
                                         clk (net)
                  0.00    0.00    0.00 ^ clkbuf_0_clk/A (sky130_fd_sc_hd__clkbuf_16)
     4    0.05    0.07    0.14    0.14 ^ clkbuf_0_clk/X (sky130_fd_sc_hd__clkbuf_16)
                                         clknet_0_clk (net)
                  0.07    0.00    0.14 ^ clkbuf_2_0__f_clk/A (sky130_fd_sc_hd__clkbuf_16)
     9    0.03    0.05    0.15    0.28 ^ clkbuf_2_0__f_clk/X (sky130_fd_sc_hd__clkbuf_16)
                                         clknet_2_0__leaf_clk (net)
                  0.05    0.00    0.29 ^ _355_/CLK (sky130_fd_sc_hd__dfrtp_4)
     4    0.04    0.15    0.48    0.77 ^ _355_/Q (sky130_fd_sc_hd__dfrtp_4)
                                         one_second_counter[25] (net)
                  0.15    0.01    0.78 ^ _280_/A (sky130_fd_sc_hd__nand2_1)
     1    0.01    0.07    0.10    0.87 v _280_/Y (sky130_fd_sc_hd__nand2_1)
                                         _152_ (net)
                  0.07    0.00    0.87 v _281_/C (sky130_fd_sc_hd__and3_2)
     1    0.02    0.08    0.27    1.14 v _281_/X (sky130_fd_sc_hd__and3_2)
                                         _153_ (net)
                  0.08    0.00    1.14 v _282_/A (sky130_fd_sc_hd__clkbuf_1)
     1    0.00    0.04    0.11    1.25 v _282_/X (sky130_fd_sc_hd__clkbuf_1)
                                         _017_ (net)
                  0.04    0.00    1.25 v _355_/D (sky130_fd_sc_hd__dfrtp_4)
                                  1.25   data arrival time

                          0.00    0.00   clock core_clock (rise edge)
                          0.00    0.00   clock source latency
     1    0.02    0.00    0.00    0.00 ^ clk (in)
                                         clk (net)
                  0.00    0.00    0.00 ^ clkbuf_0_clk/A (sky130_fd_sc_hd__clkbuf_16)
     4    0.05    0.07    0.14    0.14 ^ clkbuf_0_clk/X (sky130_fd_sc_hd__clkbuf_16)
                                         clknet_0_clk (net)
                  0.07    0.00    0.14 ^ clkbuf_2_0__f_clk/A (sky130_fd_sc_hd__clkbuf_16)
     9    0.03    0.05    0.15    0.28 ^ clkbuf_2_0__f_clk/X (sky130_fd_sc_hd__clkbuf_16)
                                         clknet_2_0__leaf_clk (net)
                  0.05    0.00    0.29 ^ _355_/CLK (sky130_fd_sc_hd__dfrtp_4)
                          0.00    0.29   clock reconvergence pessimism
                         -0.04    0.25   library hold time
                                  0.25   data required time
-----------------------------------------------------------------------------
                                  0.25   data required time
                                 -1.25   data arrival time
-----------------------------------------------------------------------------
                                  1.00   slack (MET)


Startpoint: _331_ (rising edge-triggered flip-flop clocked by core_clock)
Endpoint: _331_ (rising edge-triggered flip-flop clocked by core_clock)
Path Group: core_clock
Path Type: min

Fanout     Cap    Slew   Delay    Time   Description
-----------------------------------------------------------------------------
                          0.00    0.00   clock core_clock (rise edge)
                          0.00    0.00   clock source latency
     1    0.02    0.00    0.00    0.00 ^ clk (in)
                                         clk (net)
                  0.00    0.00    0.00 ^ clkbuf_0_clk/A (sky130_fd_sc_hd__clkbuf_16)
     4    0.05    0.07    0.14    0.14 ^ clkbuf_0_clk/X (sky130_fd_sc_hd__clkbuf_16)
                                         clknet_0_clk (net)
                  0.07    0.00    0.14 ^ clkbuf_2_3__f_clk/A (sky130_fd_sc_hd__clkbuf_16)
    10    0.04    0.06    0.15    0.29 ^ clkbuf_2_3__f_clk/X (sky130_fd_sc_hd__clkbuf_16)
                                         clknet_2_3__leaf_clk (net)
                  0.06    0.00    0.29 ^ _331_/CLK (sky130_fd_sc_hd__dfrtp_4)
     6    0.06    0.19    0.53    0.82 ^ _331_/Q (sky130_fd_sc_hd__dfrtp_4)
                                         one_second_counter[1] (net)
                  0.19    0.01    0.83 ^ _191_/A (sky130_fd_sc_hd__nand2_2)
     1    0.02    0.09    0.12    0.95 v _191_/Y (sky130_fd_sc_hd__nand2_2)
                                         _087_ (net)
                  0.09    0.00    0.95 v _193_/A (sky130_fd_sc_hd__and3_1)
     1    0.01    0.06    0.18    1.13 v _193_/X (sky130_fd_sc_hd__and3_1)
                                         _089_ (net)
                  0.06    0.00    1.13 v _194_/A (sky130_fd_sc_hd__buf_1)
     1    0.01    0.08    0.14    1.27 v _194_/X (sky130_fd_sc_hd__buf_1)
                                         _011_ (net)
                  0.08    0.00    1.27 v _331_/D (sky130_fd_sc_hd__dfrtp_4)
                                  1.27   data arrival time

                          0.00    0.00   clock core_clock (rise edge)
                          0.00    0.00   clock source latency
     1    0.02    0.00    0.00    0.00 ^ clk (in)
                                         clk (net)
                  0.00    0.00    0.00 ^ clkbuf_0_clk/A (sky130_fd_sc_hd__clkbuf_16)
     4    0.05    0.07    0.14    0.14 ^ clkbuf_0_clk/X (sky130_fd_sc_hd__clkbuf_16)
                                         clknet_0_clk (net)
                  0.07    0.00    0.14 ^ clkbuf_2_3__f_clk/A (sky130_fd_sc_hd__clkbuf_16)
    10    0.04    0.06    0.15    0.29 ^ clkbuf_2_3__f_clk/X (sky130_fd_sc_hd__clkbuf_16)
                                         clknet_2_3__leaf_clk (net)
                  0.06    0.00    0.29 ^ _331_/CLK (sky130_fd_sc_hd__dfrtp_4)
                          0.00    0.29   clock reconvergence pessimism
                         -0.05    0.24   library hold time
                                  0.24   data required time
-----------------------------------------------------------------------------
                                  0.24   data required time
                                 -1.27   data arrival time
-----------------------------------------------------------------------------
                                  1.03   slack (MET)


Startpoint: _352_ (rising edge-triggered flip-flop clocked by core_clock)
Endpoint: _352_ (rising edge-triggered flip-flop clocked by core_clock)
Path Group: core_clock
Path Type: min

Fanout     Cap    Slew   Delay    Time   Description
-----------------------------------------------------------------------------
                          0.00    0.00   clock core_clock (rise edge)
                          0.00    0.00   clock source latency
     1    0.02    0.00    0.00    0.00 ^ clk (in)
                                         clk (net)
                  0.00    0.00    0.00 ^ clkbuf_0_clk/A (sky130_fd_sc_hd__clkbuf_16)
     4    0.05    0.07    0.14    0.14 ^ clkbuf_0_clk/X (sky130_fd_sc_hd__clkbuf_16)
                                         clknet_0_clk (net)
                  0.07    0.00    0.14 ^ clkbuf_2_1__f_clk/A (sky130_fd_sc_hd__clkbuf_16)
     9    0.03    0.05    0.15    0.28 ^ clkbuf_2_1__f_clk/X (sky130_fd_sc_hd__clkbuf_16)
                                         clknet_2_1__leaf_clk (net)
                  0.05    0.00    0.28 ^ _352_/CLK (sky130_fd_sc_hd__dfrtp_4)
     3    0.05    0.16    0.50    0.78 ^ _352_/Q (sky130_fd_sc_hd__dfrtp_4)
                                         one_second_counter[22] (net)
                  0.16    0.01    0.79 ^ _270_/A (sky130_fd_sc_hd__nand2_4)
     2    0.04    0.11    0.13    0.91 v _270_/Y (sky130_fd_sc_hd__nand2_4)
                                         _145_ (net)
                  0.11    0.00    0.92 v _271_/C (sky130_fd_sc_hd__and3_1)
     1    0.01    0.08    0.25    1.17 v _271_/X (sky130_fd_sc_hd__and3_1)
                                         _146_ (net)
                  0.08    0.00    1.17 v _272_/A (sky130_fd_sc_hd__clkbuf_1)
     1    0.00    0.04    0.11    1.29 v _272_/X (sky130_fd_sc_hd__clkbuf_1)
                                         _014_ (net)
                  0.04    0.00    1.29 v _352_/D (sky130_fd_sc_hd__dfrtp_4)
                                  1.29   data arrival time

                          0.00    0.00   clock core_clock (rise edge)
                          0.00    0.00   clock source latency
     1    0.02    0.00    0.00    0.00 ^ clk (in)
                                         clk (net)
                  0.00    0.00    0.00 ^ clkbuf_0_clk/A (sky130_fd_sc_hd__clkbuf_16)
     4    0.05    0.07    0.14    0.14 ^ clkbuf_0_clk/X (sky130_fd_sc_hd__clkbuf_16)
                                         clknet_0_clk (net)
                  0.07    0.00    0.14 ^ clkbuf_2_1__f_clk/A (sky130_fd_sc_hd__clkbuf_16)
     9    0.03    0.05    0.15    0.28 ^ clkbuf_2_1__f_clk/X (sky130_fd_sc_hd__clkbuf_16)
                                         clknet_2_1__leaf_clk (net)
                  0.05    0.00    0.28 ^ _352_/CLK (sky130_fd_sc_hd__dfrtp_4)
                          0.00    0.28   clock reconvergence pessimism
                         -0.04    0.25   library hold time
                                  0.25   data required time
-----------------------------------------------------------------------------
                                  0.25   data required time
                                 -1.29   data arrival time
-----------------------------------------------------------------------------
                                  1.04   slack (MET)


Startpoint: _333_ (rising edge-triggered flip-flop clocked by core_clock)
Endpoint: _333_ (rising edge-triggered flip-flop clocked by core_clock)
Path Group: core_clock
Path Type: min

Fanout     Cap    Slew   Delay    Time   Description
-----------------------------------------------------------------------------
                          0.00    0.00   clock core_clock (rise edge)
                          0.00    0.00   clock source latency
     1    0.02    0.00    0.00    0.00 ^ clk (in)
                                         clk (net)
                  0.00    0.00    0.00 ^ clkbuf_0_clk/A (sky130_fd_sc_hd__clkbuf_16)
     4    0.05    0.07    0.14    0.14 ^ clkbuf_0_clk/X (sky130_fd_sc_hd__clkbuf_16)
                                         clknet_0_clk (net)
                  0.07    0.00    0.14 ^ clkbuf_2_0__f_clk/A (sky130_fd_sc_hd__clkbuf_16)
     9    0.03    0.05    0.15    0.28 ^ clkbuf_2_0__f_clk/X (sky130_fd_sc_hd__clkbuf_16)
                                         clknet_2_0__leaf_clk (net)
                  0.05    0.00    0.29 ^ _333_/CLK (sky130_fd_sc_hd__dfrtp_4)
     2    0.03    0.12    0.46    0.75 ^ _333_/Q (sky130_fd_sc_hd__dfrtp_4)
                                         one_second_counter[3] (net)
                  0.12    0.00    0.75 ^ _199_/B1 (sky130_fd_sc_hd__a31o_1)
     1    0.01    0.09    0.15    0.90 ^ _199_/X (sky130_fd_sc_hd__a31o_1)
                                         _093_ (net)
                  0.09    0.00    0.90 ^ _200_/C (sky130_fd_sc_hd__and3b_1)
     1    0.01    0.10    0.21    1.11 ^ _200_/X (sky130_fd_sc_hd__and3b_1)
                                         _094_ (net)
                  0.10    0.00    1.11 ^ _201_/A (sky130_fd_sc_hd__buf_2)
     1    0.03    0.14    0.20    1.31 ^ _201_/X (sky130_fd_sc_hd__buf_2)
                                         _020_ (net)
                  0.14    0.00    1.31 ^ _333_/D (sky130_fd_sc_hd__dfrtp_4)
                                  1.31   data arrival time

                          0.00    0.00   clock core_clock (rise edge)
                          0.00    0.00   clock source latency
     1    0.02    0.00    0.00    0.00 ^ clk (in)
                                         clk (net)
                  0.00    0.00    0.00 ^ clkbuf_0_clk/A (sky130_fd_sc_hd__clkbuf_16)
     4    0.05    0.07    0.14    0.14 ^ clkbuf_0_clk/X (sky130_fd_sc_hd__clkbuf_16)
                                         clknet_0_clk (net)
                  0.07    0.00    0.14 ^ clkbuf_2_0__f_clk/A (sky130_fd_sc_hd__clkbuf_16)
     9    0.03    0.05    0.15    0.28 ^ clkbuf_2_0__f_clk/X (sky130_fd_sc_hd__clkbuf_16)
                                         clknet_2_0__leaf_clk (net)
                  0.05    0.00    0.29 ^ _333_/CLK (sky130_fd_sc_hd__dfrtp_4)
                          0.00    0.29   clock reconvergence pessimism
                         -0.05    0.23   library hold time
                                  0.23   data required time
-----------------------------------------------------------------------------
                                  0.23   data required time
                                 -1.31   data arrival time
-----------------------------------------------------------------------------
                                  1.08   slack (MET)


Startpoint: _350_ (rising edge-triggered flip-flop clocked by core_clock)
Endpoint: _350_ (rising edge-triggered flip-flop clocked by core_clock)
Path Group: core_clock
Path Type: min

Fanout     Cap    Slew   Delay    Time   Description
-----------------------------------------------------------------------------
                          0.00    0.00   clock core_clock (rise edge)
                          0.00    0.00   clock source latency
     1    0.02    0.00    0.00    0.00 ^ clk (in)
                                         clk (net)
                  0.00    0.00    0.00 ^ clkbuf_0_clk/A (sky130_fd_sc_hd__clkbuf_16)
     4    0.05    0.07    0.14    0.14 ^ clkbuf_0_clk/X (sky130_fd_sc_hd__clkbuf_16)
                                         clknet_0_clk (net)
                  0.07    0.00    0.14 ^ clkbuf_2_0__f_clk/A (sky130_fd_sc_hd__clkbuf_16)
     9    0.03    0.05    0.15    0.28 ^ clkbuf_2_0__f_clk/X (sky130_fd_sc_hd__clkbuf_16)
                                         clknet_2_0__leaf_clk (net)
                  0.05    0.00    0.29 ^ _350_/CLK (sky130_fd_sc_hd__dfrtp_4)
     4    0.03    0.13    0.47    0.76 ^ _350_/Q (sky130_fd_sc_hd__dfrtp_4)
                                         one_second_counter[20] (net)
                  0.13    0.00    0.76 ^ _263_/A (sky130_fd_sc_hd__nand2_2)
     2    0.02    0.09    0.11    0.87 v _263_/Y (sky130_fd_sc_hd__nand2_2)
                                         _140_ (net)
                  0.09    0.00    0.87 v _264_/C (sky130_fd_sc_hd__and3_2)
     1    0.03    0.09    0.29    1.15 v _264_/X (sky130_fd_sc_hd__and3_2)
                                         _141_ (net)
                  0.09    0.00    1.16 v _265_/A (sky130_fd_sc_hd__buf_1)
     1    0.01    0.09    0.16    1.32 v _265_/X (sky130_fd_sc_hd__buf_1)
                                         _012_ (net)
                  0.09    0.00    1.32 v _350_/D (sky130_fd_sc_hd__dfrtp_4)
                                  1.32   data arrival time

                          0.00    0.00   clock core_clock (rise edge)
                          0.00    0.00   clock source latency
     1    0.02    0.00    0.00    0.00 ^ clk (in)
                                         clk (net)
                  0.00    0.00    0.00 ^ clkbuf_0_clk/A (sky130_fd_sc_hd__clkbuf_16)
     4    0.05    0.07    0.14    0.14 ^ clkbuf_0_clk/X (sky130_fd_sc_hd__clkbuf_16)
                                         clknet_0_clk (net)
                  0.07    0.00    0.14 ^ clkbuf_2_0__f_clk/A (sky130_fd_sc_hd__clkbuf_16)
     9    0.03    0.05    0.15    0.28 ^ clkbuf_2_0__f_clk/X (sky130_fd_sc_hd__clkbuf_16)
                                         clknet_2_0__leaf_clk (net)
                  0.05    0.00    0.29 ^ _350_/CLK (sky130_fd_sc_hd__dfrtp_4)
                          0.00    0.29   clock reconvergence pessimism
                         -0.06    0.23   library hold time
                                  0.23   data required time
-----------------------------------------------------------------------------
                                  0.23   data required time
                                 -1.32   data arrival time
-----------------------------------------------------------------------------
                                  1.09   slack (MET)


Startpoint: _336_ (rising edge-triggered flip-flop clocked by core_clock)
Endpoint: _336_ (rising edge-triggered flip-flop clocked by core_clock)
Path Group: core_clock
Path Type: min

Fanout     Cap    Slew   Delay    Time   Description
-----------------------------------------------------------------------------
                          0.00    0.00   clock core_clock (rise edge)
                          0.00    0.00   clock source latency
     1    0.02    0.00    0.00    0.00 ^ clk (in)
                                         clk (net)
                  0.00    0.00    0.00 ^ clkbuf_0_clk/A (sky130_fd_sc_hd__clkbuf_16)
     4    0.05    0.07    0.14    0.14 ^ clkbuf_0_clk/X (sky130_fd_sc_hd__clkbuf_16)
                                         clknet_0_clk (net)
                  0.07    0.00    0.14 ^ clkbuf_2_0__f_clk/A (sky130_fd_sc_hd__clkbuf_16)
     9    0.03    0.05    0.15    0.28 ^ clkbuf_2_0__f_clk/X (sky130_fd_sc_hd__clkbuf_16)
                                         clknet_2_0__leaf_clk (net)
                  0.05    0.00    0.29 ^ _336_/CLK (sky130_fd_sc_hd__dfrtp_4)
     3    0.04    0.14    0.48    0.76 ^ _336_/Q (sky130_fd_sc_hd__dfrtp_4)
                                         one_second_counter[6] (net)
                  0.14    0.00    0.77 ^ _211_/A (sky130_fd_sc_hd__nand2_4)
     2    0.03    0.09    0.11    0.87 v _211_/Y (sky130_fd_sc_hd__nand2_4)
                                         _102_ (net)
                  0.09    0.01    0.88 v _212_/C (sky130_fd_sc_hd__and3_2)
     1    0.02    0.08    0.28    1.16 v _212_/X (sky130_fd_sc_hd__and3_2)
                                         _103_ (net)
                  0.08    0.00    1.17 v _213_/A (sky130_fd_sc_hd__clkbuf_2)
     1    0.02    0.08    0.16    1.33 v _213_/X (sky130_fd_sc_hd__clkbuf_2)
                                         _023_ (net)
                  0.08    0.00    1.33 v _336_/D (sky130_fd_sc_hd__dfrtp_4)
                                  1.33   data arrival time

                          0.00    0.00   clock core_clock (rise edge)
                          0.00    0.00   clock source latency
     1    0.02    0.00    0.00    0.00 ^ clk (in)
                                         clk (net)
                  0.00    0.00    0.00 ^ clkbuf_0_clk/A (sky130_fd_sc_hd__clkbuf_16)
     4    0.05    0.07    0.14    0.14 ^ clkbuf_0_clk/X (sky130_fd_sc_hd__clkbuf_16)
                                         clknet_0_clk (net)
                  0.07    0.00    0.14 ^ clkbuf_2_0__f_clk/A (sky130_fd_sc_hd__clkbuf_16)
     9    0.03    0.05    0.15    0.28 ^ clkbuf_2_0__f_clk/X (sky130_fd_sc_hd__clkbuf_16)
                                         clknet_2_0__leaf_clk (net)
                  0.05    0.00    0.29 ^ _336_/CLK (sky130_fd_sc_hd__dfrtp_4)
                          0.00    0.29   clock reconvergence pessimism
                         -0.05    0.23   library hold time
                                  0.23   data required time
-----------------------------------------------------------------------------
                                  0.23   data required time
                                 -1.33   data arrival time
-----------------------------------------------------------------------------
                                  1.09   slack (MET)


Startpoint: _338_ (rising edge-triggered flip-flop clocked by core_clock)
Endpoint: _338_ (rising edge-triggered flip-flop clocked by core_clock)
Path Group: core_clock
Path Type: min

Fanout     Cap    Slew   Delay    Time   Description
-----------------------------------------------------------------------------
                          0.00    0.00   clock core_clock (rise edge)
                          0.00    0.00   clock source latency
     1    0.02    0.00    0.00    0.00 ^ clk (in)
                                         clk (net)
                  0.00    0.00    0.00 ^ clkbuf_0_clk/A (sky130_fd_sc_hd__clkbuf_16)
     4    0.05    0.07    0.14    0.14 ^ clkbuf_0_clk/X (sky130_fd_sc_hd__clkbuf_16)
                                         clknet_0_clk (net)
                  0.07    0.00    0.14 ^ clkbuf_2_0__f_clk/A (sky130_fd_sc_hd__clkbuf_16)
     9    0.03    0.05    0.15    0.28 ^ clkbuf_2_0__f_clk/X (sky130_fd_sc_hd__clkbuf_16)
                                         clknet_2_0__leaf_clk (net)
                  0.05    0.00    0.29 ^ _338_/CLK (sky130_fd_sc_hd__dfrtp_4)
     5    0.06    0.18    0.52    0.80 ^ _338_/Q (sky130_fd_sc_hd__dfrtp_4)
                                         one_second_counter[8] (net)
                  0.18    0.00    0.81 ^ _217_/A (sky130_fd_sc_hd__nand2_2)
     1    0.02    0.10    0.12    0.93 v _217_/Y (sky130_fd_sc_hd__nand2_2)
                                         _106_ (net)
                  0.10    0.00    0.93 v _218_/C (sky130_fd_sc_hd__and3_2)
     1    0.03    0.09    0.29    1.22 v _218_/X (sky130_fd_sc_hd__and3_2)
                                         _107_ (net)
                  0.09    0.00    1.23 v _219_/A (sky130_fd_sc_hd__buf_1)
     1    0.01    0.05    0.12    1.35 v _219_/X (sky130_fd_sc_hd__buf_1)
                                         _025_ (net)
                  0.05    0.00    1.35 v _338_/D (sky130_fd_sc_hd__dfrtp_4)
                                  1.35   data arrival time

                          0.00    0.00   clock core_clock (rise edge)
                          0.00    0.00   clock source latency
     1    0.02    0.00    0.00    0.00 ^ clk (in)
                                         clk (net)
                  0.00    0.00    0.00 ^ clkbuf_0_clk/A (sky130_fd_sc_hd__clkbuf_16)
     4    0.05    0.07    0.14    0.14 ^ clkbuf_0_clk/X (sky130_fd_sc_hd__clkbuf_16)
                                         clknet_0_clk (net)
                  0.07    0.00    0.14 ^ clkbuf_2_0__f_clk/A (sky130_fd_sc_hd__clkbuf_16)
     9    0.03    0.05    0.15    0.28 ^ clkbuf_2_0__f_clk/X (sky130_fd_sc_hd__clkbuf_16)
                                         clknet_2_0__leaf_clk (net)
                  0.05    0.00    0.29 ^ _338_/CLK (sky130_fd_sc_hd__dfrtp_4)
                          0.00    0.29   clock reconvergence pessimism
                         -0.04    0.24   library hold time
                                  0.24   data required time
-----------------------------------------------------------------------------
                                  0.24   data required time
                                 -1.35   data arrival time
-----------------------------------------------------------------------------
                                  1.10   slack (MET)


Startpoint: _332_ (rising edge-triggered flip-flop clocked by core_clock)
Endpoint: _332_ (rising edge-triggered flip-flop clocked by core_clock)
Path Group: core_clock
Path Type: min

Fanout     Cap    Slew   Delay    Time   Description
-----------------------------------------------------------------------------
                          0.00    0.00   clock core_clock (rise edge)
                          0.00    0.00   clock source latency
     1    0.02    0.00    0.00    0.00 ^ clk (in)
                                         clk (net)
                  0.00    0.00    0.00 ^ clkbuf_0_clk/A (sky130_fd_sc_hd__clkbuf_16)
     4    0.05    0.07    0.14    0.14 ^ clkbuf_0_clk/X (sky130_fd_sc_hd__clkbuf_16)
                                         clknet_0_clk (net)
                  0.07    0.00    0.14 ^ clkbuf_2_2__f_clk/A (sky130_fd_sc_hd__clkbuf_16)
     7    0.04    0.06    0.15    0.29 ^ clkbuf_2_2__f_clk/X (sky130_fd_sc_hd__clkbuf_16)
                                         clknet_2_2__leaf_clk (net)
                  0.06    0.00    0.29 ^ _332_/CLK (sky130_fd_sc_hd__dfrtp_4)
     4    0.04    0.15    0.49    0.78 ^ _332_/Q (sky130_fd_sc_hd__dfrtp_4)
                                         one_second_counter[2] (net)
                  0.15    0.01    0.79 ^ _195_/A (sky130_fd_sc_hd__nand3_2)
     1    0.02    0.13    0.14    0.93 v _195_/Y (sky130_fd_sc_hd__nand3_2)
                                         _090_ (net)
                  0.13    0.00    0.93 v _197_/A (sky130_fd_sc_hd__and3_2)
     1    0.03    0.10    0.28    1.21 v _197_/X (sky130_fd_sc_hd__and3_2)
                                         _092_ (net)
                  0.10    0.01    1.22 v _198_/A (sky130_fd_sc_hd__buf_1)
     1    0.01    0.05    0.13    1.35 v _198_/X (sky130_fd_sc_hd__buf_1)
                                         _019_ (net)
                  0.05    0.00    1.35 v _332_/D (sky130_fd_sc_hd__dfrtp_4)
                                  1.35   data arrival time

                          0.00    0.00   clock core_clock (rise edge)
                          0.00    0.00   clock source latency
     1    0.02    0.00    0.00    0.00 ^ clk (in)
                                         clk (net)
                  0.00    0.00    0.00 ^ clkbuf_0_clk/A (sky130_fd_sc_hd__clkbuf_16)
     4    0.05    0.07    0.14    0.14 ^ clkbuf_0_clk/X (sky130_fd_sc_hd__clkbuf_16)
                                         clknet_0_clk (net)
                  0.07    0.00    0.14 ^ clkbuf_2_2__f_clk/A (sky130_fd_sc_hd__clkbuf_16)
     7    0.04    0.06    0.15    0.29 ^ clkbuf_2_2__f_clk/X (sky130_fd_sc_hd__clkbuf_16)
                                         clknet_2_2__leaf_clk (net)
                  0.06    0.00    0.29 ^ _332_/CLK (sky130_fd_sc_hd__dfrtp_4)
                          0.00    0.29   clock reconvergence pessimism
                         -0.04    0.25   library hold time
                                  0.25   data required time
-----------------------------------------------------------------------------
                                  0.25   data required time
                                 -1.35   data arrival time
-----------------------------------------------------------------------------
                                  1.11   slack (MET)


Startpoint: _360_ (rising edge-triggered flip-flop clocked by core_clock)
Endpoint: _360_ (rising edge-triggered flip-flop clocked by core_clock)
Path Group: core_clock
Path Type: min

Fanout     Cap    Slew   Delay    Time   Description
-----------------------------------------------------------------------------
                          0.00    0.00   clock core_clock (rise edge)
                          0.00    0.00   clock source latency
     1    0.02    0.00    0.00    0.00 ^ clk (in)
                                         clk (net)
                  0.00    0.00    0.00 ^ clkbuf_0_clk/A (sky130_fd_sc_hd__clkbuf_16)
     4    0.05    0.07    0.14    0.14 ^ clkbuf_0_clk/X (sky130_fd_sc_hd__clkbuf_16)
                                         clknet_0_clk (net)
                  0.07    0.00    0.14 ^ clkbuf_2_1__f_clk/A (sky130_fd_sc_hd__clkbuf_16)
     9    0.03    0.05    0.15    0.28 ^ clkbuf_2_1__f_clk/X (sky130_fd_sc_hd__clkbuf_16)
                                         clknet_2_1__leaf_clk (net)
                  0.05    0.00    0.28 ^ _360_/CLK (sky130_fd_sc_hd__dfrtp_4)
     6    0.07    0.22    0.55    0.84 ^ _360_/Q (sky130_fd_sc_hd__dfrtp_4)
                                         decoder.digit[2] (net)
                  0.22    0.00    0.84 ^ _163_/A (sky130_fd_sc_hd__nand2_4)
     2    0.04    0.11    0.15    0.99 v _163_/Y (sky130_fd_sc_hd__nand2_4)
                                         _065_ (net)
                  0.11    0.00    0.99 v _169_/A (sky130_fd_sc_hd__and2_1)
     1    0.01    0.06    0.19    1.18 v _169_/X (sky130_fd_sc_hd__and2_1)
                                         _070_ (net)
                  0.06    0.00    1.18 v _170_/A (sky130_fd_sc_hd__clkbuf_2)
     1    0.02    0.09    0.16    1.34 v _170_/X (sky130_fd_sc_hd__clkbuf_2)
                                         _062_ (net)
                  0.09    0.00    1.34 v _360_/D (sky130_fd_sc_hd__dfrtp_4)
                                  1.34   data arrival time

                          0.00    0.00   clock core_clock (rise edge)
                          0.00    0.00   clock source latency
     1    0.02    0.00    0.00    0.00 ^ clk (in)
                                         clk (net)
                  0.00    0.00    0.00 ^ clkbuf_0_clk/A (sky130_fd_sc_hd__clkbuf_16)
     4    0.05    0.07    0.14    0.14 ^ clkbuf_0_clk/X (sky130_fd_sc_hd__clkbuf_16)
                                         clknet_0_clk (net)
                  0.07    0.00    0.14 ^ clkbuf_2_1__f_clk/A (sky130_fd_sc_hd__clkbuf_16)
     9    0.03    0.05    0.15    0.28 ^ clkbuf_2_1__f_clk/X (sky130_fd_sc_hd__clkbuf_16)
                                         clknet_2_1__leaf_clk (net)
                  0.05    0.00    0.28 ^ _360_/CLK (sky130_fd_sc_hd__dfrtp_4)
                          0.00    0.28   clock reconvergence pessimism
                         -0.06    0.23   library hold time
                                  0.23   data required time
-----------------------------------------------------------------------------
                                  0.23   data required time
                                 -1.34   data arrival time
-----------------------------------------------------------------------------
                                  1.12   slack (MET)


Startpoint: _342_ (rising edge-triggered flip-flop clocked by core_clock)
Endpoint: _343_ (rising edge-triggered flip-flop clocked by core_clock)
Path Group: core_clock
Path Type: min

Fanout     Cap    Slew   Delay    Time   Description
-----------------------------------------------------------------------------
                          0.00    0.00   clock core_clock (rise edge)
                          0.00    0.00   clock source latency
     1    0.02    0.00    0.00    0.00 ^ clk (in)
                                         clk (net)
                  0.00    0.00    0.00 ^ clkbuf_0_clk/A (sky130_fd_sc_hd__clkbuf_16)
     4    0.05    0.07    0.14    0.14 ^ clkbuf_0_clk/X (sky130_fd_sc_hd__clkbuf_16)
                                         clknet_0_clk (net)
                  0.07    0.00    0.14 ^ clkbuf_2_1__f_clk/A (sky130_fd_sc_hd__clkbuf_16)
     9    0.03    0.05    0.15    0.28 ^ clkbuf_2_1__f_clk/X (sky130_fd_sc_hd__clkbuf_16)
                                         clknet_2_1__leaf_clk (net)
                  0.05    0.00    0.28 ^ _342_/CLK (sky130_fd_sc_hd__dfrtp_4)
     5    0.05    0.16    0.50    0.79 ^ _342_/Q (sky130_fd_sc_hd__dfrtp_4)
                                         one_second_counter[12] (net)
                  0.16    0.00    0.79 ^ _235_/A (sky130_fd_sc_hd__nand3_4)
     3    0.03    0.11    0.13    0.92 v _235_/Y (sky130_fd_sc_hd__nand3_4)
                                         _119_ (net)
                  0.11    0.00    0.92 v _236_/C (sky130_fd_sc_hd__and3_2)
     1    0.03    0.10    0.30    1.23 v _236_/X (sky130_fd_sc_hd__and3_2)
                                         _120_ (net)
                  0.10    0.01    1.23 v _237_/A (sky130_fd_sc_hd__buf_1)
     1    0.01    0.07    0.15    1.38 v _237_/X (sky130_fd_sc_hd__buf_1)
                                         _004_ (net)
                  0.07    0.00    1.38 v _343_/D (sky130_fd_sc_hd__dfrtp_4)
                                  1.38   data arrival time

                          0.00    0.00   clock core_clock (rise edge)
                          0.00    0.00   clock source latency
     1    0.02    0.00    0.00    0.00 ^ clk (in)
                                         clk (net)
                  0.00    0.00    0.00 ^ clkbuf_0_clk/A (sky130_fd_sc_hd__clkbuf_16)
     4    0.05    0.07    0.14    0.14 ^ clkbuf_0_clk/X (sky130_fd_sc_hd__clkbuf_16)
                                         clknet_0_clk (net)
                  0.07    0.00    0.14 ^ clkbuf_2_1__f_clk/A (sky130_fd_sc_hd__clkbuf_16)
     9    0.03    0.05    0.15    0.28 ^ clkbuf_2_1__f_clk/X (sky130_fd_sc_hd__clkbuf_16)
                                         clknet_2_1__leaf_clk (net)
                  0.05    0.00    0.28 ^ _343_/CLK (sky130_fd_sc_hd__dfrtp_4)
                          0.00    0.28   clock reconvergence pessimism
                         -0.05    0.23   library hold time
                                  0.23   data required time
-----------------------------------------------------------------------------
                                  0.23   data required time
                                 -1.38   data arrival time
-----------------------------------------------------------------------------
                                  1.15   slack (MET)


Startpoint: _334_ (rising edge-triggered flip-flop clocked by core_clock)
Endpoint: _334_ (rising edge-triggered flip-flop clocked by core_clock)
Path Group: core_clock
Path Type: min

Fanout     Cap    Slew   Delay    Time   Description
-----------------------------------------------------------------------------
                          0.00    0.00   clock core_clock (rise edge)
                          0.00    0.00   clock source latency
     1    0.02    0.00    0.00    0.00 ^ clk (in)
                                         clk (net)
                  0.00    0.00    0.00 ^ clkbuf_0_clk/A (sky130_fd_sc_hd__clkbuf_16)
     4    0.05    0.07    0.14    0.14 ^ clkbuf_0_clk/X (sky130_fd_sc_hd__clkbuf_16)
                                         clknet_0_clk (net)
                  0.07    0.00    0.14 ^ clkbuf_2_3__f_clk/A (sky130_fd_sc_hd__clkbuf_16)
    10    0.04    0.06    0.15    0.29 ^ clkbuf_2_3__f_clk/X (sky130_fd_sc_hd__clkbuf_16)
                                         clknet_2_3__leaf_clk (net)
                  0.06    0.00    0.29 ^ _334_/CLK (sky130_fd_sc_hd__dfrtp_4)
     5    0.06    0.18    0.52    0.81 ^ _334_/Q (sky130_fd_sc_hd__dfrtp_4)
                                         one_second_counter[4] (net)
                  0.18    0.01    0.82 ^ _203_/A (sky130_fd_sc_hd__nand2_2)
     1    0.03    0.12    0.14    0.96 v _203_/Y (sky130_fd_sc_hd__nand2_2)
                                         _096_ (net)
                  0.12    0.00    0.96 v _205_/B (sky130_fd_sc_hd__and3_1)
     1    0.01    0.08    0.24    1.20 v _205_/X (sky130_fd_sc_hd__and3_1)
                                         _098_ (net)
                  0.08    0.00    1.20 v _206_/A (sky130_fd_sc_hd__dlymetal6s2s_1)
     1    0.02    0.09    0.20    1.40 v _206_/X (sky130_fd_sc_hd__dlymetal6s2s_1)
                                         _021_ (net)
                  0.09    0.00    1.40 v _334_/D (sky130_fd_sc_hd__dfrtp_4)
                                  1.40   data arrival time

                          0.00    0.00   clock core_clock (rise edge)
                          0.00    0.00   clock source latency
     1    0.02    0.00    0.00    0.00 ^ clk (in)
                                         clk (net)
                  0.00    0.00    0.00 ^ clkbuf_0_clk/A (sky130_fd_sc_hd__clkbuf_16)
     4    0.05    0.07    0.14    0.14 ^ clkbuf_0_clk/X (sky130_fd_sc_hd__clkbuf_16)
                                         clknet_0_clk (net)
                  0.07    0.00    0.14 ^ clkbuf_2_3__f_clk/A (sky130_fd_sc_hd__clkbuf_16)
    10    0.04    0.06    0.15    0.29 ^ clkbuf_2_3__f_clk/X (sky130_fd_sc_hd__clkbuf_16)
                                         clknet_2_3__leaf_clk (net)
                  0.06    0.00    0.29 ^ _334_/CLK (sky130_fd_sc_hd__dfrtp_4)
                          0.00    0.29   clock reconvergence pessimism
                         -0.06    0.23   library hold time
                                  0.23   data required time
-----------------------------------------------------------------------------
                                  0.23   data required time
                                 -1.40   data arrival time
-----------------------------------------------------------------------------
                                  1.17   slack (MET)


Startpoint: _342_ (rising edge-triggered flip-flop clocked by core_clock)
Endpoint: _342_ (rising edge-triggered flip-flop clocked by core_clock)
Path Group: core_clock
Path Type: min

Fanout     Cap    Slew   Delay    Time   Description
-----------------------------------------------------------------------------
                          0.00    0.00   clock core_clock (rise edge)
                          0.00    0.00   clock source latency
     1    0.02    0.00    0.00    0.00 ^ clk (in)
                                         clk (net)
                  0.00    0.00    0.00 ^ clkbuf_0_clk/A (sky130_fd_sc_hd__clkbuf_16)
     4    0.05    0.07    0.14    0.14 ^ clkbuf_0_clk/X (sky130_fd_sc_hd__clkbuf_16)
                                         clknet_0_clk (net)
                  0.07    0.00    0.14 ^ clkbuf_2_1__f_clk/A (sky130_fd_sc_hd__clkbuf_16)
     9    0.03    0.05    0.15    0.28 ^ clkbuf_2_1__f_clk/X (sky130_fd_sc_hd__clkbuf_16)
                                         clknet_2_1__leaf_clk (net)
                  0.05    0.00    0.28 ^ _342_/CLK (sky130_fd_sc_hd__dfrtp_4)
     5    0.05    0.16    0.50    0.79 ^ _342_/Q (sky130_fd_sc_hd__dfrtp_4)
                                         one_second_counter[12] (net)
                  0.16    0.00    0.79 ^ _231_/A (sky130_fd_sc_hd__nand2_1)
     1    0.02    0.12    0.15    0.93 v _231_/Y (sky130_fd_sc_hd__nand2_1)
                                         _116_ (net)
                  0.12    0.00    0.93 v _232_/C (sky130_fd_sc_hd__and3_2)
     1    0.03    0.09    0.31    1.24 v _232_/X (sky130_fd_sc_hd__and3_2)
                                         _117_ (net)
                  0.09    0.00    1.24 v _233_/A (sky130_fd_sc_hd__buf_1)
     1    0.01    0.08    0.15    1.40 v _233_/X (sky130_fd_sc_hd__buf_1)
                                         _003_ (net)
                  0.08    0.00    1.40 v _342_/D (sky130_fd_sc_hd__dfrtp_4)
                                  1.40   data arrival time

                          0.00    0.00   clock core_clock (rise edge)
                          0.00    0.00   clock source latency
     1    0.02    0.00    0.00    0.00 ^ clk (in)
                                         clk (net)
                  0.00    0.00    0.00 ^ clkbuf_0_clk/A (sky130_fd_sc_hd__clkbuf_16)
     4    0.05    0.07    0.14    0.14 ^ clkbuf_0_clk/X (sky130_fd_sc_hd__clkbuf_16)
                                         clknet_0_clk (net)
                  0.07    0.00    0.14 ^ clkbuf_2_1__f_clk/A (sky130_fd_sc_hd__clkbuf_16)
     9    0.03    0.05    0.15    0.28 ^ clkbuf_2_1__f_clk/X (sky130_fd_sc_hd__clkbuf_16)
                                         clknet_2_1__leaf_clk (net)
                  0.05    0.00    0.28 ^ _342_/CLK (sky130_fd_sc_hd__dfrtp_4)
                          0.00    0.28   clock reconvergence pessimism
                         -0.05    0.23   library hold time
                                  0.23   data required time
-----------------------------------------------------------------------------
                                  0.23   data required time
                                 -1.40   data arrival time
-----------------------------------------------------------------------------
                                  1.17   slack (MET)


Startpoint: _356_ (rising edge-triggered flip-flop clocked by core_clock)
Endpoint: _357_ (rising edge-triggered flip-flop clocked by core_clock)
Path Group: core_clock
Path Type: min

Fanout     Cap    Slew   Delay    Time   Description
-----------------------------------------------------------------------------
                          0.00    0.00   clock core_clock (rise edge)
                          0.00    0.00   clock source latency
     1    0.02    0.00    0.00    0.00 ^ clk (in)
                                         clk (net)
                  0.00    0.00    0.00 ^ clkbuf_0_clk/A (sky130_fd_sc_hd__clkbuf_16)
     4    0.05    0.07    0.14    0.14 ^ clkbuf_0_clk/X (sky130_fd_sc_hd__clkbuf_16)
                                         clknet_0_clk (net)
                  0.07    0.00    0.14 ^ clkbuf_2_3__f_clk/A (sky130_fd_sc_hd__clkbuf_16)
    10    0.04    0.06    0.15    0.29 ^ clkbuf_2_3__f_clk/X (sky130_fd_sc_hd__clkbuf_16)
                                         clknet_2_3__leaf_clk (net)
                  0.06    0.00    0.29 ^ _356_/CLK (sky130_fd_sc_hd__dfrtp_2)
     2    0.02    0.08    0.44    0.73 v _356_/Q (sky130_fd_sc_hd__dfrtp_2)
                                         one_second_counter[26] (net)
                  0.08    0.00    0.73 v _187_/B1_N (sky130_fd_sc_hd__a21bo_4)
     9    0.08    0.25    0.34    1.07 ^ _187_/X (sky130_fd_sc_hd__a21bo_4)
                                         _085_ (net)
                  0.25    0.01    1.08 ^ _188_/A (sky130_fd_sc_hd__inv_2)
     2    0.03    0.11    0.14    1.22 v _188_/Y (sky130_fd_sc_hd__inv_2)
                                         _086_ (net)
                  0.11    0.00    1.22 v _189_/A (sky130_fd_sc_hd__buf_8)
    10    0.10    0.08    0.20    1.41 v _189_/X (sky130_fd_sc_hd__buf_8)
                                         _027_ (net)
                  0.08    0.00    1.42 v _357_/D (sky130_fd_sc_hd__dfrtp_4)
                                  1.42   data arrival time

                          0.00    0.00   clock core_clock (rise edge)
                          0.00    0.00   clock source latency
     1    0.02    0.00    0.00    0.00 ^ clk (in)
                                         clk (net)
                  0.00    0.00    0.00 ^ clkbuf_0_clk/A (sky130_fd_sc_hd__clkbuf_16)
     4    0.05    0.07    0.14    0.14 ^ clkbuf_0_clk/X (sky130_fd_sc_hd__clkbuf_16)
                                         clknet_0_clk (net)
                  0.07    0.00    0.14 ^ clkbuf_2_1__f_clk/A (sky130_fd_sc_hd__clkbuf_16)
     9    0.03    0.05    0.15    0.28 ^ clkbuf_2_1__f_clk/X (sky130_fd_sc_hd__clkbuf_16)
                                         clknet_2_1__leaf_clk (net)
                  0.05    0.00    0.28 ^ _357_/CLK (sky130_fd_sc_hd__dfrtp_4)
                          0.00    0.28   clock reconvergence pessimism
                         -0.05    0.23   library hold time
                                  0.23   data required time
-----------------------------------------------------------------------------
                                  0.23   data required time
                                 -1.42   data arrival time
-----------------------------------------------------------------------------
                                  1.19   slack (MET)


Startpoint: _346_ (rising edge-triggered flip-flop clocked by core_clock)
Endpoint: _346_ (rising edge-triggered flip-flop clocked by core_clock)
Path Group: core_clock
Path Type: min

Fanout     Cap    Slew   Delay    Time   Description
-----------------------------------------------------------------------------
                          0.00    0.00   clock core_clock (rise edge)
                          0.00    0.00   clock source latency
     1    0.02    0.00    0.00    0.00 ^ clk (in)
                                         clk (net)
                  0.00    0.00    0.00 ^ clkbuf_0_clk/A (sky130_fd_sc_hd__clkbuf_16)
     4    0.05    0.07    0.14    0.14 ^ clkbuf_0_clk/X (sky130_fd_sc_hd__clkbuf_16)
                                         clknet_0_clk (net)
                  0.07    0.00    0.14 ^ clkbuf_2_1__f_clk/A (sky130_fd_sc_hd__clkbuf_16)
     9    0.03    0.05    0.15    0.28 ^ clkbuf_2_1__f_clk/X (sky130_fd_sc_hd__clkbuf_16)
                                         clknet_2_1__leaf_clk (net)
                  0.05    0.00    0.28 ^ _346_/CLK (sky130_fd_sc_hd__dfrtp_4)
     6    0.05    0.17    0.51    0.80 ^ _346_/Q (sky130_fd_sc_hd__dfrtp_4)
                                         one_second_counter[16] (net)
                  0.17    0.01    0.80 ^ _248_/A (sky130_fd_sc_hd__nand2_4)
     3    0.03    0.09    0.12    0.92 v _248_/Y (sky130_fd_sc_hd__nand2_4)
                                         _129_ (net)
                  0.09    0.00    0.92 v _249_/C (sky130_fd_sc_hd__and3_2)
     1    0.03    0.09    0.29    1.21 v _249_/X (sky130_fd_sc_hd__and3_2)
                                         _130_ (net)
                  0.09    0.00    1.21 v _250_/A (sky130_fd_sc_hd__buf_2)
     1    0.03    0.09    0.20    1.41 v _250_/X (sky130_fd_sc_hd__buf_2)
                                         _007_ (net)
                  0.09    0.01    1.42 v _346_/D (sky130_fd_sc_hd__dfrtp_4)
                                  1.42   data arrival time

                          0.00    0.00   clock core_clock (rise edge)
                          0.00    0.00   clock source latency
     1    0.02    0.00    0.00    0.00 ^ clk (in)
                                         clk (net)
                  0.00    0.00    0.00 ^ clkbuf_0_clk/A (sky130_fd_sc_hd__clkbuf_16)
     4    0.05    0.07    0.14    0.14 ^ clkbuf_0_clk/X (sky130_fd_sc_hd__clkbuf_16)
                                         clknet_0_clk (net)
                  0.07    0.00    0.14 ^ clkbuf_2_1__f_clk/A (sky130_fd_sc_hd__clkbuf_16)
     9    0.03    0.05    0.15    0.28 ^ clkbuf_2_1__f_clk/X (sky130_fd_sc_hd__clkbuf_16)
                                         clknet_2_1__leaf_clk (net)
                  0.05    0.00    0.28 ^ _346_/CLK (sky130_fd_sc_hd__dfrtp_4)
                          0.00    0.28   clock reconvergence pessimism
                         -0.06    0.23   library hold time
                                  0.23   data required time
-----------------------------------------------------------------------------
                                  0.23   data required time
                                 -1.42   data arrival time
-----------------------------------------------------------------------------
                                  1.19   slack (MET)


Startpoint: _349_ (rising edge-triggered flip-flop clocked by core_clock)
Endpoint: _349_ (rising edge-triggered flip-flop clocked by core_clock)
Path Group: core_clock
Path Type: min

Fanout     Cap    Slew   Delay    Time   Description
-----------------------------------------------------------------------------
                          0.00    0.00   clock core_clock (rise edge)
                          0.00    0.00   clock source latency
     1    0.02    0.00    0.00    0.00 ^ clk (in)
                                         clk (net)
                  0.00    0.00    0.00 ^ clkbuf_0_clk/A (sky130_fd_sc_hd__clkbuf_16)
     4    0.05    0.07    0.14    0.14 ^ clkbuf_0_clk/X (sky130_fd_sc_hd__clkbuf_16)
                                         clknet_0_clk (net)
                  0.07    0.00    0.14 ^ clkbuf_2_1__f_clk/A (sky130_fd_sc_hd__clkbuf_16)
     9    0.03    0.05    0.15    0.28 ^ clkbuf_2_1__f_clk/X (sky130_fd_sc_hd__clkbuf_16)
                                         clknet_2_1__leaf_clk (net)
                  0.05    0.00    0.28 ^ _349_/CLK (sky130_fd_sc_hd__dfrtp_4)
     4    0.05    0.16    0.49    0.78 ^ _349_/Q (sky130_fd_sc_hd__dfrtp_4)
                                         one_second_counter[19] (net)
                  0.16    0.01    0.78 ^ _256_/B1 (sky130_fd_sc_hd__a41o_2)
     1    0.02    0.12    0.19    0.97 ^ _256_/X (sky130_fd_sc_hd__a41o_2)
                                         _134_ (net)
                  0.12    0.00    0.98 ^ _260_/B (sky130_fd_sc_hd__and3_2)
     1    0.02    0.13    0.26    1.24 ^ _260_/X (sky130_fd_sc_hd__and3_2)
                                         _138_ (net)
                  0.13    0.00    1.24 ^ _261_/A (sky130_fd_sc_hd__buf_1)
     1    0.01    0.16    0.19    1.43 ^ _261_/X (sky130_fd_sc_hd__buf_1)
                                         _010_ (net)
                  0.16    0.00    1.43 ^ _349_/D (sky130_fd_sc_hd__dfrtp_4)
                                  1.43   data arrival time

                          0.00    0.00   clock core_clock (rise edge)
                          0.00    0.00   clock source latency
     1    0.02    0.00    0.00    0.00 ^ clk (in)
                                         clk (net)
                  0.00    0.00    0.00 ^ clkbuf_0_clk/A (sky130_fd_sc_hd__clkbuf_16)
     4    0.05    0.07    0.14    0.14 ^ clkbuf_0_clk/X (sky130_fd_sc_hd__clkbuf_16)
                                         clknet_0_clk (net)
                  0.07    0.00    0.14 ^ clkbuf_2_1__f_clk/A (sky130_fd_sc_hd__clkbuf_16)
     9    0.03    0.05    0.15    0.28 ^ clkbuf_2_1__f_clk/X (sky130_fd_sc_hd__clkbuf_16)
                                         clknet_2_1__leaf_clk (net)
                  0.05    0.00    0.28 ^ _349_/CLK (sky130_fd_sc_hd__dfrtp_4)
                          0.00    0.28   clock reconvergence pessimism
                         -0.06    0.23   library hold time
                                  0.23   data required time
-----------------------------------------------------------------------------
                                  0.23   data required time
                                 -1.43   data arrival time
-----------------------------------------------------------------------------
                                  1.20   slack (MET)


Startpoint: _344_ (rising edge-triggered flip-flop clocked by core_clock)
Endpoint: _344_ (rising edge-triggered flip-flop clocked by core_clock)
Path Group: core_clock
Path Type: min

Fanout     Cap    Slew   Delay    Time   Description
-----------------------------------------------------------------------------
                          0.00    0.00   clock core_clock (rise edge)
                          0.00    0.00   clock source latency
     1    0.02    0.00    0.00    0.00 ^ clk (in)
                                         clk (net)
                  0.00    0.00    0.00 ^ clkbuf_0_clk/A (sky130_fd_sc_hd__clkbuf_16)
     4    0.05    0.07    0.14    0.14 ^ clkbuf_0_clk/X (sky130_fd_sc_hd__clkbuf_16)
                                         clknet_0_clk (net)
                  0.07    0.00    0.14 ^ clkbuf_2_3__f_clk/A (sky130_fd_sc_hd__clkbuf_16)
    10    0.04    0.06    0.15    0.29 ^ clkbuf_2_3__f_clk/X (sky130_fd_sc_hd__clkbuf_16)
                                         clknet_2_3__leaf_clk (net)
                  0.06    0.00    0.29 ^ _344_/CLK (sky130_fd_sc_hd__dfrtp_4)
     3    0.03    0.12    0.47    0.76 ^ _344_/Q (sky130_fd_sc_hd__dfrtp_4)
                                         one_second_counter[14] (net)
                  0.12    0.00    0.77 ^ _238_/A (sky130_fd_sc_hd__inv_2)
     2    0.03    0.08    0.10    0.86 v _238_/Y (sky130_fd_sc_hd__inv_2)
                                         _121_ (net)
                  0.08    0.00    0.87 v _239_/A (sky130_fd_sc_hd__nand2_2)
     1    0.02    0.10    0.12    0.98 ^ _239_/Y (sky130_fd_sc_hd__nand2_2)
                                         _122_ (net)
                  0.10    0.00    0.99 ^ _241_/B (sky130_fd_sc_hd__and3_2)
     1    0.02    0.13    0.26    1.25 ^ _241_/X (sky130_fd_sc_hd__and3_2)
                                         _124_ (net)
                  0.13    0.00    1.25 ^ _242_/A (sky130_fd_sc_hd__clkbuf_2)
     1    0.02    0.13    0.20    1.45 ^ _242_/X (sky130_fd_sc_hd__clkbuf_2)
                                         _005_ (net)
                  0.13    0.00    1.45 ^ _344_/D (sky130_fd_sc_hd__dfrtp_4)
                                  1.45   data arrival time

                          0.00    0.00   clock core_clock (rise edge)
                          0.00    0.00   clock source latency
     1    0.02    0.00    0.00    0.00 ^ clk (in)
                                         clk (net)
                  0.00    0.00    0.00 ^ clkbuf_0_clk/A (sky130_fd_sc_hd__clkbuf_16)
     4    0.05    0.07    0.14    0.14 ^ clkbuf_0_clk/X (sky130_fd_sc_hd__clkbuf_16)
                                         clknet_0_clk (net)
                  0.07    0.00    0.14 ^ clkbuf_2_3__f_clk/A (sky130_fd_sc_hd__clkbuf_16)
    10    0.04    0.06    0.15    0.29 ^ clkbuf_2_3__f_clk/X (sky130_fd_sc_hd__clkbuf_16)
                                         clknet_2_3__leaf_clk (net)
                  0.06    0.00    0.29 ^ _344_/CLK (sky130_fd_sc_hd__dfrtp_4)
                          0.00    0.29   clock reconvergence pessimism
                         -0.05    0.24   library hold time
                                  0.24   data required time
-----------------------------------------------------------------------------
                                  0.24   data required time
                                 -1.45   data arrival time
-----------------------------------------------------------------------------
                                  1.21   slack (MET)


Startpoint: _340_ (rising edge-triggered flip-flop clocked by core_clock)
Endpoint: _340_ (rising edge-triggered flip-flop clocked by core_clock)
Path Group: core_clock
Path Type: min

Fanout     Cap    Slew   Delay    Time   Description
-----------------------------------------------------------------------------
                          0.00    0.00   clock core_clock (rise edge)
                          0.00    0.00   clock source latency
     1    0.02    0.00    0.00    0.00 ^ clk (in)
                                         clk (net)
                  0.00    0.00    0.00 ^ clkbuf_0_clk/A (sky130_fd_sc_hd__clkbuf_16)
     4    0.05    0.07    0.14    0.14 ^ clkbuf_0_clk/X (sky130_fd_sc_hd__clkbuf_16)
                                         clknet_0_clk (net)
                  0.07    0.00    0.14 ^ clkbuf_2_3__f_clk/A (sky130_fd_sc_hd__clkbuf_16)
    10    0.04    0.06    0.15    0.29 ^ clkbuf_2_3__f_clk/X (sky130_fd_sc_hd__clkbuf_16)
                                         clknet_2_3__leaf_clk (net)
                  0.06    0.00    0.29 ^ _340_/CLK (sky130_fd_sc_hd__dfrtp_4)
     6    0.05    0.16    0.50    0.80 ^ _340_/Q (sky130_fd_sc_hd__dfrtp_4)
                                         one_second_counter[10] (net)
                  0.16    0.00    0.80 ^ _224_/A (sky130_fd_sc_hd__nand2_1)
     1    0.02    0.12    0.15    0.95 v _224_/Y (sky130_fd_sc_hd__nand2_1)
                                         _111_ (net)
                  0.12    0.00    0.95 v _225_/C (sky130_fd_sc_hd__and3_2)
     1    0.02    0.08    0.29    1.24 v _225_/X (sky130_fd_sc_hd__and3_2)
                                         _112_ (net)
                  0.08    0.00    1.24 v _226_/A (sky130_fd_sc_hd__dlymetal6s2s_1)
     1    0.02    0.09    0.20    1.44 v _226_/X (sky130_fd_sc_hd__dlymetal6s2s_1)
                                         _001_ (net)
                  0.09    0.00    1.44 v _340_/D (sky130_fd_sc_hd__dfrtp_4)
                                  1.44   data arrival time

                          0.00    0.00   clock core_clock (rise edge)
                          0.00    0.00   clock source latency
     1    0.02    0.00    0.00    0.00 ^ clk (in)
                                         clk (net)
                  0.00    0.00    0.00 ^ clkbuf_0_clk/A (sky130_fd_sc_hd__clkbuf_16)
     4    0.05    0.07    0.14    0.14 ^ clkbuf_0_clk/X (sky130_fd_sc_hd__clkbuf_16)
                                         clknet_0_clk (net)
                  0.07    0.00    0.14 ^ clkbuf_2_3__f_clk/A (sky130_fd_sc_hd__clkbuf_16)
    10    0.04    0.06    0.15    0.29 ^ clkbuf_2_3__f_clk/X (sky130_fd_sc_hd__clkbuf_16)
                                         clknet_2_3__leaf_clk (net)
                  0.06    0.00    0.29 ^ _340_/CLK (sky130_fd_sc_hd__dfrtp_4)
                          0.00    0.29   clock reconvergence pessimism
                         -0.06    0.23   library hold time
                                  0.23   data required time
-----------------------------------------------------------------------------
                                  0.23   data required time
                                 -1.44   data arrival time
-----------------------------------------------------------------------------
                                  1.21   slack (MET)



worst slack corner Typical: 0.6607
min_report_end
max_report

===========================================================================
report_checks -path_delay max (Setup)
============================================================================
======================= Typical Corner ===================================

Startpoint: _343_ (rising edge-triggered flip-flop clocked by core_clock)
Endpoint: _346_ (rising edge-triggered flip-flop clocked by core_clock)
Path Group: core_clock
Path Type: max

Fanout     Cap    Slew   Delay    Time   Description
-----------------------------------------------------------------------------
                          0.00    0.00   clock core_clock (rise edge)
                          0.00    0.00   clock source latency
     1    0.02    0.00    0.00    0.00 ^ clk (in)
                                         clk (net)
                  0.00    0.00    0.00 ^ clkbuf_0_clk/A (sky130_fd_sc_hd__clkbuf_16)
     4    0.05    0.07    0.14    0.14 ^ clkbuf_0_clk/X (sky130_fd_sc_hd__clkbuf_16)
                                         clknet_0_clk (net)
                  0.07    0.00    0.14 ^ clkbuf_2_1__f_clk/A (sky130_fd_sc_hd__clkbuf_16)
     9    0.03    0.05    0.15    0.28 ^ clkbuf_2_1__f_clk/X (sky130_fd_sc_hd__clkbuf_16)
                                         clknet_2_1__leaf_clk (net)
                  0.05    0.00    0.28 ^ _343_/CLK (sky130_fd_sc_hd__dfrtp_4)
     4    0.05    0.12    0.55    0.83 v _343_/Q (sky130_fd_sc_hd__dfrtp_4)
                                         one_second_counter[13] (net)
                  0.12    0.00    0.84 v _180_/D (sky130_fd_sc_hd__and4_2)
     2    0.02    0.07    0.31    1.14 v _180_/X (sky130_fd_sc_hd__and4_2)
                                         _078_ (net)
                  0.07    0.00    1.15 v _181_/D (sky130_fd_sc_hd__or4_1)
     1    0.01    0.10    0.43    1.58 v _181_/X (sky130_fd_sc_hd__or4_1)
                                         _079_ (net)
                  0.10    0.00    1.58 v _184_/A3 (sky130_fd_sc_hd__o31a_2)
     1    0.02    0.09    0.36    1.94 v _184_/X (sky130_fd_sc_hd__o31a_2)
                                         _082_ (net)
                  0.09    0.00    1.94 v _186_/A2 (sky130_fd_sc_hd__o211ai_4)
     2    0.02    0.25    0.26    2.20 ^ _186_/Y (sky130_fd_sc_hd__o211ai_4)
                                         _084_ (net)
                  0.25    0.00    2.20 ^ _187_/A2 (sky130_fd_sc_hd__a21bo_4)
     9    0.08    0.26    0.32    2.52 ^ _187_/X (sky130_fd_sc_hd__a21bo_4)
                                         _085_ (net)
                  0.26    0.01    2.53 ^ _202_/A (sky130_fd_sc_hd__clkbuf_8)
    10    0.08    0.14    0.27    2.80 ^ _202_/X (sky130_fd_sc_hd__clkbuf_8)
                                         _095_ (net)
                  0.14    0.00    2.80 ^ _249_/A (sky130_fd_sc_hd__and3_2)
     1    0.03    0.16    0.29    3.09 ^ _249_/X (sky130_fd_sc_hd__and3_2)
                                         _130_ (net)
                  0.16    0.00    3.09 ^ _250_/A (sky130_fd_sc_hd__buf_2)
     1    0.03    0.17    0.23    3.33 ^ _250_/X (sky130_fd_sc_hd__buf_2)
                                         _007_ (net)
                  0.17    0.01    3.33 ^ _346_/D (sky130_fd_sc_hd__dfrtp_4)
                                  3.33   data arrival time

                         10.00   10.00   clock core_clock (rise edge)
                          0.00   10.00   clock source latency
     1    0.02    0.00    0.00   10.00 ^ clk (in)
                                         clk (net)
                  0.00    0.00   10.00 ^ clkbuf_0_clk/A (sky130_fd_sc_hd__clkbuf_16)
     4    0.05    0.07    0.14   10.14 ^ clkbuf_0_clk/X (sky130_fd_sc_hd__clkbuf_16)
                                         clknet_0_clk (net)
                  0.07    0.00   10.14 ^ clkbuf_2_1__f_clk/A (sky130_fd_sc_hd__clkbuf_16)
     9    0.03    0.05    0.15   10.28 ^ clkbuf_2_1__f_clk/X (sky130_fd_sc_hd__clkbuf_16)
                                         clknet_2_1__leaf_clk (net)
                  0.05    0.00   10.28 ^ _346_/CLK (sky130_fd_sc_hd__dfrtp_4)
                          0.00   10.28   clock reconvergence pessimism
                         -0.09   10.19   library setup time
                                 10.19   data required time
-----------------------------------------------------------------------------
                                 10.19   data required time
                                 -3.33   data arrival time
-----------------------------------------------------------------------------
                                  6.86   slack (MET)


Startpoint: _343_ (rising edge-triggered flip-flop clocked by core_clock)
Endpoint: _354_ (rising edge-triggered flip-flop clocked by core_clock)
Path Group: core_clock
Path Type: max

Fanout     Cap    Slew   Delay    Time   Description
-----------------------------------------------------------------------------
                          0.00    0.00   clock core_clock (rise edge)
                          0.00    0.00   clock source latency
     1    0.02    0.00    0.00    0.00 ^ clk (in)
                                         clk (net)
                  0.00    0.00    0.00 ^ clkbuf_0_clk/A (sky130_fd_sc_hd__clkbuf_16)
     4    0.05    0.07    0.14    0.14 ^ clkbuf_0_clk/X (sky130_fd_sc_hd__clkbuf_16)
                                         clknet_0_clk (net)
                  0.07    0.00    0.14 ^ clkbuf_2_1__f_clk/A (sky130_fd_sc_hd__clkbuf_16)
     9    0.03    0.05    0.15    0.28 ^ clkbuf_2_1__f_clk/X (sky130_fd_sc_hd__clkbuf_16)
                                         clknet_2_1__leaf_clk (net)
                  0.05    0.00    0.28 ^ _343_/CLK (sky130_fd_sc_hd__dfrtp_4)
     4    0.05    0.12    0.55    0.83 v _343_/Q (sky130_fd_sc_hd__dfrtp_4)
                                         one_second_counter[13] (net)
                  0.12    0.00    0.84 v _180_/D (sky130_fd_sc_hd__and4_2)
     2    0.02    0.07    0.31    1.14 v _180_/X (sky130_fd_sc_hd__and4_2)
                                         _078_ (net)
                  0.07    0.00    1.15 v _181_/D (sky130_fd_sc_hd__or4_1)
     1    0.01    0.10    0.43    1.58 v _181_/X (sky130_fd_sc_hd__or4_1)
                                         _079_ (net)
                  0.10    0.00    1.58 v _184_/A3 (sky130_fd_sc_hd__o31a_2)
     1    0.02    0.09    0.36    1.94 v _184_/X (sky130_fd_sc_hd__o31a_2)
                                         _082_ (net)
                  0.09    0.00    1.94 v _186_/A2 (sky130_fd_sc_hd__o211ai_4)
     2    0.02    0.25    0.26    2.20 ^ _186_/Y (sky130_fd_sc_hd__o211ai_4)
                                         _084_ (net)
                  0.25    0.00    2.20 ^ _187_/A2 (sky130_fd_sc_hd__a21bo_4)
     9    0.08    0.26    0.32    2.52 ^ _187_/X (sky130_fd_sc_hd__a21bo_4)
                                         _085_ (net)
                  0.26    0.01    2.53 ^ _188_/A (sky130_fd_sc_hd__inv_2)
     2    0.03    0.11    0.14    2.67 v _188_/Y (sky130_fd_sc_hd__inv_2)
                                         _086_ (net)
                  0.11    0.00    2.67 v _189_/A (sky130_fd_sc_hd__buf_8)
    10    0.10    0.08    0.20    2.86 v _189_/X (sky130_fd_sc_hd__buf_8)
                                         _027_ (net)
                  0.08    0.01    2.87 v _278_/A (sky130_fd_sc_hd__nor3_2)
     1    0.02    0.41    0.40    3.27 ^ _278_/Y (sky130_fd_sc_hd__nor3_2)
                                         _016_ (net)
                  0.41    0.00    3.27 ^ _354_/D (sky130_fd_sc_hd__dfrtp_4)
                                  3.27   data arrival time

                         10.00   10.00   clock core_clock (rise edge)
                          0.00   10.00   clock source latency
     1    0.02    0.00    0.00   10.00 ^ clk (in)
                                         clk (net)
                  0.00    0.00   10.00 ^ clkbuf_0_clk/A (sky130_fd_sc_hd__clkbuf_16)
     4    0.05    0.07    0.14   10.14 ^ clkbuf_0_clk/X (sky130_fd_sc_hd__clkbuf_16)
                                         clknet_0_clk (net)
                  0.07    0.00   10.14 ^ clkbuf_2_2__f_clk/A (sky130_fd_sc_hd__clkbuf_16)
     7    0.04    0.06    0.15   10.29 ^ clkbuf_2_2__f_clk/X (sky130_fd_sc_hd__clkbuf_16)
                                         clknet_2_2__leaf_clk (net)
                  0.06    0.00   10.29 ^ _354_/CLK (sky130_fd_sc_hd__dfrtp_4)
                          0.00   10.29   clock reconvergence pessimism
                         -0.15   10.14   library setup time
                                 10.14   data required time
-----------------------------------------------------------------------------
                                 10.14   data required time
                                 -3.27   data arrival time
-----------------------------------------------------------------------------
                                  6.87   slack (MET)


Startpoint: _343_ (rising edge-triggered flip-flop clocked by core_clock)
Endpoint: _342_ (rising edge-triggered flip-flop clocked by core_clock)
Path Group: core_clock
Path Type: max

Fanout     Cap    Slew   Delay    Time   Description
-----------------------------------------------------------------------------
                          0.00    0.00   clock core_clock (rise edge)
                          0.00    0.00   clock source latency
     1    0.02    0.00    0.00    0.00 ^ clk (in)
                                         clk (net)
                  0.00    0.00    0.00 ^ clkbuf_0_clk/A (sky130_fd_sc_hd__clkbuf_16)
     4    0.05    0.07    0.14    0.14 ^ clkbuf_0_clk/X (sky130_fd_sc_hd__clkbuf_16)
                                         clknet_0_clk (net)
                  0.07    0.00    0.14 ^ clkbuf_2_1__f_clk/A (sky130_fd_sc_hd__clkbuf_16)
     9    0.03    0.05    0.15    0.28 ^ clkbuf_2_1__f_clk/X (sky130_fd_sc_hd__clkbuf_16)
                                         clknet_2_1__leaf_clk (net)
                  0.05    0.00    0.28 ^ _343_/CLK (sky130_fd_sc_hd__dfrtp_4)
     4    0.05    0.12    0.55    0.83 v _343_/Q (sky130_fd_sc_hd__dfrtp_4)
                                         one_second_counter[13] (net)
                  0.12    0.00    0.84 v _180_/D (sky130_fd_sc_hd__and4_2)
     2    0.02    0.07    0.31    1.14 v _180_/X (sky130_fd_sc_hd__and4_2)
                                         _078_ (net)
                  0.07    0.00    1.15 v _181_/D (sky130_fd_sc_hd__or4_1)
     1    0.01    0.10    0.43    1.58 v _181_/X (sky130_fd_sc_hd__or4_1)
                                         _079_ (net)
                  0.10    0.00    1.58 v _184_/A3 (sky130_fd_sc_hd__o31a_2)
     1    0.02    0.09    0.36    1.94 v _184_/X (sky130_fd_sc_hd__o31a_2)
                                         _082_ (net)
                  0.09    0.00    1.94 v _186_/A2 (sky130_fd_sc_hd__o211ai_4)
     2    0.02    0.25    0.26    2.20 ^ _186_/Y (sky130_fd_sc_hd__o211ai_4)
                                         _084_ (net)
                  0.25    0.00    2.20 ^ _187_/A2 (sky130_fd_sc_hd__a21bo_4)
     9    0.08    0.26    0.32    2.52 ^ _187_/X (sky130_fd_sc_hd__a21bo_4)
                                         _085_ (net)
                  0.26    0.01    2.53 ^ _202_/A (sky130_fd_sc_hd__clkbuf_8)
    10    0.08    0.14    0.27    2.80 ^ _202_/X (sky130_fd_sc_hd__clkbuf_8)
                                         _095_ (net)
                  0.14    0.01    2.81 ^ _232_/A (sky130_fd_sc_hd__and3_2)
     1    0.03    0.16    0.29    3.09 ^ _232_/X (sky130_fd_sc_hd__and3_2)
                                         _117_ (net)
                  0.16    0.00    3.10 ^ _233_/A (sky130_fd_sc_hd__buf_1)
     1    0.01    0.16    0.19    3.29 ^ _233_/X (sky130_fd_sc_hd__buf_1)
                                         _003_ (net)
                  0.16    0.00    3.29 ^ _342_/D (sky130_fd_sc_hd__dfrtp_4)
                                  3.29   data arrival time

                         10.00   10.00   clock core_clock (rise edge)
                          0.00   10.00   clock source latency
     1    0.02    0.00    0.00   10.00 ^ clk (in)
                                         clk (net)
                  0.00    0.00   10.00 ^ clkbuf_0_clk/A (sky130_fd_sc_hd__clkbuf_16)
     4    0.05    0.07    0.14   10.14 ^ clkbuf_0_clk/X (sky130_fd_sc_hd__clkbuf_16)
                                         clknet_0_clk (net)
                  0.07    0.00   10.14 ^ clkbuf_2_1__f_clk/A (sky130_fd_sc_hd__clkbuf_16)
     9    0.03    0.05    0.15   10.28 ^ clkbuf_2_1__f_clk/X (sky130_fd_sc_hd__clkbuf_16)
                                         clknet_2_1__leaf_clk (net)
                  0.05    0.00   10.28 ^ _342_/CLK (sky130_fd_sc_hd__dfrtp_4)
                          0.00   10.28   clock reconvergence pessimism
                         -0.09   10.20   library setup time
                                 10.20   data required time
-----------------------------------------------------------------------------
                                 10.20   data required time
                                 -3.29   data arrival time
-----------------------------------------------------------------------------
                                  6.91   slack (MET)


Startpoint: _343_ (rising edge-triggered flip-flop clocked by core_clock)
Endpoint: _340_ (rising edge-triggered flip-flop clocked by core_clock)
Path Group: core_clock
Path Type: max

Fanout     Cap    Slew   Delay    Time   Description
-----------------------------------------------------------------------------
                          0.00    0.00   clock core_clock (rise edge)
                          0.00    0.00   clock source latency
     1    0.02    0.00    0.00    0.00 ^ clk (in)
                                         clk (net)
                  0.00    0.00    0.00 ^ clkbuf_0_clk/A (sky130_fd_sc_hd__clkbuf_16)
     4    0.05    0.07    0.14    0.14 ^ clkbuf_0_clk/X (sky130_fd_sc_hd__clkbuf_16)
                                         clknet_0_clk (net)
                  0.07    0.00    0.14 ^ clkbuf_2_1__f_clk/A (sky130_fd_sc_hd__clkbuf_16)
     9    0.03    0.05    0.15    0.28 ^ clkbuf_2_1__f_clk/X (sky130_fd_sc_hd__clkbuf_16)
                                         clknet_2_1__leaf_clk (net)
                  0.05    0.00    0.28 ^ _343_/CLK (sky130_fd_sc_hd__dfrtp_4)
     4    0.05    0.12    0.55    0.83 v _343_/Q (sky130_fd_sc_hd__dfrtp_4)
                                         one_second_counter[13] (net)
                  0.12    0.00    0.84 v _180_/D (sky130_fd_sc_hd__and4_2)
     2    0.02    0.07    0.31    1.14 v _180_/X (sky130_fd_sc_hd__and4_2)
                                         _078_ (net)
                  0.07    0.00    1.15 v _181_/D (sky130_fd_sc_hd__or4_1)
     1    0.01    0.10    0.43    1.58 v _181_/X (sky130_fd_sc_hd__or4_1)
                                         _079_ (net)
                  0.10    0.00    1.58 v _184_/A3 (sky130_fd_sc_hd__o31a_2)
     1    0.02    0.09    0.36    1.94 v _184_/X (sky130_fd_sc_hd__o31a_2)
                                         _082_ (net)
                  0.09    0.00    1.94 v _186_/A2 (sky130_fd_sc_hd__o211ai_4)
     2    0.02    0.25    0.26    2.20 ^ _186_/Y (sky130_fd_sc_hd__o211ai_4)
                                         _084_ (net)
                  0.25    0.00    2.20 ^ _187_/A2 (sky130_fd_sc_hd__a21bo_4)
     9    0.08    0.26    0.32    2.52 ^ _187_/X (sky130_fd_sc_hd__a21bo_4)
                                         _085_ (net)
                  0.26    0.01    2.53 ^ _202_/A (sky130_fd_sc_hd__clkbuf_8)
    10    0.08    0.14    0.27    2.80 ^ _202_/X (sky130_fd_sc_hd__clkbuf_8)
                                         _095_ (net)
                  0.14    0.01    2.81 ^ _225_/A (sky130_fd_sc_hd__and3_2)
     1    0.02    0.13    0.27    3.07 ^ _225_/X (sky130_fd_sc_hd__and3_2)
                                         _112_ (net)
                  0.13    0.00    3.08 ^ _226_/A (sky130_fd_sc_hd__dlymetal6s2s_1)
     1    0.02    0.18    0.21    3.29 ^ _226_/X (sky130_fd_sc_hd__dlymetal6s2s_1)
                                         _001_ (net)
                  0.18    0.00    3.29 ^ _340_/D (sky130_fd_sc_hd__dfrtp_4)
                                  3.29   data arrival time

                         10.00   10.00   clock core_clock (rise edge)
                          0.00   10.00   clock source latency
     1    0.02    0.00    0.00   10.00 ^ clk (in)
                                         clk (net)
                  0.00    0.00   10.00 ^ clkbuf_0_clk/A (sky130_fd_sc_hd__clkbuf_16)
     4    0.05    0.07    0.14   10.14 ^ clkbuf_0_clk/X (sky130_fd_sc_hd__clkbuf_16)
                                         clknet_0_clk (net)
                  0.07    0.00   10.14 ^ clkbuf_2_3__f_clk/A (sky130_fd_sc_hd__clkbuf_16)
    10    0.04    0.06    0.15   10.29 ^ clkbuf_2_3__f_clk/X (sky130_fd_sc_hd__clkbuf_16)
                                         clknet_2_3__leaf_clk (net)
                  0.06    0.00   10.29 ^ _340_/CLK (sky130_fd_sc_hd__dfrtp_4)
                          0.00   10.29   clock reconvergence pessimism
                         -0.09   10.20   library setup time
                                 10.20   data required time
-----------------------------------------------------------------------------
                                 10.20   data required time
                                 -3.29   data arrival time
-----------------------------------------------------------------------------
                                  6.91   slack (MET)


Startpoint: _343_ (rising edge-triggered flip-flop clocked by core_clock)
Endpoint: _343_ (rising edge-triggered flip-flop clocked by core_clock)
Path Group: core_clock
Path Type: max

Fanout     Cap    Slew   Delay    Time   Description
-----------------------------------------------------------------------------
                          0.00    0.00   clock core_clock (rise edge)
                          0.00    0.00   clock source latency
     1    0.02    0.00    0.00    0.00 ^ clk (in)
                                         clk (net)
                  0.00    0.00    0.00 ^ clkbuf_0_clk/A (sky130_fd_sc_hd__clkbuf_16)
     4    0.05    0.07    0.14    0.14 ^ clkbuf_0_clk/X (sky130_fd_sc_hd__clkbuf_16)
                                         clknet_0_clk (net)
                  0.07    0.00    0.14 ^ clkbuf_2_1__f_clk/A (sky130_fd_sc_hd__clkbuf_16)
     9    0.03    0.05    0.15    0.28 ^ clkbuf_2_1__f_clk/X (sky130_fd_sc_hd__clkbuf_16)
                                         clknet_2_1__leaf_clk (net)
                  0.05    0.00    0.28 ^ _343_/CLK (sky130_fd_sc_hd__dfrtp_4)
     4    0.05    0.12    0.55    0.83 v _343_/Q (sky130_fd_sc_hd__dfrtp_4)
                                         one_second_counter[13] (net)
                  0.12    0.00    0.84 v _180_/D (sky130_fd_sc_hd__and4_2)
     2    0.02    0.07    0.31    1.14 v _180_/X (sky130_fd_sc_hd__and4_2)
                                         _078_ (net)
                  0.07    0.00    1.15 v _181_/D (sky130_fd_sc_hd__or4_1)
     1    0.01    0.10    0.43    1.58 v _181_/X (sky130_fd_sc_hd__or4_1)
                                         _079_ (net)
                  0.10    0.00    1.58 v _184_/A3 (sky130_fd_sc_hd__o31a_2)
     1    0.02    0.09    0.36    1.94 v _184_/X (sky130_fd_sc_hd__o31a_2)
                                         _082_ (net)
                  0.09    0.00    1.94 v _186_/A2 (sky130_fd_sc_hd__o211ai_4)
     2    0.02    0.25    0.26    2.20 ^ _186_/Y (sky130_fd_sc_hd__o211ai_4)
                                         _084_ (net)
                  0.25    0.00    2.20 ^ _187_/A2 (sky130_fd_sc_hd__a21bo_4)
     9    0.08    0.26    0.32    2.52 ^ _187_/X (sky130_fd_sc_hd__a21bo_4)
                                         _085_ (net)
                  0.26    0.01    2.53 ^ _202_/A (sky130_fd_sc_hd__clkbuf_8)
    10    0.08    0.14    0.27    2.80 ^ _202_/X (sky130_fd_sc_hd__clkbuf_8)
                                         _095_ (net)
                  0.14    0.01    2.81 ^ _236_/A (sky130_fd_sc_hd__and3_2)
     1    0.03    0.17    0.29    3.10 ^ _236_/X (sky130_fd_sc_hd__and3_2)
                                         _120_ (net)
                  0.17    0.01    3.11 ^ _237_/A (sky130_fd_sc_hd__buf_1)
     1    0.01    0.14    0.18    3.28 ^ _237_/X (sky130_fd_sc_hd__buf_1)
                                         _004_ (net)
                  0.14    0.00    3.28 ^ _343_/D (sky130_fd_sc_hd__dfrtp_4)
                                  3.28   data arrival time

                         10.00   10.00   clock core_clock (rise edge)
                          0.00   10.00   clock source latency
     1    0.02    0.00    0.00   10.00 ^ clk (in)
                                         clk (net)
                  0.00    0.00   10.00 ^ clkbuf_0_clk/A (sky130_fd_sc_hd__clkbuf_16)
     4    0.05    0.07    0.14   10.14 ^ clkbuf_0_clk/X (sky130_fd_sc_hd__clkbuf_16)
                                         clknet_0_clk (net)
                  0.07    0.00   10.14 ^ clkbuf_2_1__f_clk/A (sky130_fd_sc_hd__clkbuf_16)
     9    0.03    0.05    0.15   10.28 ^ clkbuf_2_1__f_clk/X (sky130_fd_sc_hd__clkbuf_16)
                                         clknet_2_1__leaf_clk (net)
                  0.05    0.00   10.28 ^ _343_/CLK (sky130_fd_sc_hd__dfrtp_4)
                          0.00   10.28   clock reconvergence pessimism
                         -0.08   10.20   library setup time
                                 10.20   data required time
-----------------------------------------------------------------------------
                                 10.20   data required time
                                 -3.28   data arrival time
-----------------------------------------------------------------------------
                                  6.92   slack (MET)


Startpoint: _343_ (rising edge-triggered flip-flop clocked by core_clock)
Endpoint: _339_ (rising edge-triggered flip-flop clocked by core_clock)
Path Group: core_clock
Path Type: max

Fanout     Cap    Slew   Delay    Time   Description
-----------------------------------------------------------------------------
                          0.00    0.00   clock core_clock (rise edge)
                          0.00    0.00   clock source latency
     1    0.02    0.00    0.00    0.00 ^ clk (in)
                                         clk (net)
                  0.00    0.00    0.00 ^ clkbuf_0_clk/A (sky130_fd_sc_hd__clkbuf_16)
     4    0.05    0.07    0.14    0.14 ^ clkbuf_0_clk/X (sky130_fd_sc_hd__clkbuf_16)
                                         clknet_0_clk (net)
                  0.07    0.00    0.14 ^ clkbuf_2_1__f_clk/A (sky130_fd_sc_hd__clkbuf_16)
     9    0.03    0.05    0.15    0.28 ^ clkbuf_2_1__f_clk/X (sky130_fd_sc_hd__clkbuf_16)
                                         clknet_2_1__leaf_clk (net)
                  0.05    0.00    0.28 ^ _343_/CLK (sky130_fd_sc_hd__dfrtp_4)
     4    0.05    0.12    0.55    0.83 v _343_/Q (sky130_fd_sc_hd__dfrtp_4)
                                         one_second_counter[13] (net)
                  0.12    0.00    0.84 v _180_/D (sky130_fd_sc_hd__and4_2)
     2    0.02    0.07    0.31    1.14 v _180_/X (sky130_fd_sc_hd__and4_2)
                                         _078_ (net)
                  0.07    0.00    1.15 v _181_/D (sky130_fd_sc_hd__or4_1)
     1    0.01    0.10    0.43    1.58 v _181_/X (sky130_fd_sc_hd__or4_1)
                                         _079_ (net)
                  0.10    0.00    1.58 v _184_/A3 (sky130_fd_sc_hd__o31a_2)
     1    0.02    0.09    0.36    1.94 v _184_/X (sky130_fd_sc_hd__o31a_2)
                                         _082_ (net)
                  0.09    0.00    1.94 v _186_/A2 (sky130_fd_sc_hd__o211ai_4)
     2    0.02    0.25    0.26    2.20 ^ _186_/Y (sky130_fd_sc_hd__o211ai_4)
                                         _084_ (net)
                  0.25    0.00    2.20 ^ _187_/A2 (sky130_fd_sc_hd__a21bo_4)
     9    0.08    0.26    0.32    2.52 ^ _187_/X (sky130_fd_sc_hd__a21bo_4)
                                         _085_ (net)
                  0.26    0.01    2.53 ^ _188_/A (sky130_fd_sc_hd__inv_2)
     2    0.03    0.11    0.14    2.67 v _188_/Y (sky130_fd_sc_hd__inv_2)
                                         _086_ (net)
                  0.11    0.00    2.67 v _189_/A (sky130_fd_sc_hd__buf_8)
    10    0.10    0.08    0.20    2.86 v _189_/X (sky130_fd_sc_hd__buf_8)
                                         _027_ (net)
                  0.08    0.00    2.87 v _222_/A (sky130_fd_sc_hd__nor3_2)
     1    0.02    0.36    0.36    3.23 ^ _222_/Y (sky130_fd_sc_hd__nor3_2)
                                         _026_ (net)
                  0.36    0.00    3.23 ^ _339_/D (sky130_fd_sc_hd__dfrtp_4)
                                  3.23   data arrival time

                         10.00   10.00   clock core_clock (rise edge)
                          0.00   10.00   clock source latency
     1    0.02    0.00    0.00   10.00 ^ clk (in)
                                         clk (net)
                  0.00    0.00   10.00 ^ clkbuf_0_clk/A (sky130_fd_sc_hd__clkbuf_16)
     4    0.05    0.07    0.14   10.14 ^ clkbuf_0_clk/X (sky130_fd_sc_hd__clkbuf_16)
                                         clknet_0_clk (net)
                  0.07    0.00   10.14 ^ clkbuf_2_3__f_clk/A (sky130_fd_sc_hd__clkbuf_16)
    10    0.04    0.06    0.15   10.29 ^ clkbuf_2_3__f_clk/X (sky130_fd_sc_hd__clkbuf_16)
                                         clknet_2_3__leaf_clk (net)
                  0.06    0.00   10.29 ^ _339_/CLK (sky130_fd_sc_hd__dfrtp_4)
                          0.00   10.29   clock reconvergence pessimism
                         -0.13   10.16   library setup time
                                 10.16   data required time
-----------------------------------------------------------------------------
                                 10.16   data required time
                                 -3.23   data arrival time
-----------------------------------------------------------------------------
                                  6.93   slack (MET)


Startpoint: _343_ (rising edge-triggered flip-flop clocked by core_clock)
Endpoint: _344_ (rising edge-triggered flip-flop clocked by core_clock)
Path Group: core_clock
Path Type: max

Fanout     Cap    Slew   Delay    Time   Description
-----------------------------------------------------------------------------
                          0.00    0.00   clock core_clock (rise edge)
                          0.00    0.00   clock source latency
     1    0.02    0.00    0.00    0.00 ^ clk (in)
                                         clk (net)
                  0.00    0.00    0.00 ^ clkbuf_0_clk/A (sky130_fd_sc_hd__clkbuf_16)
     4    0.05    0.07    0.14    0.14 ^ clkbuf_0_clk/X (sky130_fd_sc_hd__clkbuf_16)
                                         clknet_0_clk (net)
                  0.07    0.00    0.14 ^ clkbuf_2_1__f_clk/A (sky130_fd_sc_hd__clkbuf_16)
     9    0.03    0.05    0.15    0.28 ^ clkbuf_2_1__f_clk/X (sky130_fd_sc_hd__clkbuf_16)
                                         clknet_2_1__leaf_clk (net)
                  0.05    0.00    0.28 ^ _343_/CLK (sky130_fd_sc_hd__dfrtp_4)
     4    0.05    0.12    0.55    0.83 v _343_/Q (sky130_fd_sc_hd__dfrtp_4)
                                         one_second_counter[13] (net)
                  0.12    0.00    0.84 v _180_/D (sky130_fd_sc_hd__and4_2)
     2    0.02    0.07    0.31    1.14 v _180_/X (sky130_fd_sc_hd__and4_2)
                                         _078_ (net)
                  0.07    0.00    1.15 v _181_/D (sky130_fd_sc_hd__or4_1)
     1    0.01    0.10    0.43    1.58 v _181_/X (sky130_fd_sc_hd__or4_1)
                                         _079_ (net)
                  0.10    0.00    1.58 v _184_/A3 (sky130_fd_sc_hd__o31a_2)
     1    0.02    0.09    0.36    1.94 v _184_/X (sky130_fd_sc_hd__o31a_2)
                                         _082_ (net)
                  0.09    0.00    1.94 v _186_/A2 (sky130_fd_sc_hd__o211ai_4)
     2    0.02    0.25    0.26    2.20 ^ _186_/Y (sky130_fd_sc_hd__o211ai_4)
                                         _084_ (net)
                  0.25    0.00    2.20 ^ _187_/A2 (sky130_fd_sc_hd__a21bo_4)
     9    0.08    0.26    0.32    2.52 ^ _187_/X (sky130_fd_sc_hd__a21bo_4)
                                         _085_ (net)
                  0.26    0.01    2.53 ^ _202_/A (sky130_fd_sc_hd__clkbuf_8)
    10    0.08    0.14    0.27    2.80 ^ _202_/X (sky130_fd_sc_hd__clkbuf_8)
                                         _095_ (net)
                  0.14    0.01    2.81 ^ _241_/A (sky130_fd_sc_hd__and3_2)
     1    0.02    0.13    0.27    3.08 ^ _241_/X (sky130_fd_sc_hd__and3_2)
                                         _124_ (net)
                  0.13    0.00    3.08 ^ _242_/A (sky130_fd_sc_hd__clkbuf_2)
     1    0.02    0.13    0.20    3.27 ^ _242_/X (sky130_fd_sc_hd__clkbuf_2)
                                         _005_ (net)
                  0.13    0.00    3.28 ^ _344_/D (sky130_fd_sc_hd__dfrtp_4)
                                  3.28   data arrival time

                         10.00   10.00   clock core_clock (rise edge)
                          0.00   10.00   clock source latency
     1    0.02    0.00    0.00   10.00 ^ clk (in)
                                         clk (net)
                  0.00    0.00   10.00 ^ clkbuf_0_clk/A (sky130_fd_sc_hd__clkbuf_16)
     4    0.05    0.07    0.14   10.14 ^ clkbuf_0_clk/X (sky130_fd_sc_hd__clkbuf_16)
                                         clknet_0_clk (net)
                  0.07    0.00   10.14 ^ clkbuf_2_3__f_clk/A (sky130_fd_sc_hd__clkbuf_16)
    10    0.04    0.06    0.15   10.29 ^ clkbuf_2_3__f_clk/X (sky130_fd_sc_hd__clkbuf_16)
                                         clknet_2_3__leaf_clk (net)
                  0.06    0.00   10.29 ^ _344_/CLK (sky130_fd_sc_hd__dfrtp_4)
                          0.00   10.29   clock reconvergence pessimism
                         -0.08   10.21   library setup time
                                 10.21   data required time
-----------------------------------------------------------------------------
                                 10.21   data required time
                                 -3.28   data arrival time
-----------------------------------------------------------------------------
                                  6.94   slack (MET)


Startpoint: _343_ (rising edge-triggered flip-flop clocked by core_clock)
Endpoint: _349_ (rising edge-triggered flip-flop clocked by core_clock)
Path Group: core_clock
Path Type: max

Fanout     Cap    Slew   Delay    Time   Description
-----------------------------------------------------------------------------
                          0.00    0.00   clock core_clock (rise edge)
                          0.00    0.00   clock source latency
     1    0.02    0.00    0.00    0.00 ^ clk (in)
                                         clk (net)
                  0.00    0.00    0.00 ^ clkbuf_0_clk/A (sky130_fd_sc_hd__clkbuf_16)
     4    0.05    0.07    0.14    0.14 ^ clkbuf_0_clk/X (sky130_fd_sc_hd__clkbuf_16)
                                         clknet_0_clk (net)
                  0.07    0.00    0.14 ^ clkbuf_2_1__f_clk/A (sky130_fd_sc_hd__clkbuf_16)
     9    0.03    0.05    0.15    0.28 ^ clkbuf_2_1__f_clk/X (sky130_fd_sc_hd__clkbuf_16)
                                         clknet_2_1__leaf_clk (net)
                  0.05    0.00    0.28 ^ _343_/CLK (sky130_fd_sc_hd__dfrtp_4)
     4    0.05    0.12    0.55    0.83 v _343_/Q (sky130_fd_sc_hd__dfrtp_4)
                                         one_second_counter[13] (net)
                  0.12    0.00    0.84 v _180_/D (sky130_fd_sc_hd__and4_2)
     2    0.02    0.07    0.31    1.14 v _180_/X (sky130_fd_sc_hd__and4_2)
                                         _078_ (net)
                  0.07    0.00    1.15 v _181_/D (sky130_fd_sc_hd__or4_1)
     1    0.01    0.10    0.43    1.58 v _181_/X (sky130_fd_sc_hd__or4_1)
                                         _079_ (net)
                  0.10    0.00    1.58 v _184_/A3 (sky130_fd_sc_hd__o31a_2)
     1    0.02    0.09    0.36    1.94 v _184_/X (sky130_fd_sc_hd__o31a_2)
                                         _082_ (net)
                  0.09    0.00    1.94 v _186_/A2 (sky130_fd_sc_hd__o211ai_4)
     2    0.02    0.25    0.26    2.20 ^ _186_/Y (sky130_fd_sc_hd__o211ai_4)
                                         _084_ (net)
                  0.25    0.00    2.20 ^ _187_/A2 (sky130_fd_sc_hd__a21bo_4)
     9    0.08    0.26    0.32    2.52 ^ _187_/X (sky130_fd_sc_hd__a21bo_4)
                                         _085_ (net)
                  0.26    0.01    2.53 ^ _202_/A (sky130_fd_sc_hd__clkbuf_8)
    10    0.08    0.14    0.27    2.80 ^ _202_/X (sky130_fd_sc_hd__clkbuf_8)
                                         _095_ (net)
                  0.14    0.00    2.80 ^ _260_/A (sky130_fd_sc_hd__and3_2)
     1    0.02    0.13    0.27    3.07 ^ _260_/X (sky130_fd_sc_hd__and3_2)
                                         _138_ (net)
                  0.13    0.00    3.07 ^ _261_/A (sky130_fd_sc_hd__buf_1)
     1    0.01    0.16    0.19    3.26 ^ _261_/X (sky130_fd_sc_hd__buf_1)
                                         _010_ (net)
                  0.16    0.00    3.26 ^ _349_/D (sky130_fd_sc_hd__dfrtp_4)
                                  3.26   data arrival time

                         10.00   10.00   clock core_clock (rise edge)
                          0.00   10.00   clock source latency
     1    0.02    0.00    0.00   10.00 ^ clk (in)
                                         clk (net)
                  0.00    0.00   10.00 ^ clkbuf_0_clk/A (sky130_fd_sc_hd__clkbuf_16)
     4    0.05    0.07    0.14   10.14 ^ clkbuf_0_clk/X (sky130_fd_sc_hd__clkbuf_16)
                                         clknet_0_clk (net)
                  0.07    0.00   10.14 ^ clkbuf_2_1__f_clk/A (sky130_fd_sc_hd__clkbuf_16)
     9    0.03    0.05    0.15   10.28 ^ clkbuf_2_1__f_clk/X (sky130_fd_sc_hd__clkbuf_16)
                                         clknet_2_1__leaf_clk (net)
                  0.05    0.00   10.28 ^ _349_/CLK (sky130_fd_sc_hd__dfrtp_4)
                          0.00   10.28   clock reconvergence pessimism
                         -0.09   10.19   library setup time
                                 10.19   data required time
-----------------------------------------------------------------------------
                                 10.19   data required time
                                 -3.26   data arrival time
-----------------------------------------------------------------------------
                                  6.94   slack (MET)


Startpoint: _343_ (rising edge-triggered flip-flop clocked by core_clock)
Endpoint: _334_ (rising edge-triggered flip-flop clocked by core_clock)
Path Group: core_clock
Path Type: max

Fanout     Cap    Slew   Delay    Time   Description
-----------------------------------------------------------------------------
                          0.00    0.00   clock core_clock (rise edge)
                          0.00    0.00   clock source latency
     1    0.02    0.00    0.00    0.00 ^ clk (in)
                                         clk (net)
                  0.00    0.00    0.00 ^ clkbuf_0_clk/A (sky130_fd_sc_hd__clkbuf_16)
     4    0.05    0.07    0.14    0.14 ^ clkbuf_0_clk/X (sky130_fd_sc_hd__clkbuf_16)
                                         clknet_0_clk (net)
                  0.07    0.00    0.14 ^ clkbuf_2_1__f_clk/A (sky130_fd_sc_hd__clkbuf_16)
     9    0.03    0.05    0.15    0.28 ^ clkbuf_2_1__f_clk/X (sky130_fd_sc_hd__clkbuf_16)
                                         clknet_2_1__leaf_clk (net)
                  0.05    0.00    0.28 ^ _343_/CLK (sky130_fd_sc_hd__dfrtp_4)
     4    0.05    0.12    0.55    0.83 v _343_/Q (sky130_fd_sc_hd__dfrtp_4)
                                         one_second_counter[13] (net)
                  0.12    0.00    0.84 v _180_/D (sky130_fd_sc_hd__and4_2)
     2    0.02    0.07    0.31    1.14 v _180_/X (sky130_fd_sc_hd__and4_2)
                                         _078_ (net)
                  0.07    0.00    1.15 v _181_/D (sky130_fd_sc_hd__or4_1)
     1    0.01    0.10    0.43    1.58 v _181_/X (sky130_fd_sc_hd__or4_1)
                                         _079_ (net)
                  0.10    0.00    1.58 v _184_/A3 (sky130_fd_sc_hd__o31a_2)
     1    0.02    0.09    0.36    1.94 v _184_/X (sky130_fd_sc_hd__o31a_2)
                                         _082_ (net)
                  0.09    0.00    1.94 v _186_/A2 (sky130_fd_sc_hd__o211ai_4)
     2    0.02    0.25    0.26    2.20 ^ _186_/Y (sky130_fd_sc_hd__o211ai_4)
                                         _084_ (net)
                  0.25    0.00    2.20 ^ _187_/A2 (sky130_fd_sc_hd__a21bo_4)
     9    0.08    0.26    0.32    2.52 ^ _187_/X (sky130_fd_sc_hd__a21bo_4)
                                         _085_ (net)
                  0.26    0.01    2.53 ^ _202_/A (sky130_fd_sc_hd__clkbuf_8)
    10    0.08    0.14    0.27    2.80 ^ _202_/X (sky130_fd_sc_hd__clkbuf_8)
                                         _095_ (net)
                  0.14    0.01    2.81 ^ _205_/A (sky130_fd_sc_hd__and3_1)
     1    0.01    0.14    0.24    3.05 ^ _205_/X (sky130_fd_sc_hd__and3_1)
                                         _098_ (net)
                  0.14    0.00    3.05 ^ _206_/A (sky130_fd_sc_hd__dlymetal6s2s_1)
     1    0.02    0.18    0.21    3.26 ^ _206_/X (sky130_fd_sc_hd__dlymetal6s2s_1)
                                         _021_ (net)
                  0.18    0.00    3.26 ^ _334_/D (sky130_fd_sc_hd__dfrtp_4)
                                  3.26   data arrival time

                         10.00   10.00   clock core_clock (rise edge)
                          0.00   10.00   clock source latency
     1    0.02    0.00    0.00   10.00 ^ clk (in)
                                         clk (net)
                  0.00    0.00   10.00 ^ clkbuf_0_clk/A (sky130_fd_sc_hd__clkbuf_16)
     4    0.05    0.07    0.14   10.14 ^ clkbuf_0_clk/X (sky130_fd_sc_hd__clkbuf_16)
                                         clknet_0_clk (net)
                  0.07    0.00   10.14 ^ clkbuf_2_3__f_clk/A (sky130_fd_sc_hd__clkbuf_16)
    10    0.04    0.06    0.15   10.29 ^ clkbuf_2_3__f_clk/X (sky130_fd_sc_hd__clkbuf_16)
                                         clknet_2_3__leaf_clk (net)
                  0.06    0.00   10.29 ^ _334_/CLK (sky130_fd_sc_hd__dfrtp_4)
                          0.00   10.29   clock reconvergence pessimism
                         -0.09   10.20   library setup time
                                 10.20   data required time
-----------------------------------------------------------------------------
                                 10.20   data required time
                                 -3.26   data arrival time
-----------------------------------------------------------------------------
                                  6.94   slack (MET)


Startpoint: _343_ (rising edge-triggered flip-flop clocked by core_clock)
Endpoint: _336_ (rising edge-triggered flip-flop clocked by core_clock)
Path Group: core_clock
Path Type: max

Fanout     Cap    Slew   Delay    Time   Description
-----------------------------------------------------------------------------
                          0.00    0.00   clock core_clock (rise edge)
                          0.00    0.00   clock source latency
     1    0.02    0.00    0.00    0.00 ^ clk (in)
                                         clk (net)
                  0.00    0.00    0.00 ^ clkbuf_0_clk/A (sky130_fd_sc_hd__clkbuf_16)
     4    0.05    0.07    0.14    0.14 ^ clkbuf_0_clk/X (sky130_fd_sc_hd__clkbuf_16)
                                         clknet_0_clk (net)
                  0.07    0.00    0.14 ^ clkbuf_2_1__f_clk/A (sky130_fd_sc_hd__clkbuf_16)
     9    0.03    0.05    0.15    0.28 ^ clkbuf_2_1__f_clk/X (sky130_fd_sc_hd__clkbuf_16)
                                         clknet_2_1__leaf_clk (net)
                  0.05    0.00    0.28 ^ _343_/CLK (sky130_fd_sc_hd__dfrtp_4)
     4    0.05    0.12    0.55    0.83 v _343_/Q (sky130_fd_sc_hd__dfrtp_4)
                                         one_second_counter[13] (net)
                  0.12    0.00    0.84 v _180_/D (sky130_fd_sc_hd__and4_2)
     2    0.02    0.07    0.31    1.14 v _180_/X (sky130_fd_sc_hd__and4_2)
                                         _078_ (net)
                  0.07    0.00    1.15 v _181_/D (sky130_fd_sc_hd__or4_1)
     1    0.01    0.10    0.43    1.58 v _181_/X (sky130_fd_sc_hd__or4_1)
                                         _079_ (net)
                  0.10    0.00    1.58 v _184_/A3 (sky130_fd_sc_hd__o31a_2)
     1    0.02    0.09    0.36    1.94 v _184_/X (sky130_fd_sc_hd__o31a_2)
                                         _082_ (net)
                  0.09    0.00    1.94 v _186_/A2 (sky130_fd_sc_hd__o211ai_4)
     2    0.02    0.25    0.26    2.20 ^ _186_/Y (sky130_fd_sc_hd__o211ai_4)
                                         _084_ (net)
                  0.25    0.00    2.20 ^ _187_/A2 (sky130_fd_sc_hd__a21bo_4)
     9    0.08    0.26    0.32    2.52 ^ _187_/X (sky130_fd_sc_hd__a21bo_4)
                                         _085_ (net)
                  0.26    0.01    2.53 ^ _202_/A (sky130_fd_sc_hd__clkbuf_8)
    10    0.08    0.14    0.27    2.80 ^ _202_/X (sky130_fd_sc_hd__clkbuf_8)
                                         _095_ (net)
                  0.14    0.00    2.80 ^ _212_/A (sky130_fd_sc_hd__and3_2)
     1    0.02    0.14    0.27    3.07 ^ _212_/X (sky130_fd_sc_hd__and3_2)
                                         _103_ (net)
                  0.14    0.00    3.08 ^ _213_/A (sky130_fd_sc_hd__clkbuf_2)
     1    0.02    0.11    0.18    3.26 ^ _213_/X (sky130_fd_sc_hd__clkbuf_2)
                                         _023_ (net)
                  0.11    0.00    3.26 ^ _336_/D (sky130_fd_sc_hd__dfrtp_4)
                                  3.26   data arrival time

                         10.00   10.00   clock core_clock (rise edge)
                          0.00   10.00   clock source latency
     1    0.02    0.00    0.00   10.00 ^ clk (in)
                                         clk (net)
                  0.00    0.00   10.00 ^ clkbuf_0_clk/A (sky130_fd_sc_hd__clkbuf_16)
     4    0.05    0.07    0.14   10.14 ^ clkbuf_0_clk/X (sky130_fd_sc_hd__clkbuf_16)
                                         clknet_0_clk (net)
                  0.07    0.00   10.14 ^ clkbuf_2_0__f_clk/A (sky130_fd_sc_hd__clkbuf_16)
     9    0.03    0.05    0.15   10.28 ^ clkbuf_2_0__f_clk/X (sky130_fd_sc_hd__clkbuf_16)
                                         clknet_2_0__leaf_clk (net)
                  0.05    0.00   10.29 ^ _336_/CLK (sky130_fd_sc_hd__dfrtp_4)
                          0.00   10.29   clock reconvergence pessimism
                         -0.08   10.21   library setup time
                                 10.21   data required time
-----------------------------------------------------------------------------
                                 10.21   data required time
                                 -3.26   data arrival time
-----------------------------------------------------------------------------
                                  6.95   slack (MET)


Startpoint: _343_ (rising edge-triggered flip-flop clocked by core_clock)
Endpoint: _341_ (rising edge-triggered flip-flop clocked by core_clock)
Path Group: core_clock
Path Type: max

Fanout     Cap    Slew   Delay    Time   Description
-----------------------------------------------------------------------------
                          0.00    0.00   clock core_clock (rise edge)
                          0.00    0.00   clock source latency
     1    0.02    0.00    0.00    0.00 ^ clk (in)
                                         clk (net)
                  0.00    0.00    0.00 ^ clkbuf_0_clk/A (sky130_fd_sc_hd__clkbuf_16)
     4    0.05    0.07    0.14    0.14 ^ clkbuf_0_clk/X (sky130_fd_sc_hd__clkbuf_16)
                                         clknet_0_clk (net)
                  0.07    0.00    0.14 ^ clkbuf_2_1__f_clk/A (sky130_fd_sc_hd__clkbuf_16)
     9    0.03    0.05    0.15    0.28 ^ clkbuf_2_1__f_clk/X (sky130_fd_sc_hd__clkbuf_16)
                                         clknet_2_1__leaf_clk (net)
                  0.05    0.00    0.28 ^ _343_/CLK (sky130_fd_sc_hd__dfrtp_4)
     4    0.05    0.12    0.55    0.83 v _343_/Q (sky130_fd_sc_hd__dfrtp_4)
                                         one_second_counter[13] (net)
                  0.12    0.00    0.84 v _180_/D (sky130_fd_sc_hd__and4_2)
     2    0.02    0.07    0.31    1.14 v _180_/X (sky130_fd_sc_hd__and4_2)
                                         _078_ (net)
                  0.07    0.00    1.15 v _181_/D (sky130_fd_sc_hd__or4_1)
     1    0.01    0.10    0.43    1.58 v _181_/X (sky130_fd_sc_hd__or4_1)
                                         _079_ (net)
                  0.10    0.00    1.58 v _184_/A3 (sky130_fd_sc_hd__o31a_2)
     1    0.02    0.09    0.36    1.94 v _184_/X (sky130_fd_sc_hd__o31a_2)
                                         _082_ (net)
                  0.09    0.00    1.94 v _186_/A2 (sky130_fd_sc_hd__o211ai_4)
     2    0.02    0.25    0.26    2.20 ^ _186_/Y (sky130_fd_sc_hd__o211ai_4)
                                         _084_ (net)
                  0.25    0.00    2.20 ^ _187_/A2 (sky130_fd_sc_hd__a21bo_4)
     9    0.08    0.26    0.32    2.52 ^ _187_/X (sky130_fd_sc_hd__a21bo_4)
                                         _085_ (net)
                  0.26    0.01    2.53 ^ _188_/A (sky130_fd_sc_hd__inv_2)
     2    0.03    0.11    0.14    2.67 v _188_/Y (sky130_fd_sc_hd__inv_2)
                                         _086_ (net)
                  0.11    0.00    2.67 v _189_/A (sky130_fd_sc_hd__buf_8)
    10    0.10    0.08    0.20    2.86 v _189_/X (sky130_fd_sc_hd__buf_8)
                                         _027_ (net)
                  0.08    0.00    2.87 v _229_/A (sky130_fd_sc_hd__nor3_2)
     1    0.02    0.33    0.34    3.21 ^ _229_/Y (sky130_fd_sc_hd__nor3_2)
                                         _002_ (net)
                  0.33    0.00    3.21 ^ _341_/D (sky130_fd_sc_hd__dfrtp_4)
                                  3.21   data arrival time

                         10.00   10.00   clock core_clock (rise edge)
                          0.00   10.00   clock source latency
     1    0.02    0.00    0.00   10.00 ^ clk (in)
                                         clk (net)
                  0.00    0.00   10.00 ^ clkbuf_0_clk/A (sky130_fd_sc_hd__clkbuf_16)
     4    0.05    0.07    0.14   10.14 ^ clkbuf_0_clk/X (sky130_fd_sc_hd__clkbuf_16)
                                         clknet_0_clk (net)
                  0.07    0.00   10.14 ^ clkbuf_2_3__f_clk/A (sky130_fd_sc_hd__clkbuf_16)
    10    0.04    0.06    0.15   10.29 ^ clkbuf_2_3__f_clk/X (sky130_fd_sc_hd__clkbuf_16)
                                         clknet_2_3__leaf_clk (net)
                  0.06    0.00   10.29 ^ _341_/CLK (sky130_fd_sc_hd__dfrtp_4)
                          0.00   10.29   clock reconvergence pessimism
                         -0.13   10.16   library setup time
                                 10.16   data required time
-----------------------------------------------------------------------------
                                 10.16   data required time
                                 -3.21   data arrival time
-----------------------------------------------------------------------------
                                  6.96   slack (MET)


Startpoint: _343_ (rising edge-triggered flip-flop clocked by core_clock)
Endpoint: _335_ (rising edge-triggered flip-flop clocked by core_clock)
Path Group: core_clock
Path Type: max

Fanout     Cap    Slew   Delay    Time   Description
-----------------------------------------------------------------------------
                          0.00    0.00   clock core_clock (rise edge)
                          0.00    0.00   clock source latency
     1    0.02    0.00    0.00    0.00 ^ clk (in)
                                         clk (net)
                  0.00    0.00    0.00 ^ clkbuf_0_clk/A (sky130_fd_sc_hd__clkbuf_16)
     4    0.05    0.07    0.14    0.14 ^ clkbuf_0_clk/X (sky130_fd_sc_hd__clkbuf_16)
                                         clknet_0_clk (net)
                  0.07    0.00    0.14 ^ clkbuf_2_1__f_clk/A (sky130_fd_sc_hd__clkbuf_16)
     9    0.03    0.05    0.15    0.28 ^ clkbuf_2_1__f_clk/X (sky130_fd_sc_hd__clkbuf_16)
                                         clknet_2_1__leaf_clk (net)
                  0.05    0.00    0.28 ^ _343_/CLK (sky130_fd_sc_hd__dfrtp_4)
     4    0.05    0.12    0.55    0.83 v _343_/Q (sky130_fd_sc_hd__dfrtp_4)
                                         one_second_counter[13] (net)
                  0.12    0.00    0.84 v _180_/D (sky130_fd_sc_hd__and4_2)
     2    0.02    0.07    0.31    1.14 v _180_/X (sky130_fd_sc_hd__and4_2)
                                         _078_ (net)
                  0.07    0.00    1.15 v _181_/D (sky130_fd_sc_hd__or4_1)
     1    0.01    0.10    0.43    1.58 v _181_/X (sky130_fd_sc_hd__or4_1)
                                         _079_ (net)
                  0.10    0.00    1.58 v _184_/A3 (sky130_fd_sc_hd__o31a_2)
     1    0.02    0.09    0.36    1.94 v _184_/X (sky130_fd_sc_hd__o31a_2)
                                         _082_ (net)
                  0.09    0.00    1.94 v _186_/A2 (sky130_fd_sc_hd__o211ai_4)
     2    0.02    0.25    0.26    2.20 ^ _186_/Y (sky130_fd_sc_hd__o211ai_4)
                                         _084_ (net)
                  0.25    0.00    2.20 ^ _187_/A2 (sky130_fd_sc_hd__a21bo_4)
     9    0.08    0.26    0.32    2.52 ^ _187_/X (sky130_fd_sc_hd__a21bo_4)
                                         _085_ (net)
                  0.26    0.01    2.53 ^ _188_/A (sky130_fd_sc_hd__inv_2)
     2    0.03    0.11    0.14    2.67 v _188_/Y (sky130_fd_sc_hd__inv_2)
                                         _086_ (net)
                  0.11    0.00    2.67 v _189_/A (sky130_fd_sc_hd__buf_8)
    10    0.10    0.08    0.20    2.86 v _189_/X (sky130_fd_sc_hd__buf_8)
                                         _027_ (net)
                  0.08    0.00    2.87 v _209_/A (sky130_fd_sc_hd__nor3_1)
     1    0.01    0.34    0.34    3.20 ^ _209_/Y (sky130_fd_sc_hd__nor3_1)
                                         _022_ (net)
                  0.34    0.00    3.21 ^ _335_/D (sky130_fd_sc_hd__dfrtp_4)
                                  3.21   data arrival time

                         10.00   10.00   clock core_clock (rise edge)
                          0.00   10.00   clock source latency
     1    0.02    0.00    0.00   10.00 ^ clk (in)
                                         clk (net)
                  0.00    0.00   10.00 ^ clkbuf_0_clk/A (sky130_fd_sc_hd__clkbuf_16)
     4    0.05    0.07    0.14   10.14 ^ clkbuf_0_clk/X (sky130_fd_sc_hd__clkbuf_16)
                                         clknet_0_clk (net)
                  0.07    0.00   10.14 ^ clkbuf_2_3__f_clk/A (sky130_fd_sc_hd__clkbuf_16)
    10    0.04    0.06    0.15   10.29 ^ clkbuf_2_3__f_clk/X (sky130_fd_sc_hd__clkbuf_16)
                                         clknet_2_3__leaf_clk (net)
                  0.06    0.00   10.29 ^ _335_/CLK (sky130_fd_sc_hd__dfrtp_4)
                          0.00   10.29   clock reconvergence pessimism
                         -0.13   10.16   library setup time
                                 10.16   data required time
-----------------------------------------------------------------------------
                                 10.16   data required time
                                 -3.21   data arrival time
-----------------------------------------------------------------------------
                                  6.96   slack (MET)


Startpoint: _343_ (rising edge-triggered flip-flop clocked by core_clock)
Endpoint: _353_ (rising edge-triggered flip-flop clocked by core_clock)
Path Group: core_clock
Path Type: max

Fanout     Cap    Slew   Delay    Time   Description
-----------------------------------------------------------------------------
                          0.00    0.00   clock core_clock (rise edge)
                          0.00    0.00   clock source latency
     1    0.02    0.00    0.00    0.00 ^ clk (in)
                                         clk (net)
                  0.00    0.00    0.00 ^ clkbuf_0_clk/A (sky130_fd_sc_hd__clkbuf_16)
     4    0.05    0.07    0.14    0.14 ^ clkbuf_0_clk/X (sky130_fd_sc_hd__clkbuf_16)
                                         clknet_0_clk (net)
                  0.07    0.00    0.14 ^ clkbuf_2_1__f_clk/A (sky130_fd_sc_hd__clkbuf_16)
     9    0.03    0.05    0.15    0.28 ^ clkbuf_2_1__f_clk/X (sky130_fd_sc_hd__clkbuf_16)
                                         clknet_2_1__leaf_clk (net)
                  0.05    0.00    0.28 ^ _343_/CLK (sky130_fd_sc_hd__dfrtp_4)
     4    0.05    0.12    0.55    0.83 v _343_/Q (sky130_fd_sc_hd__dfrtp_4)
                                         one_second_counter[13] (net)
                  0.12    0.00    0.84 v _180_/D (sky130_fd_sc_hd__and4_2)
     2    0.02    0.07    0.31    1.14 v _180_/X (sky130_fd_sc_hd__and4_2)
                                         _078_ (net)
                  0.07    0.00    1.15 v _181_/D (sky130_fd_sc_hd__or4_1)
     1    0.01    0.10    0.43    1.58 v _181_/X (sky130_fd_sc_hd__or4_1)
                                         _079_ (net)
                  0.10    0.00    1.58 v _184_/A3 (sky130_fd_sc_hd__o31a_2)
     1    0.02    0.09    0.36    1.94 v _184_/X (sky130_fd_sc_hd__o31a_2)
                                         _082_ (net)
                  0.09    0.00    1.94 v _186_/A2 (sky130_fd_sc_hd__o211ai_4)
     2    0.02    0.25    0.26    2.20 ^ _186_/Y (sky130_fd_sc_hd__o211ai_4)
                                         _084_ (net)
                  0.25    0.00    2.20 ^ _187_/A2 (sky130_fd_sc_hd__a21bo_4)
     9    0.08    0.26    0.32    2.52 ^ _187_/X (sky130_fd_sc_hd__a21bo_4)
                                         _085_ (net)
                  0.26    0.01    2.53 ^ _188_/A (sky130_fd_sc_hd__inv_2)
     2    0.03    0.11    0.14    2.67 v _188_/Y (sky130_fd_sc_hd__inv_2)
                                         _086_ (net)
                  0.11    0.00    2.67 v _189_/A (sky130_fd_sc_hd__buf_8)
    10    0.10    0.08    0.20    2.86 v _189_/X (sky130_fd_sc_hd__buf_8)
                                         _027_ (net)
                  0.08    0.00    2.87 v _275_/C1 (sky130_fd_sc_hd__a221oi_4)
     1    0.02    0.33    0.30    3.17 ^ _275_/Y (sky130_fd_sc_hd__a221oi_4)
                                         _015_ (net)
                  0.33    0.00    3.17 ^ _353_/D (sky130_fd_sc_hd__dfrtp_4)
                                  3.17   data arrival time

                         10.00   10.00   clock core_clock (rise edge)
                          0.00   10.00   clock source latency
     1    0.02    0.00    0.00   10.00 ^ clk (in)
                                         clk (net)
                  0.00    0.00   10.00 ^ clkbuf_0_clk/A (sky130_fd_sc_hd__clkbuf_16)
     4    0.05    0.07    0.14   10.14 ^ clkbuf_0_clk/X (sky130_fd_sc_hd__clkbuf_16)
                                         clknet_0_clk (net)
                  0.07    0.00   10.14 ^ clkbuf_2_2__f_clk/A (sky130_fd_sc_hd__clkbuf_16)
     7    0.04    0.06    0.15   10.29 ^ clkbuf_2_2__f_clk/X (sky130_fd_sc_hd__clkbuf_16)
                                         clknet_2_2__leaf_clk (net)
                  0.06    0.00   10.29 ^ _353_/CLK (sky130_fd_sc_hd__dfrtp_4)
                          0.00   10.29   clock reconvergence pessimism
                         -0.13   10.16   library setup time
                                 10.16   data required time
-----------------------------------------------------------------------------
                                 10.16   data required time
                                 -3.17   data arrival time
-----------------------------------------------------------------------------
                                  6.98   slack (MET)


Startpoint: _343_ (rising edge-triggered flip-flop clocked by core_clock)
Endpoint: _345_ (rising edge-triggered flip-flop clocked by core_clock)
Path Group: core_clock
Path Type: max

Fanout     Cap    Slew   Delay    Time   Description
-----------------------------------------------------------------------------
                          0.00    0.00   clock core_clock (rise edge)
                          0.00    0.00   clock source latency
     1    0.02    0.00    0.00    0.00 ^ clk (in)
                                         clk (net)
                  0.00    0.00    0.00 ^ clkbuf_0_clk/A (sky130_fd_sc_hd__clkbuf_16)
     4    0.05    0.07    0.14    0.14 ^ clkbuf_0_clk/X (sky130_fd_sc_hd__clkbuf_16)
                                         clknet_0_clk (net)
                  0.07    0.00    0.14 ^ clkbuf_2_1__f_clk/A (sky130_fd_sc_hd__clkbuf_16)
     9    0.03    0.05    0.15    0.28 ^ clkbuf_2_1__f_clk/X (sky130_fd_sc_hd__clkbuf_16)
                                         clknet_2_1__leaf_clk (net)
                  0.05    0.00    0.28 ^ _343_/CLK (sky130_fd_sc_hd__dfrtp_4)
     4    0.05    0.12    0.55    0.83 v _343_/Q (sky130_fd_sc_hd__dfrtp_4)
                                         one_second_counter[13] (net)
                  0.12    0.00    0.84 v _180_/D (sky130_fd_sc_hd__and4_2)
     2    0.02    0.07    0.31    1.14 v _180_/X (sky130_fd_sc_hd__and4_2)
                                         _078_ (net)
                  0.07    0.00    1.15 v _181_/D (sky130_fd_sc_hd__or4_1)
     1    0.01    0.10    0.43    1.58 v _181_/X (sky130_fd_sc_hd__or4_1)
                                         _079_ (net)
                  0.10    0.00    1.58 v _184_/A3 (sky130_fd_sc_hd__o31a_2)
     1    0.02    0.09    0.36    1.94 v _184_/X (sky130_fd_sc_hd__o31a_2)
                                         _082_ (net)
                  0.09    0.00    1.94 v _186_/A2 (sky130_fd_sc_hd__o211ai_4)
     2    0.02    0.25    0.26    2.20 ^ _186_/Y (sky130_fd_sc_hd__o211ai_4)
                                         _084_ (net)
                  0.25    0.00    2.20 ^ _187_/A2 (sky130_fd_sc_hd__a21bo_4)
     9    0.08    0.26    0.32    2.52 ^ _187_/X (sky130_fd_sc_hd__a21bo_4)
                                         _085_ (net)
                  0.26    0.01    2.53 ^ _188_/A (sky130_fd_sc_hd__inv_2)
     2    0.03    0.11    0.14    2.67 v _188_/Y (sky130_fd_sc_hd__inv_2)
                                         _086_ (net)
                  0.11    0.00    2.67 v _189_/A (sky130_fd_sc_hd__buf_8)
    10    0.10    0.08    0.20    2.86 v _189_/X (sky130_fd_sc_hd__buf_8)
                                         _027_ (net)
                  0.08    0.00    2.87 v _246_/C1 (sky130_fd_sc_hd__a211oi_2)
     1    0.02    0.32    0.29    3.16 ^ _246_/Y (sky130_fd_sc_hd__a211oi_2)
                                         _006_ (net)
                  0.32    0.00    3.16 ^ _345_/D (sky130_fd_sc_hd__dfrtp_4)
                                  3.16   data arrival time

                         10.00   10.00   clock core_clock (rise edge)
                          0.00   10.00   clock source latency
     1    0.02    0.00    0.00   10.00 ^ clk (in)
                                         clk (net)
                  0.00    0.00   10.00 ^ clkbuf_0_clk/A (sky130_fd_sc_hd__clkbuf_16)
     4    0.05    0.07    0.14   10.14 ^ clkbuf_0_clk/X (sky130_fd_sc_hd__clkbuf_16)
                                         clknet_0_clk (net)
                  0.07    0.00   10.14 ^ clkbuf_2_0__f_clk/A (sky130_fd_sc_hd__clkbuf_16)
     9    0.03    0.05    0.15   10.28 ^ clkbuf_2_0__f_clk/X (sky130_fd_sc_hd__clkbuf_16)
                                         clknet_2_0__leaf_clk (net)
                  0.05    0.00   10.29 ^ _345_/CLK (sky130_fd_sc_hd__dfrtp_4)
                          0.00   10.29   clock reconvergence pessimism
                         -0.13   10.16   library setup time
                                 10.16   data required time
-----------------------------------------------------------------------------
                                 10.16   data required time
                                 -3.16   data arrival time
-----------------------------------------------------------------------------
                                  7.00   slack (MET)


Startpoint: _343_ (rising edge-triggered flip-flop clocked by core_clock)
Endpoint: _351_ (rising edge-triggered flip-flop clocked by core_clock)
Path Group: core_clock
Path Type: max

Fanout     Cap    Slew   Delay    Time   Description
-----------------------------------------------------------------------------
                          0.00    0.00   clock core_clock (rise edge)
                          0.00    0.00   clock source latency
     1    0.02    0.00    0.00    0.00 ^ clk (in)
                                         clk (net)
                  0.00    0.00    0.00 ^ clkbuf_0_clk/A (sky130_fd_sc_hd__clkbuf_16)
     4    0.05    0.07    0.14    0.14 ^ clkbuf_0_clk/X (sky130_fd_sc_hd__clkbuf_16)
                                         clknet_0_clk (net)
                  0.07    0.00    0.14 ^ clkbuf_2_1__f_clk/A (sky130_fd_sc_hd__clkbuf_16)
     9    0.03    0.05    0.15    0.28 ^ clkbuf_2_1__f_clk/X (sky130_fd_sc_hd__clkbuf_16)
                                         clknet_2_1__leaf_clk (net)
                  0.05    0.00    0.28 ^ _343_/CLK (sky130_fd_sc_hd__dfrtp_4)
     4    0.05    0.12    0.55    0.83 v _343_/Q (sky130_fd_sc_hd__dfrtp_4)
                                         one_second_counter[13] (net)
                  0.12    0.00    0.84 v _180_/D (sky130_fd_sc_hd__and4_2)
     2    0.02    0.07    0.31    1.14 v _180_/X (sky130_fd_sc_hd__and4_2)
                                         _078_ (net)
                  0.07    0.00    1.15 v _181_/D (sky130_fd_sc_hd__or4_1)
     1    0.01    0.10    0.43    1.58 v _181_/X (sky130_fd_sc_hd__or4_1)
                                         _079_ (net)
                  0.10    0.00    1.58 v _184_/A3 (sky130_fd_sc_hd__o31a_2)
     1    0.02    0.09    0.36    1.94 v _184_/X (sky130_fd_sc_hd__o31a_2)
                                         _082_ (net)
                  0.09    0.00    1.94 v _186_/A2 (sky130_fd_sc_hd__o211ai_4)
     2    0.02    0.25    0.26    2.20 ^ _186_/Y (sky130_fd_sc_hd__o211ai_4)
                                         _084_ (net)
                  0.25    0.00    2.20 ^ _187_/A2 (sky130_fd_sc_hd__a21bo_4)
     9    0.08    0.26    0.32    2.52 ^ _187_/X (sky130_fd_sc_hd__a21bo_4)
                                         _085_ (net)
                  0.26    0.01    2.53 ^ _188_/A (sky130_fd_sc_hd__inv_2)
     2    0.03    0.11    0.14    2.67 v _188_/Y (sky130_fd_sc_hd__inv_2)
                                         _086_ (net)
                  0.11    0.00    2.67 v _189_/A (sky130_fd_sc_hd__buf_8)
    10    0.10    0.08    0.20    2.86 v _189_/X (sky130_fd_sc_hd__buf_8)
                                         _027_ (net)
                  0.08    0.00    2.87 v _268_/C1 (sky130_fd_sc_hd__a211oi_4)
     1    0.02    0.27    0.25    3.11 ^ _268_/Y (sky130_fd_sc_hd__a211oi_4)
                                         _013_ (net)
                  0.27    0.00    3.12 ^ _351_/D (sky130_fd_sc_hd__dfrtp_4)
                                  3.12   data arrival time

                         10.00   10.00   clock core_clock (rise edge)
                          0.00   10.00   clock source latency
     1    0.02    0.00    0.00   10.00 ^ clk (in)
                                         clk (net)
                  0.00    0.00   10.00 ^ clkbuf_0_clk/A (sky130_fd_sc_hd__clkbuf_16)
     4    0.05    0.07    0.14   10.14 ^ clkbuf_0_clk/X (sky130_fd_sc_hd__clkbuf_16)
                                         clknet_0_clk (net)
                  0.07    0.00   10.14 ^ clkbuf_2_3__f_clk/A (sky130_fd_sc_hd__clkbuf_16)
    10    0.04    0.06    0.15   10.29 ^ clkbuf_2_3__f_clk/X (sky130_fd_sc_hd__clkbuf_16)
                                         clknet_2_3__leaf_clk (net)
                  0.06    0.00   10.29 ^ _351_/CLK (sky130_fd_sc_hd__dfrtp_4)
                          0.00   10.29   clock reconvergence pessimism
                         -0.11   10.18   library setup time
                                 10.18   data required time
-----------------------------------------------------------------------------
                                 10.18   data required time
                                 -3.12   data arrival time
-----------------------------------------------------------------------------
                                  7.06   slack (MET)


Startpoint: _343_ (rising edge-triggered flip-flop clocked by core_clock)
Endpoint: _330_ (rising edge-triggered flip-flop clocked by core_clock)
Path Group: core_clock
Path Type: max

Fanout     Cap    Slew   Delay    Time   Description
-----------------------------------------------------------------------------
                          0.00    0.00   clock core_clock (rise edge)
                          0.00    0.00   clock source latency
     1    0.02    0.00    0.00    0.00 ^ clk (in)
                                         clk (net)
                  0.00    0.00    0.00 ^ clkbuf_0_clk/A (sky130_fd_sc_hd__clkbuf_16)
     4    0.05    0.07    0.14    0.14 ^ clkbuf_0_clk/X (sky130_fd_sc_hd__clkbuf_16)
                                         clknet_0_clk (net)
                  0.07    0.00    0.14 ^ clkbuf_2_1__f_clk/A (sky130_fd_sc_hd__clkbuf_16)
     9    0.03    0.05    0.15    0.28 ^ clkbuf_2_1__f_clk/X (sky130_fd_sc_hd__clkbuf_16)
                                         clknet_2_1__leaf_clk (net)
                  0.05    0.00    0.28 ^ _343_/CLK (sky130_fd_sc_hd__dfrtp_4)
     4    0.05    0.12    0.55    0.83 v _343_/Q (sky130_fd_sc_hd__dfrtp_4)
                                         one_second_counter[13] (net)
                  0.12    0.00    0.84 v _180_/D (sky130_fd_sc_hd__and4_2)
     2    0.02    0.07    0.31    1.14 v _180_/X (sky130_fd_sc_hd__and4_2)
                                         _078_ (net)
                  0.07    0.00    1.15 v _181_/D (sky130_fd_sc_hd__or4_1)
     1    0.01    0.10    0.43    1.58 v _181_/X (sky130_fd_sc_hd__or4_1)
                                         _079_ (net)
                  0.10    0.00    1.58 v _184_/A3 (sky130_fd_sc_hd__o31a_2)
     1    0.02    0.09    0.36    1.94 v _184_/X (sky130_fd_sc_hd__o31a_2)
                                         _082_ (net)
                  0.09    0.00    1.94 v _186_/A2 (sky130_fd_sc_hd__o211ai_4)
     2    0.02    0.25    0.26    2.20 ^ _186_/Y (sky130_fd_sc_hd__o211ai_4)
                                         _084_ (net)
                  0.25    0.00    2.20 ^ _187_/A2 (sky130_fd_sc_hd__a21bo_4)
     9    0.08    0.26    0.32    2.52 ^ _187_/X (sky130_fd_sc_hd__a21bo_4)
                                         _085_ (net)
                  0.26    0.01    2.53 ^ _188_/A (sky130_fd_sc_hd__inv_2)
     2    0.03    0.11    0.14    2.67 v _188_/Y (sky130_fd_sc_hd__inv_2)
                                         _086_ (net)
                  0.11    0.00    2.67 v _189_/A (sky130_fd_sc_hd__buf_8)
    10    0.10    0.08    0.20    2.86 v _189_/X (sky130_fd_sc_hd__buf_8)
                                         _027_ (net)
                  0.08    0.01    2.87 v _190_/B (sky130_fd_sc_hd__nor2_2)
     1    0.02    0.21    0.20    3.07 ^ _190_/Y (sky130_fd_sc_hd__nor2_2)
                                         _000_ (net)
                  0.21    0.00    3.07 ^ _330_/D (sky130_fd_sc_hd__dfrtp_4)
                                  3.07   data arrival time

                         10.00   10.00   clock core_clock (rise edge)
                          0.00   10.00   clock source latency
     1    0.02    0.00    0.00   10.00 ^ clk (in)
                                         clk (net)
                  0.00    0.00   10.00 ^ clkbuf_0_clk/A (sky130_fd_sc_hd__clkbuf_16)
     4    0.05    0.07    0.14   10.14 ^ clkbuf_0_clk/X (sky130_fd_sc_hd__clkbuf_16)
                                         clknet_0_clk (net)
                  0.07    0.00   10.14 ^ clkbuf_2_0__f_clk/A (sky130_fd_sc_hd__clkbuf_16)
     9    0.03    0.05    0.15   10.28 ^ clkbuf_2_0__f_clk/X (sky130_fd_sc_hd__clkbuf_16)
                                         clknet_2_0__leaf_clk (net)
                  0.05    0.00   10.29 ^ _330_/CLK (sky130_fd_sc_hd__dfrtp_4)
                          0.00   10.29   clock reconvergence pessimism
                         -0.10   10.18   library setup time
                                 10.18   data required time
-----------------------------------------------------------------------------
                                 10.18   data required time
                                 -3.07   data arrival time
-----------------------------------------------------------------------------
                                  7.11   slack (MET)


Startpoint: _343_ (rising edge-triggered flip-flop clocked by core_clock)
Endpoint: _350_ (rising edge-triggered flip-flop clocked by core_clock)
Path Group: core_clock
Path Type: max

Fanout     Cap    Slew   Delay    Time   Description
-----------------------------------------------------------------------------
                          0.00    0.00   clock core_clock (rise edge)
                          0.00    0.00   clock source latency
     1    0.02    0.00    0.00    0.00 ^ clk (in)
                                         clk (net)
                  0.00    0.00    0.00 ^ clkbuf_0_clk/A (sky130_fd_sc_hd__clkbuf_16)
     4    0.05    0.07    0.14    0.14 ^ clkbuf_0_clk/X (sky130_fd_sc_hd__clkbuf_16)
                                         clknet_0_clk (net)
                  0.07    0.00    0.14 ^ clkbuf_2_1__f_clk/A (sky130_fd_sc_hd__clkbuf_16)
     9    0.03    0.05    0.15    0.28 ^ clkbuf_2_1__f_clk/X (sky130_fd_sc_hd__clkbuf_16)
                                         clknet_2_1__leaf_clk (net)
                  0.05    0.00    0.28 ^ _343_/CLK (sky130_fd_sc_hd__dfrtp_4)
     4    0.05    0.12    0.55    0.83 v _343_/Q (sky130_fd_sc_hd__dfrtp_4)
                                         one_second_counter[13] (net)
                  0.12    0.00    0.84 v _180_/D (sky130_fd_sc_hd__and4_2)
     2    0.02    0.07    0.31    1.14 v _180_/X (sky130_fd_sc_hd__and4_2)
                                         _078_ (net)
                  0.07    0.00    1.15 v _181_/D (sky130_fd_sc_hd__or4_1)
     1    0.01    0.10    0.43    1.58 v _181_/X (sky130_fd_sc_hd__or4_1)
                                         _079_ (net)
                  0.10    0.00    1.58 v _184_/A3 (sky130_fd_sc_hd__o31a_2)
     1    0.02    0.09    0.36    1.94 v _184_/X (sky130_fd_sc_hd__o31a_2)
                                         _082_ (net)
                  0.09    0.00    1.94 v _186_/A2 (sky130_fd_sc_hd__o211ai_4)
     2    0.02    0.25    0.26    2.20 ^ _186_/Y (sky130_fd_sc_hd__o211ai_4)
                                         _084_ (net)
                  0.25    0.00    2.20 ^ _187_/A2 (sky130_fd_sc_hd__a21bo_4)
     9    0.08    0.26    0.32    2.52 ^ _187_/X (sky130_fd_sc_hd__a21bo_4)
                                         _085_ (net)
                  0.26    0.01    2.53 ^ _264_/A (sky130_fd_sc_hd__and3_2)
     1    0.03    0.15    0.32    2.85 ^ _264_/X (sky130_fd_sc_hd__and3_2)
                                         _141_ (net)
                  0.15    0.00    2.85 ^ _265_/A (sky130_fd_sc_hd__buf_1)
     1    0.01    0.18    0.20    3.06 ^ _265_/X (sky130_fd_sc_hd__buf_1)
                                         _012_ (net)
                  0.18    0.00    3.06 ^ _350_/D (sky130_fd_sc_hd__dfrtp_4)
                                  3.06   data arrival time

                         10.00   10.00   clock core_clock (rise edge)
                          0.00   10.00   clock source latency
     1    0.02    0.00    0.00   10.00 ^ clk (in)
                                         clk (net)
                  0.00    0.00   10.00 ^ clkbuf_0_clk/A (sky130_fd_sc_hd__clkbuf_16)
     4    0.05    0.07    0.14   10.14 ^ clkbuf_0_clk/X (sky130_fd_sc_hd__clkbuf_16)
                                         clknet_0_clk (net)
                  0.07    0.00   10.14 ^ clkbuf_2_0__f_clk/A (sky130_fd_sc_hd__clkbuf_16)
     9    0.03    0.05    0.15   10.28 ^ clkbuf_2_0__f_clk/X (sky130_fd_sc_hd__clkbuf_16)
                                         clknet_2_0__leaf_clk (net)
                  0.05    0.00   10.29 ^ _350_/CLK (sky130_fd_sc_hd__dfrtp_4)
                          0.00   10.29   clock reconvergence pessimism
                         -0.09   10.19   library setup time
                                 10.19   data required time
-----------------------------------------------------------------------------
                                 10.19   data required time
                                 -3.06   data arrival time
-----------------------------------------------------------------------------
                                  7.13   slack (MET)


Startpoint: _343_ (rising edge-triggered flip-flop clocked by core_clock)
Endpoint: _348_ (rising edge-triggered flip-flop clocked by core_clock)
Path Group: core_clock
Path Type: max

Fanout     Cap    Slew   Delay    Time   Description
-----------------------------------------------------------------------------
                          0.00    0.00   clock core_clock (rise edge)
                          0.00    0.00   clock source latency
     1    0.02    0.00    0.00    0.00 ^ clk (in)
                                         clk (net)
                  0.00    0.00    0.00 ^ clkbuf_0_clk/A (sky130_fd_sc_hd__clkbuf_16)
     4    0.05    0.07    0.14    0.14 ^ clkbuf_0_clk/X (sky130_fd_sc_hd__clkbuf_16)
                                         clknet_0_clk (net)
                  0.07    0.00    0.14 ^ clkbuf_2_1__f_clk/A (sky130_fd_sc_hd__clkbuf_16)
     9    0.03    0.05    0.15    0.28 ^ clkbuf_2_1__f_clk/X (sky130_fd_sc_hd__clkbuf_16)
                                         clknet_2_1__leaf_clk (net)
                  0.05    0.00    0.28 ^ _343_/CLK (sky130_fd_sc_hd__dfrtp_4)
     4    0.05    0.12    0.55    0.83 v _343_/Q (sky130_fd_sc_hd__dfrtp_4)
                                         one_second_counter[13] (net)
                  0.12    0.00    0.84 v _180_/D (sky130_fd_sc_hd__and4_2)
     2    0.02    0.07    0.31    1.14 v _180_/X (sky130_fd_sc_hd__and4_2)
                                         _078_ (net)
                  0.07    0.00    1.15 v _181_/D (sky130_fd_sc_hd__or4_1)
     1    0.01    0.10    0.43    1.58 v _181_/X (sky130_fd_sc_hd__or4_1)
                                         _079_ (net)
                  0.10    0.00    1.58 v _184_/A3 (sky130_fd_sc_hd__o31a_2)
     1    0.02    0.09    0.36    1.94 v _184_/X (sky130_fd_sc_hd__o31a_2)
                                         _082_ (net)
                  0.09    0.00    1.94 v _186_/A2 (sky130_fd_sc_hd__o211ai_4)
     2    0.02    0.25    0.26    2.20 ^ _186_/Y (sky130_fd_sc_hd__o211ai_4)
                                         _084_ (net)
                  0.25    0.00    2.20 ^ _187_/A2 (sky130_fd_sc_hd__a21bo_4)
     9    0.08    0.26    0.32    2.52 ^ _187_/X (sky130_fd_sc_hd__a21bo_4)
                                         _085_ (net)
                  0.26    0.01    2.53 ^ _202_/A (sky130_fd_sc_hd__clkbuf_8)
    10    0.08    0.14    0.27    2.80 ^ _202_/X (sky130_fd_sc_hd__clkbuf_8)
                                         _095_ (net)
                  0.14    0.01    2.81 ^ _255_/C1 (sky130_fd_sc_hd__o211a_1)
     1    0.02    0.14    0.24    3.04 ^ _255_/X (sky130_fd_sc_hd__o211a_1)
                                         _009_ (net)
                  0.14    0.00    3.04 ^ _348_/D (sky130_fd_sc_hd__dfrtp_4)
                                  3.04   data arrival time

                         10.00   10.00   clock core_clock (rise edge)
                          0.00   10.00   clock source latency
     1    0.02    0.00    0.00   10.00 ^ clk (in)
                                         clk (net)
                  0.00    0.00   10.00 ^ clkbuf_0_clk/A (sky130_fd_sc_hd__clkbuf_16)
     4    0.05    0.07    0.14   10.14 ^ clkbuf_0_clk/X (sky130_fd_sc_hd__clkbuf_16)
                                         clknet_0_clk (net)
                  0.07    0.00   10.14 ^ clkbuf_2_1__f_clk/A (sky130_fd_sc_hd__clkbuf_16)
     9    0.03    0.05    0.15   10.28 ^ clkbuf_2_1__f_clk/X (sky130_fd_sc_hd__clkbuf_16)
                                         clknet_2_1__leaf_clk (net)
                  0.05    0.00   10.28 ^ _348_/CLK (sky130_fd_sc_hd__dfrtp_4)
                          0.00   10.28   clock reconvergence pessimism
                         -0.08   10.20   library setup time
                                 10.20   data required time
-----------------------------------------------------------------------------
                                 10.20   data required time
                                 -3.04   data arrival time
-----------------------------------------------------------------------------
                                  7.16   slack (MET)


Startpoint: _343_ (rising edge-triggered flip-flop clocked by core_clock)
Endpoint: _347_ (rising edge-triggered flip-flop clocked by core_clock)
Path Group: core_clock
Path Type: max

Fanout     Cap    Slew   Delay    Time   Description
-----------------------------------------------------------------------------
                          0.00    0.00   clock core_clock (rise edge)
                          0.00    0.00   clock source latency
     1    0.02    0.00    0.00    0.00 ^ clk (in)
                                         clk (net)
                  0.00    0.00    0.00 ^ clkbuf_0_clk/A (sky130_fd_sc_hd__clkbuf_16)
     4    0.05    0.07    0.14    0.14 ^ clkbuf_0_clk/X (sky130_fd_sc_hd__clkbuf_16)
                                         clknet_0_clk (net)
                  0.07    0.00    0.14 ^ clkbuf_2_1__f_clk/A (sky130_fd_sc_hd__clkbuf_16)
     9    0.03    0.05    0.15    0.28 ^ clkbuf_2_1__f_clk/X (sky130_fd_sc_hd__clkbuf_16)
                                         clknet_2_1__leaf_clk (net)
                  0.05    0.00    0.28 ^ _343_/CLK (sky130_fd_sc_hd__dfrtp_4)
     4    0.05    0.12    0.55    0.83 v _343_/Q (sky130_fd_sc_hd__dfrtp_4)
                                         one_second_counter[13] (net)
                  0.12    0.00    0.84 v _180_/D (sky130_fd_sc_hd__and4_2)
     2    0.02    0.07    0.31    1.14 v _180_/X (sky130_fd_sc_hd__and4_2)
                                         _078_ (net)
                  0.07    0.00    1.15 v _181_/D (sky130_fd_sc_hd__or4_1)
     1    0.01    0.10    0.43    1.58 v _181_/X (sky130_fd_sc_hd__or4_1)
                                         _079_ (net)
                  0.10    0.00    1.58 v _184_/A3 (sky130_fd_sc_hd__o31a_2)
     1    0.02    0.09    0.36    1.94 v _184_/X (sky130_fd_sc_hd__o31a_2)
                                         _082_ (net)
                  0.09    0.00    1.94 v _186_/A2 (sky130_fd_sc_hd__o211ai_4)
     2    0.02    0.25    0.26    2.20 ^ _186_/Y (sky130_fd_sc_hd__o211ai_4)
                                         _084_ (net)
                  0.25    0.00    2.20 ^ _187_/A2 (sky130_fd_sc_hd__a21bo_4)
     9    0.08    0.26    0.32    2.52 ^ _187_/X (sky130_fd_sc_hd__a21bo_4)
                                         _085_ (net)
                  0.26    0.01    2.53 ^ _188_/A (sky130_fd_sc_hd__inv_2)
     2    0.03    0.11    0.14    2.67 v _188_/Y (sky130_fd_sc_hd__inv_2)
                                         _086_ (net)
                  0.11    0.00    2.67 v _189_/A (sky130_fd_sc_hd__buf_8)
    10    0.10    0.08    0.20    2.86 v _189_/X (sky130_fd_sc_hd__buf_8)
                                         _027_ (net)
                  0.08    0.00    2.87 v _252_/A (sky130_fd_sc_hd__nor2_1)
     1    0.01    0.16    0.17    3.04 ^ _252_/Y (sky130_fd_sc_hd__nor2_1)
                                         _008_ (net)
                  0.16    0.00    3.04 ^ _347_/D (sky130_fd_sc_hd__dfrtp_4)
                                  3.04   data arrival time

                         10.00   10.00   clock core_clock (rise edge)
                          0.00   10.00   clock source latency
     1    0.02    0.00    0.00   10.00 ^ clk (in)
                                         clk (net)
                  0.00    0.00   10.00 ^ clkbuf_0_clk/A (sky130_fd_sc_hd__clkbuf_16)
     4    0.05    0.07    0.14   10.14 ^ clkbuf_0_clk/X (sky130_fd_sc_hd__clkbuf_16)
                                         clknet_0_clk (net)
                  0.07    0.00   10.14 ^ clkbuf_2_2__f_clk/A (sky130_fd_sc_hd__clkbuf_16)
     7    0.04    0.06    0.15   10.29 ^ clkbuf_2_2__f_clk/X (sky130_fd_sc_hd__clkbuf_16)
                                         clknet_2_2__leaf_clk (net)
                  0.06    0.00   10.29 ^ _347_/CLK (sky130_fd_sc_hd__dfrtp_4)
                          0.00   10.29   clock reconvergence pessimism
                         -0.09   10.20   library setup time
                                 10.20   data required time
-----------------------------------------------------------------------------
                                 10.20   data required time
                                 -3.04   data arrival time
-----------------------------------------------------------------------------
                                  7.16   slack (MET)


Startpoint: _343_ (rising edge-triggered flip-flop clocked by core_clock)
Endpoint: _332_ (rising edge-triggered flip-flop clocked by core_clock)
Path Group: core_clock
Path Type: max

Fanout     Cap    Slew   Delay    Time   Description
-----------------------------------------------------------------------------
                          0.00    0.00   clock core_clock (rise edge)
                          0.00    0.00   clock source latency
     1    0.02    0.00    0.00    0.00 ^ clk (in)
                                         clk (net)
                  0.00    0.00    0.00 ^ clkbuf_0_clk/A (sky130_fd_sc_hd__clkbuf_16)
     4    0.05    0.07    0.14    0.14 ^ clkbuf_0_clk/X (sky130_fd_sc_hd__clkbuf_16)
                                         clknet_0_clk (net)
                  0.07    0.00    0.14 ^ clkbuf_2_1__f_clk/A (sky130_fd_sc_hd__clkbuf_16)
     9    0.03    0.05    0.15    0.28 ^ clkbuf_2_1__f_clk/X (sky130_fd_sc_hd__clkbuf_16)
                                         clknet_2_1__leaf_clk (net)
                  0.05    0.00    0.28 ^ _343_/CLK (sky130_fd_sc_hd__dfrtp_4)
     4    0.05    0.12    0.55    0.83 v _343_/Q (sky130_fd_sc_hd__dfrtp_4)
                                         one_second_counter[13] (net)
                  0.12    0.00    0.84 v _180_/D (sky130_fd_sc_hd__and4_2)
     2    0.02    0.07    0.31    1.14 v _180_/X (sky130_fd_sc_hd__and4_2)
                                         _078_ (net)
                  0.07    0.00    1.15 v _181_/D (sky130_fd_sc_hd__or4_1)
     1    0.01    0.10    0.43    1.58 v _181_/X (sky130_fd_sc_hd__or4_1)
                                         _079_ (net)
                  0.10    0.00    1.58 v _184_/A3 (sky130_fd_sc_hd__o31a_2)
     1    0.02    0.09    0.36    1.94 v _184_/X (sky130_fd_sc_hd__o31a_2)
                                         _082_ (net)
                  0.09    0.00    1.94 v _186_/A2 (sky130_fd_sc_hd__o211ai_4)
     2    0.02    0.25    0.26    2.20 ^ _186_/Y (sky130_fd_sc_hd__o211ai_4)
                                         _084_ (net)
                  0.25    0.00    2.20 ^ _187_/A2 (sky130_fd_sc_hd__a21bo_4)
     9    0.08    0.26    0.32    2.52 ^ _187_/X (sky130_fd_sc_hd__a21bo_4)
                                         _085_ (net)
                  0.26    0.01    2.53 ^ _197_/B (sky130_fd_sc_hd__and3_2)
     1    0.03    0.17    0.33    2.86 ^ _197_/X (sky130_fd_sc_hd__and3_2)
                                         _092_ (net)
                  0.17    0.01    2.87 ^ _198_/A (sky130_fd_sc_hd__buf_1)
     1    0.01    0.10    0.15    3.02 ^ _198_/X (sky130_fd_sc_hd__buf_1)
                                         _019_ (net)
                  0.10    0.00    3.02 ^ _332_/D (sky130_fd_sc_hd__dfrtp_4)
                                  3.02   data arrival time

                         10.00   10.00   clock core_clock (rise edge)
                          0.00   10.00   clock source latency
     1    0.02    0.00    0.00   10.00 ^ clk (in)
                                         clk (net)
                  0.00    0.00   10.00 ^ clkbuf_0_clk/A (sky130_fd_sc_hd__clkbuf_16)
     4    0.05    0.07    0.14   10.14 ^ clkbuf_0_clk/X (sky130_fd_sc_hd__clkbuf_16)
                                         clknet_0_clk (net)
                  0.07    0.00   10.14 ^ clkbuf_2_2__f_clk/A (sky130_fd_sc_hd__clkbuf_16)
     7    0.04    0.06    0.15   10.29 ^ clkbuf_2_2__f_clk/X (sky130_fd_sc_hd__clkbuf_16)
                                         clknet_2_2__leaf_clk (net)
                  0.06    0.00   10.29 ^ _332_/CLK (sky130_fd_sc_hd__dfrtp_4)
                          0.00   10.29   clock reconvergence pessimism
                         -0.07   10.21   library setup time
                                 10.21   data required time
-----------------------------------------------------------------------------
                                 10.21   data required time
                                 -3.02   data arrival time
-----------------------------------------------------------------------------
                                  7.19   slack (MET)


Startpoint: _343_ (rising edge-triggered flip-flop clocked by core_clock)
Endpoint: _337_ (rising edge-triggered flip-flop clocked by core_clock)
Path Group: core_clock
Path Type: max

Fanout     Cap    Slew   Delay    Time   Description
-----------------------------------------------------------------------------
                          0.00    0.00   clock core_clock (rise edge)
                          0.00    0.00   clock source latency
     1    0.02    0.00    0.00    0.00 ^ clk (in)
                                         clk (net)
                  0.00    0.00    0.00 ^ clkbuf_0_clk/A (sky130_fd_sc_hd__clkbuf_16)
     4    0.05    0.07    0.14    0.14 ^ clkbuf_0_clk/X (sky130_fd_sc_hd__clkbuf_16)
                                         clknet_0_clk (net)
                  0.07    0.00    0.14 ^ clkbuf_2_1__f_clk/A (sky130_fd_sc_hd__clkbuf_16)
     9    0.03    0.05    0.15    0.28 ^ clkbuf_2_1__f_clk/X (sky130_fd_sc_hd__clkbuf_16)
                                         clknet_2_1__leaf_clk (net)
                  0.05    0.00    0.28 ^ _343_/CLK (sky130_fd_sc_hd__dfrtp_4)
     4    0.05    0.12    0.55    0.83 v _343_/Q (sky130_fd_sc_hd__dfrtp_4)
                                         one_second_counter[13] (net)
                  0.12    0.00    0.84 v _180_/D (sky130_fd_sc_hd__and4_2)
     2    0.02    0.07    0.31    1.14 v _180_/X (sky130_fd_sc_hd__and4_2)
                                         _078_ (net)
                  0.07    0.00    1.15 v _181_/D (sky130_fd_sc_hd__or4_1)
     1    0.01    0.10    0.43    1.58 v _181_/X (sky130_fd_sc_hd__or4_1)
                                         _079_ (net)
                  0.10    0.00    1.58 v _184_/A3 (sky130_fd_sc_hd__o31a_2)
     1    0.02    0.09    0.36    1.94 v _184_/X (sky130_fd_sc_hd__o31a_2)
                                         _082_ (net)
                  0.09    0.00    1.94 v _186_/A2 (sky130_fd_sc_hd__o211ai_4)
     2    0.02    0.25    0.26    2.20 ^ _186_/Y (sky130_fd_sc_hd__o211ai_4)
                                         _084_ (net)
                  0.25    0.00    2.20 ^ _187_/A2 (sky130_fd_sc_hd__a21bo_4)
     9    0.08    0.26    0.32    2.52 ^ _187_/X (sky130_fd_sc_hd__a21bo_4)
                                         _085_ (net)
                  0.26    0.01    2.53 ^ _188_/A (sky130_fd_sc_hd__inv_2)
     2    0.03    0.11    0.14    2.67 v _188_/Y (sky130_fd_sc_hd__inv_2)
                                         _086_ (net)
                  0.11    0.00    2.67 v _215_/B1 (sky130_fd_sc_hd__a211oi_4)
     1    0.02    0.27    0.30    2.97 ^ _215_/Y (sky130_fd_sc_hd__a211oi_4)
                                         _024_ (net)
                  0.27    0.00    2.97 ^ _337_/D (sky130_fd_sc_hd__dfrtp_4)
                                  2.97   data arrival time

                         10.00   10.00   clock core_clock (rise edge)
                          0.00   10.00   clock source latency
     1    0.02    0.00    0.00   10.00 ^ clk (in)
                                         clk (net)
                  0.00    0.00   10.00 ^ clkbuf_0_clk/A (sky130_fd_sc_hd__clkbuf_16)
     4    0.05    0.07    0.14   10.14 ^ clkbuf_0_clk/X (sky130_fd_sc_hd__clkbuf_16)
                                         clknet_0_clk (net)
                  0.07    0.00   10.14 ^ clkbuf_2_0__f_clk/A (sky130_fd_sc_hd__clkbuf_16)
     9    0.03    0.05    0.15   10.28 ^ clkbuf_2_0__f_clk/X (sky130_fd_sc_hd__clkbuf_16)
                                         clknet_2_0__leaf_clk (net)
                  0.05    0.00   10.29 ^ _337_/CLK (sky130_fd_sc_hd__dfrtp_4)
                          0.00   10.29   clock reconvergence pessimism
                         -0.11   10.17   library setup time
                                 10.17   data required time
-----------------------------------------------------------------------------
                                 10.17   data required time
                                 -2.97   data arrival time
-----------------------------------------------------------------------------
                                  7.20   slack (MET)


Startpoint: _343_ (rising edge-triggered flip-flop clocked by core_clock)
Endpoint: _356_ (rising edge-triggered flip-flop clocked by core_clock)
Path Group: core_clock
Path Type: max

Fanout     Cap    Slew   Delay    Time   Description
-----------------------------------------------------------------------------
                          0.00    0.00   clock core_clock (rise edge)
                          0.00    0.00   clock source latency
     1    0.02    0.00    0.00    0.00 ^ clk (in)
                                         clk (net)
                  0.00    0.00    0.00 ^ clkbuf_0_clk/A (sky130_fd_sc_hd__clkbuf_16)
     4    0.05    0.07    0.14    0.14 ^ clkbuf_0_clk/X (sky130_fd_sc_hd__clkbuf_16)
                                         clknet_0_clk (net)
                  0.07    0.00    0.14 ^ clkbuf_2_1__f_clk/A (sky130_fd_sc_hd__clkbuf_16)
     9    0.03    0.05    0.15    0.28 ^ clkbuf_2_1__f_clk/X (sky130_fd_sc_hd__clkbuf_16)
                                         clknet_2_1__leaf_clk (net)
                  0.05    0.00    0.28 ^ _343_/CLK (sky130_fd_sc_hd__dfrtp_4)
     4    0.05    0.12    0.55    0.83 v _343_/Q (sky130_fd_sc_hd__dfrtp_4)
                                         one_second_counter[13] (net)
                  0.12    0.00    0.84 v _180_/D (sky130_fd_sc_hd__and4_2)
     2    0.02    0.07    0.31    1.14 v _180_/X (sky130_fd_sc_hd__and4_2)
                                         _078_ (net)
                  0.07    0.00    1.15 v _181_/D (sky130_fd_sc_hd__or4_1)
     1    0.01    0.10    0.43    1.58 v _181_/X (sky130_fd_sc_hd__or4_1)
                                         _079_ (net)
                  0.10    0.00    1.58 v _184_/A3 (sky130_fd_sc_hd__o31a_2)
     1    0.02    0.09    0.36    1.94 v _184_/X (sky130_fd_sc_hd__o31a_2)
                                         _082_ (net)
                  0.09    0.00    1.94 v _186_/A2 (sky130_fd_sc_hd__o211ai_4)
     2    0.02    0.25    0.26    2.20 ^ _186_/Y (sky130_fd_sc_hd__o211ai_4)
                                         _084_ (net)
                  0.25    0.00    2.20 ^ _187_/A2 (sky130_fd_sc_hd__a21bo_4)
     9    0.08    0.26    0.32    2.52 ^ _187_/X (sky130_fd_sc_hd__a21bo_4)
                                         _085_ (net)
                  0.26    0.01    2.53 ^ _202_/A (sky130_fd_sc_hd__clkbuf_8)
    10    0.08    0.14    0.27    2.80 ^ _202_/X (sky130_fd_sc_hd__clkbuf_8)
                                         _095_ (net)
                  0.14    0.01    2.80 ^ _284_/B1 (sky130_fd_sc_hd__o211a_1)
     1    0.01    0.10    0.21    3.02 ^ _284_/X (sky130_fd_sc_hd__o211a_1)
                                         _018_ (net)
                  0.10    0.00    3.02 ^ _356_/D (sky130_fd_sc_hd__dfrtp_2)
                                  3.02   data arrival time

                         10.00   10.00   clock core_clock (rise edge)
                          0.00   10.00   clock source latency
     1    0.02    0.00    0.00   10.00 ^ clk (in)
                                         clk (net)
                  0.00    0.00   10.00 ^ clkbuf_0_clk/A (sky130_fd_sc_hd__clkbuf_16)
     4    0.05    0.07    0.14   10.14 ^ clkbuf_0_clk/X (sky130_fd_sc_hd__clkbuf_16)
                                         clknet_0_clk (net)
                  0.07    0.00   10.14 ^ clkbuf_2_3__f_clk/A (sky130_fd_sc_hd__clkbuf_16)
    10    0.04    0.06    0.15   10.29 ^ clkbuf_2_3__f_clk/X (sky130_fd_sc_hd__clkbuf_16)
                                         clknet_2_3__leaf_clk (net)
                  0.06    0.00   10.29 ^ _356_/CLK (sky130_fd_sc_hd__dfrtp_2)
                          0.00   10.29   clock reconvergence pessimism
                         -0.07   10.22   library setup time
                                 10.22   data required time
-----------------------------------------------------------------------------
                                 10.22   data required time
                                 -3.02   data arrival time
-----------------------------------------------------------------------------
                                  7.20   slack (MET)


Startpoint: _343_ (rising edge-triggered flip-flop clocked by core_clock)
Endpoint: _333_ (rising edge-triggered flip-flop clocked by core_clock)
Path Group: core_clock
Path Type: max

Fanout     Cap    Slew   Delay    Time   Description
-----------------------------------------------------------------------------
                          0.00    0.00   clock core_clock (rise edge)
                          0.00    0.00   clock source latency
     1    0.02    0.00    0.00    0.00 ^ clk (in)
                                         clk (net)
                  0.00    0.00    0.00 ^ clkbuf_0_clk/A (sky130_fd_sc_hd__clkbuf_16)
     4    0.05    0.07    0.14    0.14 ^ clkbuf_0_clk/X (sky130_fd_sc_hd__clkbuf_16)
                                         clknet_0_clk (net)
                  0.07    0.00    0.14 ^ clkbuf_2_1__f_clk/A (sky130_fd_sc_hd__clkbuf_16)
     9    0.03    0.05    0.15    0.28 ^ clkbuf_2_1__f_clk/X (sky130_fd_sc_hd__clkbuf_16)
                                         clknet_2_1__leaf_clk (net)
                  0.05    0.00    0.28 ^ _343_/CLK (sky130_fd_sc_hd__dfrtp_4)
     4    0.05    0.12    0.55    0.83 v _343_/Q (sky130_fd_sc_hd__dfrtp_4)
                                         one_second_counter[13] (net)
                  0.12    0.00    0.84 v _180_/D (sky130_fd_sc_hd__and4_2)
     2    0.02    0.07    0.31    1.14 v _180_/X (sky130_fd_sc_hd__and4_2)
                                         _078_ (net)
                  0.07    0.00    1.15 v _181_/D (sky130_fd_sc_hd__or4_1)
     1    0.01    0.10    0.43    1.58 v _181_/X (sky130_fd_sc_hd__or4_1)
                                         _079_ (net)
                  0.10    0.00    1.58 v _184_/A3 (sky130_fd_sc_hd__o31a_2)
     1    0.02    0.09    0.36    1.94 v _184_/X (sky130_fd_sc_hd__o31a_2)
                                         _082_ (net)
                  0.09    0.00    1.94 v _186_/A2 (sky130_fd_sc_hd__o211ai_4)
     2    0.02    0.25    0.26    2.20 ^ _186_/Y (sky130_fd_sc_hd__o211ai_4)
                                         _084_ (net)
                  0.25    0.00    2.20 ^ _187_/A2 (sky130_fd_sc_hd__a21bo_4)
     9    0.08    0.26    0.32    2.52 ^ _187_/X (sky130_fd_sc_hd__a21bo_4)
                                         _085_ (net)
                  0.26    0.00    2.53 ^ _200_/B (sky130_fd_sc_hd__and3b_1)
     1    0.01    0.10    0.24    2.77 ^ _200_/X (sky130_fd_sc_hd__and3b_1)
                                         _094_ (net)
                  0.10    0.00    2.77 ^ _201_/A (sky130_fd_sc_hd__buf_2)
     1    0.03    0.14    0.20    2.97 ^ _201_/X (sky130_fd_sc_hd__buf_2)
                                         _020_ (net)
                  0.14    0.00    2.98 ^ _333_/D (sky130_fd_sc_hd__dfrtp_4)
                                  2.98   data arrival time

                         10.00   10.00   clock core_clock (rise edge)
                          0.00   10.00   clock source latency
     1    0.02    0.00    0.00   10.00 ^ clk (in)
                                         clk (net)
                  0.00    0.00   10.00 ^ clkbuf_0_clk/A (sky130_fd_sc_hd__clkbuf_16)
     4    0.05    0.07    0.14   10.14 ^ clkbuf_0_clk/X (sky130_fd_sc_hd__clkbuf_16)
                                         clknet_0_clk (net)
                  0.07    0.00   10.14 ^ clkbuf_2_0__f_clk/A (sky130_fd_sc_hd__clkbuf_16)
     9    0.03    0.05    0.15   10.28 ^ clkbuf_2_0__f_clk/X (sky130_fd_sc_hd__clkbuf_16)
                                         clknet_2_0__leaf_clk (net)
                  0.05    0.00   10.29 ^ _333_/CLK (sky130_fd_sc_hd__dfrtp_4)
                          0.00   10.29   clock reconvergence pessimism
                         -0.09   10.20   library setup time
                                 10.20   data required time
-----------------------------------------------------------------------------
                                 10.20   data required time
                                 -2.98   data arrival time
-----------------------------------------------------------------------------
                                  7.23   slack (MET)


Startpoint: _343_ (rising edge-triggered flip-flop clocked by core_clock)
Endpoint: _338_ (rising edge-triggered flip-flop clocked by core_clock)
Path Group: core_clock
Path Type: max

Fanout     Cap    Slew   Delay    Time   Description
-----------------------------------------------------------------------------
                          0.00    0.00   clock core_clock (rise edge)
                          0.00    0.00   clock source latency
     1    0.02    0.00    0.00    0.00 ^ clk (in)
                                         clk (net)
                  0.00    0.00    0.00 ^ clkbuf_0_clk/A (sky130_fd_sc_hd__clkbuf_16)
     4    0.05    0.07    0.14    0.14 ^ clkbuf_0_clk/X (sky130_fd_sc_hd__clkbuf_16)
                                         clknet_0_clk (net)
                  0.07    0.00    0.14 ^ clkbuf_2_1__f_clk/A (sky130_fd_sc_hd__clkbuf_16)
     9    0.03    0.05    0.15    0.28 ^ clkbuf_2_1__f_clk/X (sky130_fd_sc_hd__clkbuf_16)
                                         clknet_2_1__leaf_clk (net)
                  0.05    0.00    0.28 ^ _343_/CLK (sky130_fd_sc_hd__dfrtp_4)
     4    0.05    0.12    0.55    0.83 v _343_/Q (sky130_fd_sc_hd__dfrtp_4)
                                         one_second_counter[13] (net)
                  0.12    0.00    0.84 v _180_/D (sky130_fd_sc_hd__and4_2)
     2    0.02    0.07    0.31    1.14 v _180_/X (sky130_fd_sc_hd__and4_2)
                                         _078_ (net)
                  0.07    0.00    1.15 v _181_/D (sky130_fd_sc_hd__or4_1)
     1    0.01    0.10    0.43    1.58 v _181_/X (sky130_fd_sc_hd__or4_1)
                                         _079_ (net)
                  0.10    0.00    1.58 v _184_/A3 (sky130_fd_sc_hd__o31a_2)
     1    0.02    0.09    0.36    1.94 v _184_/X (sky130_fd_sc_hd__o31a_2)
                                         _082_ (net)
                  0.09    0.00    1.94 v _186_/A2 (sky130_fd_sc_hd__o211ai_4)
     2    0.02    0.25    0.26    2.20 ^ _186_/Y (sky130_fd_sc_hd__o211ai_4)
                                         _084_ (net)
                  0.25    0.00    2.20 ^ _187_/A2 (sky130_fd_sc_hd__a21bo_4)
     9    0.08    0.26    0.32    2.52 ^ _187_/X (sky130_fd_sc_hd__a21bo_4)
                                         _085_ (net)
                  0.26    0.01    2.53 ^ _218_/B (sky130_fd_sc_hd__and3_2)
     1    0.03    0.15    0.32    2.85 ^ _218_/X (sky130_fd_sc_hd__and3_2)
                                         _107_ (net)
                  0.15    0.00    2.85 ^ _219_/A (sky130_fd_sc_hd__buf_1)
     1    0.01    0.09    0.14    2.99 ^ _219_/X (sky130_fd_sc_hd__buf_1)
                                         _025_ (net)
                  0.09    0.00    2.99 ^ _338_/D (sky130_fd_sc_hd__dfrtp_4)
                                  2.99   data arrival time

                         10.00   10.00   clock core_clock (rise edge)
                          0.00   10.00   clock source latency
     1    0.02    0.00    0.00   10.00 ^ clk (in)
                                         clk (net)
                  0.00    0.00   10.00 ^ clkbuf_0_clk/A (sky130_fd_sc_hd__clkbuf_16)
     4    0.05    0.07    0.14   10.14 ^ clkbuf_0_clk/X (sky130_fd_sc_hd__clkbuf_16)
                                         clknet_0_clk (net)
                  0.07    0.00   10.14 ^ clkbuf_2_0__f_clk/A (sky130_fd_sc_hd__clkbuf_16)
     9    0.03    0.05    0.15   10.28 ^ clkbuf_2_0__f_clk/X (sky130_fd_sc_hd__clkbuf_16)
                                         clknet_2_0__leaf_clk (net)
                  0.05    0.00   10.29 ^ _338_/CLK (sky130_fd_sc_hd__dfrtp_4)
                          0.00   10.29   clock reconvergence pessimism
                         -0.07   10.21   library setup time
                                 10.21   data required time
-----------------------------------------------------------------------------
                                 10.21   data required time
                                 -2.99   data arrival time
-----------------------------------------------------------------------------
                                  7.23   slack (MET)


Startpoint: _330_ (rising edge-triggered flip-flop clocked by core_clock)
Endpoint: _352_ (rising edge-triggered flip-flop clocked by core_clock)
Path Group: core_clock
Path Type: max

Fanout     Cap    Slew   Delay    Time   Description
-----------------------------------------------------------------------------
                          0.00    0.00   clock core_clock (rise edge)
                          0.00    0.00   clock source latency
     1    0.02    0.00    0.00    0.00 ^ clk (in)
                                         clk (net)
                  0.00    0.00    0.00 ^ clkbuf_0_clk/A (sky130_fd_sc_hd__clkbuf_16)
     4    0.05    0.07    0.14    0.14 ^ clkbuf_0_clk/X (sky130_fd_sc_hd__clkbuf_16)
                                         clknet_0_clk (net)
                  0.07    0.00    0.14 ^ clkbuf_2_0__f_clk/A (sky130_fd_sc_hd__clkbuf_16)
     9    0.03    0.05    0.15    0.28 ^ clkbuf_2_0__f_clk/X (sky130_fd_sc_hd__clkbuf_16)
                                         clknet_2_0__leaf_clk (net)
                  0.05    0.00    0.29 ^ _330_/CLK (sky130_fd_sc_hd__dfrtp_4)
     7    0.07    0.22    0.55    0.84 ^ _330_/Q (sky130_fd_sc_hd__dfrtp_4)
                                         one_second_counter[0] (net)
                  0.22    0.00    0.84 ^ _177_/D (sky130_fd_sc_hd__and4_4)
     7    0.05    0.17    0.37    1.21 ^ _177_/X (sky130_fd_sc_hd__and4_4)
                                         _075_ (net)
                  0.17    0.00    1.21 ^ _221_/C (sky130_fd_sc_hd__and4_4)
     6    0.04    0.15    0.34    1.55 ^ _221_/X (sky130_fd_sc_hd__and4_4)
                                         _109_ (net)
                  0.15    0.01    1.55 ^ _244_/D (sky130_fd_sc_hd__and4_1)
     1    0.01    0.15    0.29    1.84 ^ _244_/X (sky130_fd_sc_hd__and4_1)
                                         _126_ (net)
                  0.15    0.00    1.84 ^ _245_/A (sky130_fd_sc_hd__buf_8)
    10    0.10    0.16    0.21    2.05 ^ _245_/X (sky130_fd_sc_hd__buf_8)
                                         _127_ (net)
                  0.16    0.01    2.06 ^ _267_/C (sky130_fd_sc_hd__and4_4)
     3    0.05    0.17    0.35    2.42 ^ _267_/X (sky130_fd_sc_hd__and4_4)
                                         _143_ (net)
                  0.17    0.00    2.42 ^ _269_/B (sky130_fd_sc_hd__or2_2)
     1    0.02    0.10    0.19    2.61 ^ _269_/X (sky130_fd_sc_hd__or2_2)
                                         _144_ (net)
                  0.10    0.00    2.61 ^ _271_/B (sky130_fd_sc_hd__and3_1)
     1    0.01    0.15    0.24    2.85 ^ _271_/X (sky130_fd_sc_hd__and3_1)
                                         _146_ (net)
                  0.15    0.00    2.85 ^ _272_/A (sky130_fd_sc_hd__clkbuf_1)
     1    0.00    0.06    0.12    2.97 ^ _272_/X (sky130_fd_sc_hd__clkbuf_1)
                                         _014_ (net)
                  0.06    0.00    2.97 ^ _352_/D (sky130_fd_sc_hd__dfrtp_4)
                                  2.97   data arrival time

                         10.00   10.00   clock core_clock (rise edge)
                          0.00   10.00   clock source latency
     1    0.02    0.00    0.00   10.00 ^ clk (in)
                                         clk (net)
                  0.00    0.00   10.00 ^ clkbuf_0_clk/A (sky130_fd_sc_hd__clkbuf_16)
     4    0.05    0.07    0.14   10.14 ^ clkbuf_0_clk/X (sky130_fd_sc_hd__clkbuf_16)
                                         clknet_0_clk (net)
                  0.07    0.00   10.14 ^ clkbuf_2_1__f_clk/A (sky130_fd_sc_hd__clkbuf_16)
     9    0.03    0.05    0.15   10.28 ^ clkbuf_2_1__f_clk/X (sky130_fd_sc_hd__clkbuf_16)
                                         clknet_2_1__leaf_clk (net)
                  0.05    0.00   10.28 ^ _352_/CLK (sky130_fd_sc_hd__dfrtp_4)
                          0.00   10.28   clock reconvergence pessimism
                         -0.07   10.22   library setup time
                                 10.22   data required time
-----------------------------------------------------------------------------
                                 10.22   data required time
                                 -2.97   data arrival time
-----------------------------------------------------------------------------
                                  7.24   slack (MET)


Startpoint: _343_ (rising edge-triggered flip-flop clocked by core_clock)
Endpoint: _331_ (rising edge-triggered flip-flop clocked by core_clock)
Path Group: core_clock
Path Type: max

Fanout     Cap    Slew   Delay    Time   Description
-----------------------------------------------------------------------------
                          0.00    0.00   clock core_clock (rise edge)
                          0.00    0.00   clock source latency
     1    0.02    0.00    0.00    0.00 ^ clk (in)
                                         clk (net)
                  0.00    0.00    0.00 ^ clkbuf_0_clk/A (sky130_fd_sc_hd__clkbuf_16)
     4    0.05    0.07    0.14    0.14 ^ clkbuf_0_clk/X (sky130_fd_sc_hd__clkbuf_16)
                                         clknet_0_clk (net)
                  0.07    0.00    0.14 ^ clkbuf_2_1__f_clk/A (sky130_fd_sc_hd__clkbuf_16)
     9    0.03    0.05    0.15    0.28 ^ clkbuf_2_1__f_clk/X (sky130_fd_sc_hd__clkbuf_16)
                                         clknet_2_1__leaf_clk (net)
                  0.05    0.00    0.28 ^ _343_/CLK (sky130_fd_sc_hd__dfrtp_4)
     4    0.05    0.12    0.55    0.83 v _343_/Q (sky130_fd_sc_hd__dfrtp_4)
                                         one_second_counter[13] (net)
                  0.12    0.00    0.84 v _180_/D (sky130_fd_sc_hd__and4_2)
     2    0.02    0.07    0.31    1.14 v _180_/X (sky130_fd_sc_hd__and4_2)
                                         _078_ (net)
                  0.07    0.00    1.15 v _181_/D (sky130_fd_sc_hd__or4_1)
     1    0.01    0.10    0.43    1.58 v _181_/X (sky130_fd_sc_hd__or4_1)
                                         _079_ (net)
                  0.10    0.00    1.58 v _184_/A3 (sky130_fd_sc_hd__o31a_2)
     1    0.02    0.09    0.36    1.94 v _184_/X (sky130_fd_sc_hd__o31a_2)
                                         _082_ (net)
                  0.09    0.00    1.94 v _186_/A2 (sky130_fd_sc_hd__o211ai_4)
     2    0.02    0.25    0.26    2.20 ^ _186_/Y (sky130_fd_sc_hd__o211ai_4)
                                         _084_ (net)
                  0.25    0.00    2.20 ^ _187_/A2 (sky130_fd_sc_hd__a21bo_4)
     9    0.08    0.26    0.32    2.52 ^ _187_/X (sky130_fd_sc_hd__a21bo_4)
                                         _085_ (net)
                  0.26    0.01    2.53 ^ _193_/B (sky130_fd_sc_hd__and3_1)
     1    0.01    0.10    0.24    2.77 ^ _193_/X (sky130_fd_sc_hd__and3_1)
                                         _089_ (net)
                  0.10    0.00    2.77 ^ _194_/A (sky130_fd_sc_hd__buf_1)
     1    0.01    0.16    0.17    2.94 ^ _194_/X (sky130_fd_sc_hd__buf_1)
                                         _011_ (net)
                  0.16    0.00    2.94 ^ _331_/D (sky130_fd_sc_hd__dfrtp_4)
                                  2.94   data arrival time

                         10.00   10.00   clock core_clock (rise edge)
                          0.00   10.00   clock source latency
     1    0.02    0.00    0.00   10.00 ^ clk (in)
                                         clk (net)
                  0.00    0.00   10.00 ^ clkbuf_0_clk/A (sky130_fd_sc_hd__clkbuf_16)
     4    0.05    0.07    0.14   10.14 ^ clkbuf_0_clk/X (sky130_fd_sc_hd__clkbuf_16)
                                         clknet_0_clk (net)
                  0.07    0.00   10.14 ^ clkbuf_2_3__f_clk/A (sky130_fd_sc_hd__clkbuf_16)
    10    0.04    0.06    0.15   10.29 ^ clkbuf_2_3__f_clk/X (sky130_fd_sc_hd__clkbuf_16)
                                         clknet_2_3__leaf_clk (net)
                  0.06    0.00   10.29 ^ _331_/CLK (sky130_fd_sc_hd__dfrtp_4)
                          0.00   10.29   clock reconvergence pessimism
                         -0.09   10.21   library setup time
                                 10.21   data required time
-----------------------------------------------------------------------------
                                 10.21   data required time
                                 -2.94   data arrival time
-----------------------------------------------------------------------------
                                  7.26   slack (MET)


Startpoint: _343_ (rising edge-triggered flip-flop clocked by core_clock)
Endpoint: _355_ (rising edge-triggered flip-flop clocked by core_clock)
Path Group: core_clock
Path Type: max

Fanout     Cap    Slew   Delay    Time   Description
-----------------------------------------------------------------------------
                          0.00    0.00   clock core_clock (rise edge)
                          0.00    0.00   clock source latency
     1    0.02    0.00    0.00    0.00 ^ clk (in)
                                         clk (net)
                  0.00    0.00    0.00 ^ clkbuf_0_clk/A (sky130_fd_sc_hd__clkbuf_16)
     4    0.05    0.07    0.14    0.14 ^ clkbuf_0_clk/X (sky130_fd_sc_hd__clkbuf_16)
                                         clknet_0_clk (net)
                  0.07    0.00    0.14 ^ clkbuf_2_1__f_clk/A (sky130_fd_sc_hd__clkbuf_16)
     9    0.03    0.05    0.15    0.28 ^ clkbuf_2_1__f_clk/X (sky130_fd_sc_hd__clkbuf_16)
                                         clknet_2_1__leaf_clk (net)
                  0.05    0.00    0.28 ^ _343_/CLK (sky130_fd_sc_hd__dfrtp_4)
     4    0.05    0.12    0.55    0.83 v _343_/Q (sky130_fd_sc_hd__dfrtp_4)
                                         one_second_counter[13] (net)
                  0.12    0.00    0.84 v _180_/D (sky130_fd_sc_hd__and4_2)
     2    0.02    0.07    0.31    1.14 v _180_/X (sky130_fd_sc_hd__and4_2)
                                         _078_ (net)
                  0.07    0.00    1.15 v _181_/D (sky130_fd_sc_hd__or4_1)
     1    0.01    0.10    0.43    1.58 v _181_/X (sky130_fd_sc_hd__or4_1)
                                         _079_ (net)
                  0.10    0.00    1.58 v _184_/A3 (sky130_fd_sc_hd__o31a_2)
     1    0.02    0.09    0.36    1.94 v _184_/X (sky130_fd_sc_hd__o31a_2)
                                         _082_ (net)
                  0.09    0.00    1.94 v _186_/A2 (sky130_fd_sc_hd__o211ai_4)
     2    0.02    0.25    0.26    2.20 ^ _186_/Y (sky130_fd_sc_hd__o211ai_4)
                                         _084_ (net)
                  0.25    0.00    2.20 ^ _187_/A2 (sky130_fd_sc_hd__a21bo_4)
     9    0.08    0.26    0.32    2.52 ^ _187_/X (sky130_fd_sc_hd__a21bo_4)
                                         _085_ (net)
                  0.26    0.01    2.53 ^ _281_/A (sky130_fd_sc_hd__and3_2)
     1    0.02    0.13    0.30    2.83 ^ _281_/X (sky130_fd_sc_hd__and3_2)
                                         _153_ (net)
                  0.13    0.00    2.83 ^ _282_/A (sky130_fd_sc_hd__clkbuf_1)
     1    0.00    0.06    0.12    2.95 ^ _282_/X (sky130_fd_sc_hd__clkbuf_1)
                                         _017_ (net)
                  0.06    0.00    2.95 ^ _355_/D (sky130_fd_sc_hd__dfrtp_4)
                                  2.95   data arrival time

                         10.00   10.00   clock core_clock (rise edge)
                          0.00   10.00   clock source latency
     1    0.02    0.00    0.00   10.00 ^ clk (in)
                                         clk (net)
                  0.00    0.00   10.00 ^ clkbuf_0_clk/A (sky130_fd_sc_hd__clkbuf_16)
     4    0.05    0.07    0.14   10.14 ^ clkbuf_0_clk/X (sky130_fd_sc_hd__clkbuf_16)
                                         clknet_0_clk (net)
                  0.07    0.00   10.14 ^ clkbuf_2_0__f_clk/A (sky130_fd_sc_hd__clkbuf_16)
     9    0.03    0.05    0.15   10.28 ^ clkbuf_2_0__f_clk/X (sky130_fd_sc_hd__clkbuf_16)
                                         clknet_2_0__leaf_clk (net)
                  0.05    0.00   10.29 ^ _355_/CLK (sky130_fd_sc_hd__dfrtp_4)
                          0.00   10.29   clock reconvergence pessimism
                         -0.07   10.22   library setup time
                                 10.22   data required time
-----------------------------------------------------------------------------
                                 10.22   data required time
                                 -2.95   data arrival time
-----------------------------------------------------------------------------
                                  7.27   slack (MET)


Startpoint: _343_ (rising edge-triggered flip-flop clocked by core_clock)
Endpoint: _357_ (rising edge-triggered flip-flop clocked by core_clock)
Path Group: core_clock
Path Type: max

Fanout     Cap    Slew   Delay    Time   Description
-----------------------------------------------------------------------------
                          0.00    0.00   clock core_clock (rise edge)
                          0.00    0.00   clock source latency
     1    0.02    0.00    0.00    0.00 ^ clk (in)
                                         clk (net)
                  0.00    0.00    0.00 ^ clkbuf_0_clk/A (sky130_fd_sc_hd__clkbuf_16)
     4    0.05    0.07    0.14    0.14 ^ clkbuf_0_clk/X (sky130_fd_sc_hd__clkbuf_16)
                                         clknet_0_clk (net)
                  0.07    0.00    0.14 ^ clkbuf_2_1__f_clk/A (sky130_fd_sc_hd__clkbuf_16)
     9    0.03    0.05    0.15    0.28 ^ clkbuf_2_1__f_clk/X (sky130_fd_sc_hd__clkbuf_16)
                                         clknet_2_1__leaf_clk (net)
                  0.05    0.00    0.28 ^ _343_/CLK (sky130_fd_sc_hd__dfrtp_4)
     4    0.05    0.12    0.55    0.83 v _343_/Q (sky130_fd_sc_hd__dfrtp_4)
                                         one_second_counter[13] (net)
                  0.12    0.00    0.84 v _180_/D (sky130_fd_sc_hd__and4_2)
     2    0.02    0.07    0.31    1.14 v _180_/X (sky130_fd_sc_hd__and4_2)
                                         _078_ (net)
                  0.07    0.00    1.15 v _181_/D (sky130_fd_sc_hd__or4_1)
     1    0.01    0.10    0.43    1.58 v _181_/X (sky130_fd_sc_hd__or4_1)
                                         _079_ (net)
                  0.10    0.00    1.58 v _184_/A3 (sky130_fd_sc_hd__o31a_2)
     1    0.02    0.09    0.36    1.94 v _184_/X (sky130_fd_sc_hd__o31a_2)
                                         _082_ (net)
                  0.09    0.00    1.94 v _186_/A2 (sky130_fd_sc_hd__o211ai_4)
     2    0.02    0.25    0.26    2.20 ^ _186_/Y (sky130_fd_sc_hd__o211ai_4)
                                         _084_ (net)
                  0.25    0.00    2.20 ^ _187_/A2 (sky130_fd_sc_hd__a21bo_4)
     9    0.08    0.26    0.32    2.52 ^ _187_/X (sky130_fd_sc_hd__a21bo_4)
                                         _085_ (net)
                  0.26    0.01    2.53 ^ _188_/A (sky130_fd_sc_hd__inv_2)
     2    0.03    0.11    0.14    2.67 v _188_/Y (sky130_fd_sc_hd__inv_2)
                                         _086_ (net)
                  0.11    0.00    2.67 v _189_/A (sky130_fd_sc_hd__buf_8)
    10    0.10    0.08    0.20    2.86 v _189_/X (sky130_fd_sc_hd__buf_8)
                                         _027_ (net)
                  0.08    0.00    2.87 v _357_/D (sky130_fd_sc_hd__dfrtp_4)
                                  2.87   data arrival time

                         10.00   10.00   clock core_clock (rise edge)
                          0.00   10.00   clock source latency
     1    0.02    0.00    0.00   10.00 ^ clk (in)
                                         clk (net)
                  0.00    0.00   10.00 ^ clkbuf_0_clk/A (sky130_fd_sc_hd__clkbuf_16)
     4    0.05    0.07    0.14   10.14 ^ clkbuf_0_clk/X (sky130_fd_sc_hd__clkbuf_16)
                                         clknet_0_clk (net)
                  0.07    0.00   10.14 ^ clkbuf_2_1__f_clk/A (sky130_fd_sc_hd__clkbuf_16)
     9    0.03    0.05    0.15   10.28 ^ clkbuf_2_1__f_clk/X (sky130_fd_sc_hd__clkbuf_16)
                                         clknet_2_1__leaf_clk (net)
                  0.05    0.00   10.28 ^ _357_/CLK (sky130_fd_sc_hd__dfrtp_4)
                          0.00   10.28   clock reconvergence pessimism
                         -0.13   10.16   library setup time
                                 10.16   data required time
-----------------------------------------------------------------------------
                                 10.16   data required time
                                 -2.87   data arrival time
-----------------------------------------------------------------------------
                                  7.29   slack (MET)


Startpoint: _361_ (rising edge-triggered flip-flop clocked by core_clock)
Endpoint: _360_ (rising edge-triggered flip-flop clocked by core_clock)
Path Group: core_clock
Path Type: max

Fanout     Cap    Slew   Delay    Time   Description
-----------------------------------------------------------------------------
                          0.00    0.00   clock core_clock (rise edge)
                          0.00    0.00   clock source latency
     1    0.02    0.00    0.00    0.00 ^ clk (in)
                                         clk (net)
                  0.00    0.00    0.00 ^ clkbuf_0_clk/A (sky130_fd_sc_hd__clkbuf_16)
     4    0.05    0.07    0.14    0.14 ^ clkbuf_0_clk/X (sky130_fd_sc_hd__clkbuf_16)
                                         clknet_0_clk (net)
                  0.07    0.00    0.14 ^ clkbuf_2_2__f_clk/A (sky130_fd_sc_hd__clkbuf_16)
     7    0.04    0.06    0.15    0.29 ^ clkbuf_2_2__f_clk/X (sky130_fd_sc_hd__clkbuf_16)
                                         clknet_2_2__leaf_clk (net)
                  0.06    0.00    0.29 ^ _361_/CLK (sky130_fd_sc_hd__dfrtp_4)
     6    0.08    0.15    0.58    0.87 v _361_/Q (sky130_fd_sc_hd__dfrtp_4)
                                         decoder.digit[3] (net)
                  0.15    0.01    0.88 v _165_/A (sky130_fd_sc_hd__nor2_2)
     2    0.03    0.33    0.33    1.22 ^ _165_/Y (sky130_fd_sc_hd__nor2_2)
                                         _066_ (net)
                  0.33    0.00    1.22 ^ _166_/B (sky130_fd_sc_hd__nand2_4)
     3    0.04    0.12    0.15    1.37 v _166_/Y (sky130_fd_sc_hd__nand2_4)
                                         _067_ (net)
                  0.12    0.00    1.37 v _167_/B (sky130_fd_sc_hd__nor2_4)
     3    0.04    0.26    0.25    1.62 ^ _167_/Y (sky130_fd_sc_hd__nor2_4)
                                         _068_ (net)
                  0.26    0.00    1.62 ^ _168_/A2_N (sky130_fd_sc_hd__o2bb2a_2)
     1    0.02    0.08    0.30    1.92 v _168_/X (sky130_fd_sc_hd__o2bb2a_2)
                                         _069_ (net)
                  0.08    0.00    1.92 v _169_/B (sky130_fd_sc_hd__and2_1)
     1    0.01    0.06    0.20    2.12 v _169_/X (sky130_fd_sc_hd__and2_1)
                                         _070_ (net)
                  0.06    0.00    2.12 v _170_/A (sky130_fd_sc_hd__clkbuf_2)
     1    0.02    0.09    0.16    2.28 v _170_/X (sky130_fd_sc_hd__clkbuf_2)
                                         _062_ (net)
                  0.09    0.00    2.29 v _360_/D (sky130_fd_sc_hd__dfrtp_4)
                                  2.29   data arrival time

                         10.00   10.00   clock core_clock (rise edge)
                          0.00   10.00   clock source latency
     1    0.02    0.00    0.00   10.00 ^ clk (in)
                                         clk (net)
                  0.00    0.00   10.00 ^ clkbuf_0_clk/A (sky130_fd_sc_hd__clkbuf_16)
     4    0.05    0.07    0.14   10.14 ^ clkbuf_0_clk/X (sky130_fd_sc_hd__clkbuf_16)
                                         clknet_0_clk (net)
                  0.07    0.00   10.14 ^ clkbuf_2_1__f_clk/A (sky130_fd_sc_hd__clkbuf_16)
     9    0.03    0.05    0.15   10.28 ^ clkbuf_2_1__f_clk/X (sky130_fd_sc_hd__clkbuf_16)
                                         clknet_2_1__leaf_clk (net)
                  0.05    0.00   10.28 ^ _360_/CLK (sky130_fd_sc_hd__dfrtp_4)
                          0.00   10.28   clock reconvergence pessimism
                         -0.13   10.15   library setup time
                                 10.15   data required time
-----------------------------------------------------------------------------
                                 10.15   data required time
                                 -2.29   data arrival time
-----------------------------------------------------------------------------
                                  7.87   slack (MET)


Startpoint: _361_ (rising edge-triggered flip-flop clocked by core_clock)
Endpoint: _358_ (rising edge-triggered flip-flop clocked by core_clock)
Path Group: core_clock
Path Type: max

Fanout     Cap    Slew   Delay    Time   Description
-----------------------------------------------------------------------------
                          0.00    0.00   clock core_clock (rise edge)
                          0.00    0.00   clock source latency
     1    0.02    0.00    0.00    0.00 ^ clk (in)
                                         clk (net)
                  0.00    0.00    0.00 ^ clkbuf_0_clk/A (sky130_fd_sc_hd__clkbuf_16)
     4    0.05    0.07    0.14    0.14 ^ clkbuf_0_clk/X (sky130_fd_sc_hd__clkbuf_16)
                                         clknet_0_clk (net)
                  0.07    0.00    0.14 ^ clkbuf_2_2__f_clk/A (sky130_fd_sc_hd__clkbuf_16)
     7    0.04    0.06    0.15    0.29 ^ clkbuf_2_2__f_clk/X (sky130_fd_sc_hd__clkbuf_16)
                                         clknet_2_2__leaf_clk (net)
                  0.06    0.00    0.29 ^ _361_/CLK (sky130_fd_sc_hd__dfrtp_4)
     6    0.08    0.15    0.58    0.87 v _361_/Q (sky130_fd_sc_hd__dfrtp_4)
                                         decoder.digit[3] (net)
                  0.15    0.01    0.88 v _165_/A (sky130_fd_sc_hd__nor2_2)
     2    0.03    0.33    0.33    1.22 ^ _165_/Y (sky130_fd_sc_hd__nor2_2)
                                         _066_ (net)
                  0.33    0.00    1.22 ^ _166_/B (sky130_fd_sc_hd__nand2_4)
     3    0.04    0.12    0.15    1.37 v _166_/Y (sky130_fd_sc_hd__nand2_4)
                                         _067_ (net)
                  0.12    0.00    1.37 v _173_/A2 (sky130_fd_sc_hd__a21oi_1)
     1    0.01    0.25    0.28    1.65 ^ _173_/Y (sky130_fd_sc_hd__a21oi_1)
                                         _072_ (net)
                  0.25    0.00    1.65 ^ _174_/B1 (sky130_fd_sc_hd__a21oi_4)
     1    0.03    0.09    0.10    1.74 v _174_/Y (sky130_fd_sc_hd__a21oi_4)
                                         _060_ (net)
                  0.10    0.00    1.75 v _358_/D (sky130_fd_sc_hd__dfrtp_4)
                                  1.75   data arrival time

                         10.00   10.00   clock core_clock (rise edge)
                          0.00   10.00   clock source latency
     1    0.02    0.00    0.00   10.00 ^ clk (in)
                                         clk (net)
                  0.00    0.00   10.00 ^ clkbuf_0_clk/A (sky130_fd_sc_hd__clkbuf_16)
     4    0.05    0.07    0.14   10.14 ^ clkbuf_0_clk/X (sky130_fd_sc_hd__clkbuf_16)
                                         clknet_0_clk (net)
                  0.07    0.00   10.14 ^ clkbuf_2_0__f_clk/A (sky130_fd_sc_hd__clkbuf_16)
     9    0.03    0.05    0.15   10.28 ^ clkbuf_2_0__f_clk/X (sky130_fd_sc_hd__clkbuf_16)
                                         clknet_2_0__leaf_clk (net)
                  0.05    0.00   10.29 ^ _358_/CLK (sky130_fd_sc_hd__dfrtp_4)
                          0.00   10.29   clock reconvergence pessimism
                         -0.13   10.15   library setup time
                                 10.15   data required time
-----------------------------------------------------------------------------
                                 10.15   data required time
                                 -1.75   data arrival time
-----------------------------------------------------------------------------
                                  8.40   slack (MET)


Startpoint: _358_ (rising edge-triggered flip-flop clocked by core_clock)
Endpoint: _361_ (rising edge-triggered flip-flop clocked by core_clock)
Path Group: core_clock
Path Type: max

Fanout     Cap    Slew   Delay    Time   Description
-----------------------------------------------------------------------------
                          0.00    0.00   clock core_clock (rise edge)
                          0.00    0.00   clock source latency
     1    0.02    0.00    0.00    0.00 ^ clk (in)
                                         clk (net)
                  0.00    0.00    0.00 ^ clkbuf_0_clk/A (sky130_fd_sc_hd__clkbuf_16)
     4    0.05    0.07    0.14    0.14 ^ clkbuf_0_clk/X (sky130_fd_sc_hd__clkbuf_16)
                                         clknet_0_clk (net)
                  0.07    0.00    0.14 ^ clkbuf_2_0__f_clk/A (sky130_fd_sc_hd__clkbuf_16)
     9    0.03    0.05    0.15    0.28 ^ clkbuf_2_0__f_clk/X (sky130_fd_sc_hd__clkbuf_16)
                                         clknet_2_0__leaf_clk (net)
                  0.05    0.00    0.29 ^ _358_/CLK (sky130_fd_sc_hd__dfrtp_4)
     8    0.09    0.27    0.58    0.86 ^ _358_/Q (sky130_fd_sc_hd__dfrtp_4)
                                         decoder.digit[0] (net)
                  0.27    0.01    0.88 ^ _162_/C (sky130_fd_sc_hd__and3_4)
     3    0.03    0.12    0.30    1.17 ^ _162_/X (sky130_fd_sc_hd__and3_4)
                                         _064_ (net)
                  0.12    0.00    1.18 ^ _163_/B (sky130_fd_sc_hd__nand2_4)
     2    0.04    0.13    0.12    1.30 v _163_/Y (sky130_fd_sc_hd__nand2_4)
                                         _065_ (net)
                  0.13    0.01    1.30 v _164_/B (sky130_fd_sc_hd__xnor2_4)
     1    0.03    0.25    0.26    1.56 ^ _164_/Y (sky130_fd_sc_hd__xnor2_4)
                                         _063_ (net)
                  0.25    0.00    1.57 ^ _361_/D (sky130_fd_sc_hd__dfrtp_4)
                                  1.57   data arrival time

                         10.00   10.00   clock core_clock (rise edge)
                          0.00   10.00   clock source latency
     1    0.02    0.00    0.00   10.00 ^ clk (in)
                                         clk (net)
                  0.00    0.00   10.00 ^ clkbuf_0_clk/A (sky130_fd_sc_hd__clkbuf_16)
     4    0.05    0.07    0.14   10.14 ^ clkbuf_0_clk/X (sky130_fd_sc_hd__clkbuf_16)
                                         clknet_0_clk (net)
                  0.07    0.00   10.14 ^ clkbuf_2_2__f_clk/A (sky130_fd_sc_hd__clkbuf_16)
     7    0.04    0.06    0.15   10.29 ^ clkbuf_2_2__f_clk/X (sky130_fd_sc_hd__clkbuf_16)
                                         clknet_2_2__leaf_clk (net)
                  0.06    0.00   10.29 ^ _361_/CLK (sky130_fd_sc_hd__dfrtp_4)
                          0.00   10.29   clock reconvergence pessimism
                         -0.11   10.18   library setup time
                                 10.18   data required time
-----------------------------------------------------------------------------
                                 10.18   data required time
                                 -1.57   data arrival time
-----------------------------------------------------------------------------
                                  8.61   slack (MET)


Startpoint: _358_ (rising edge-triggered flip-flop clocked by core_clock)
Endpoint: _359_ (rising edge-triggered flip-flop clocked by core_clock)
Path Group: core_clock
Path Type: max

Fanout     Cap    Slew   Delay    Time   Description
-----------------------------------------------------------------------------
                          0.00    0.00   clock core_clock (rise edge)
                          0.00    0.00   clock source latency
     1    0.02    0.00    0.00    0.00 ^ clk (in)
                                         clk (net)
                  0.00    0.00    0.00 ^ clkbuf_0_clk/A (sky130_fd_sc_hd__clkbuf_16)
     4    0.05    0.07    0.14    0.14 ^ clkbuf_0_clk/X (sky130_fd_sc_hd__clkbuf_16)
                                         clknet_0_clk (net)
                  0.07    0.00    0.14 ^ clkbuf_2_0__f_clk/A (sky130_fd_sc_hd__clkbuf_16)
     9    0.03    0.05    0.15    0.28 ^ clkbuf_2_0__f_clk/X (sky130_fd_sc_hd__clkbuf_16)
                                         clknet_2_0__leaf_clk (net)
                  0.05    0.00    0.29 ^ _358_/CLK (sky130_fd_sc_hd__dfrtp_4)
     8    0.09    0.16    0.59    0.88 v _358_/Q (sky130_fd_sc_hd__dfrtp_4)
                                         decoder.digit[0] (net)
                  0.16    0.01    0.89 v _162_/C (sky130_fd_sc_hd__and3_4)
     3    0.03    0.07    0.27    1.16 v _162_/X (sky130_fd_sc_hd__and3_4)
                                         _064_ (net)
                  0.07    0.00    1.16 v _172_/A (sky130_fd_sc_hd__nor2_2)
     1    0.02    0.22    0.22    1.38 ^ _172_/Y (sky130_fd_sc_hd__nor2_2)
                                         _061_ (net)
                  0.22    0.00    1.39 ^ _359_/D (sky130_fd_sc_hd__dfrtp_4)
                                  1.39   data arrival time

                         10.00   10.00   clock core_clock (rise edge)
                          0.00   10.00   clock source latency
     1    0.02    0.00    0.00   10.00 ^ clk (in)
                                         clk (net)
                  0.00    0.00   10.00 ^ clkbuf_0_clk/A (sky130_fd_sc_hd__clkbuf_16)
     4    0.05    0.07    0.14   10.14 ^ clkbuf_0_clk/X (sky130_fd_sc_hd__clkbuf_16)
                                         clknet_0_clk (net)
                  0.07    0.00   10.14 ^ clkbuf_2_2__f_clk/A (sky130_fd_sc_hd__clkbuf_16)
     7    0.04    0.06    0.15   10.29 ^ clkbuf_2_2__f_clk/X (sky130_fd_sc_hd__clkbuf_16)
                                         clknet_2_2__leaf_clk (net)
                  0.06    0.00   10.29 ^ _359_/CLK (sky130_fd_sc_hd__dfrtp_4)
                          0.00   10.29   clock reconvergence pessimism
                         -0.10   10.18   library setup time
                                 10.18   data required time
-----------------------------------------------------------------------------
                                 10.18   data required time
                                 -1.39   data arrival time
-----------------------------------------------------------------------------
                                  8.80   slack (MET)



worst slack corner Typical: 6.8620
max_report_end
checks_report

===========================================================================
report_checks -unconstrained
===========================================================================
======================= Typical Corner ===================================

Startpoint: _343_ (rising edge-triggered flip-flop clocked by core_clock)
Endpoint: _346_ (rising edge-triggered flip-flop clocked by core_clock)
Path Group: core_clock
Path Type: max

Fanout     Cap    Slew   Delay    Time   Description
-----------------------------------------------------------------------------
                          0.00    0.00   clock core_clock (rise edge)
                          0.00    0.00   clock source latency
     1    0.02    0.00    0.00    0.00 ^ clk (in)
                                         clk (net)
                  0.00    0.00    0.00 ^ clkbuf_0_clk/A (sky130_fd_sc_hd__clkbuf_16)
     4    0.05    0.07    0.14    0.14 ^ clkbuf_0_clk/X (sky130_fd_sc_hd__clkbuf_16)
                                         clknet_0_clk (net)
                  0.07    0.00    0.14 ^ clkbuf_2_1__f_clk/A (sky130_fd_sc_hd__clkbuf_16)
     9    0.03    0.05    0.15    0.28 ^ clkbuf_2_1__f_clk/X (sky130_fd_sc_hd__clkbuf_16)
                                         clknet_2_1__leaf_clk (net)
                  0.05    0.00    0.28 ^ _343_/CLK (sky130_fd_sc_hd__dfrtp_4)
     4    0.05    0.12    0.55    0.83 v _343_/Q (sky130_fd_sc_hd__dfrtp_4)
                                         one_second_counter[13] (net)
                  0.12    0.00    0.84 v _180_/D (sky130_fd_sc_hd__and4_2)
     2    0.02    0.07    0.31    1.14 v _180_/X (sky130_fd_sc_hd__and4_2)
                                         _078_ (net)
                  0.07    0.00    1.15 v _181_/D (sky130_fd_sc_hd__or4_1)
     1    0.01    0.10    0.43    1.58 v _181_/X (sky130_fd_sc_hd__or4_1)
                                         _079_ (net)
                  0.10    0.00    1.58 v _184_/A3 (sky130_fd_sc_hd__o31a_2)
     1    0.02    0.09    0.36    1.94 v _184_/X (sky130_fd_sc_hd__o31a_2)
                                         _082_ (net)
                  0.09    0.00    1.94 v _186_/A2 (sky130_fd_sc_hd__o211ai_4)
     2    0.02    0.25    0.26    2.20 ^ _186_/Y (sky130_fd_sc_hd__o211ai_4)
                                         _084_ (net)
                  0.25    0.00    2.20 ^ _187_/A2 (sky130_fd_sc_hd__a21bo_4)
     9    0.08    0.26    0.32    2.52 ^ _187_/X (sky130_fd_sc_hd__a21bo_4)
                                         _085_ (net)
                  0.26    0.01    2.53 ^ _202_/A (sky130_fd_sc_hd__clkbuf_8)
    10    0.08    0.14    0.27    2.80 ^ _202_/X (sky130_fd_sc_hd__clkbuf_8)
                                         _095_ (net)
                  0.14    0.00    2.80 ^ _249_/A (sky130_fd_sc_hd__and3_2)
     1    0.03    0.16    0.29    3.09 ^ _249_/X (sky130_fd_sc_hd__and3_2)
                                         _130_ (net)
                  0.16    0.00    3.09 ^ _250_/A (sky130_fd_sc_hd__buf_2)
     1    0.03    0.17    0.23    3.33 ^ _250_/X (sky130_fd_sc_hd__buf_2)
                                         _007_ (net)
                  0.17    0.01    3.33 ^ _346_/D (sky130_fd_sc_hd__dfrtp_4)
                                  3.33   data arrival time

                         10.00   10.00   clock core_clock (rise edge)
                          0.00   10.00   clock source latency
     1    0.02    0.00    0.00   10.00 ^ clk (in)
                                         clk (net)
                  0.00    0.00   10.00 ^ clkbuf_0_clk/A (sky130_fd_sc_hd__clkbuf_16)
     4    0.05    0.07    0.14   10.14 ^ clkbuf_0_clk/X (sky130_fd_sc_hd__clkbuf_16)
                                         clknet_0_clk (net)
                  0.07    0.00   10.14 ^ clkbuf_2_1__f_clk/A (sky130_fd_sc_hd__clkbuf_16)
     9    0.03    0.05    0.15   10.28 ^ clkbuf_2_1__f_clk/X (sky130_fd_sc_hd__clkbuf_16)
                                         clknet_2_1__leaf_clk (net)
                  0.05    0.00   10.28 ^ _346_/CLK (sky130_fd_sc_hd__dfrtp_4)
                          0.00   10.28   clock reconvergence pessimism
                         -0.09   10.19   library setup time
                                 10.19   data required time
-----------------------------------------------------------------------------
                                 10.19   data required time
                                 -3.33   data arrival time
-----------------------------------------------------------------------------
                                  6.86   slack (MET)




===========================================================================
report_checks --slack_max -0.01
============================================================================
======================= Typical Corner ===================================

No paths found.


===========================================================================
 report_check_types -max_slew -max_cap -max_fanout -violators
============================================================================
======================= Typical Corner ===================================


max slew violations count Typical: 0
max fanout violations count Typical: 0
max cap violations count Typical: 0

===========================================================================
report_parasitic_annotation -report_unannotated
============================================================================
Found 11 unannotated drivers.
 ZeroToFiveCounter_10/LO
 ZeroToFiveCounter_11/LO
 ZeroToFiveCounter_12/LO
 ZeroToFiveCounter_13/LO
 ZeroToFiveCounter_14/LO
 ZeroToFiveCounter_15/LO
 ZeroToFiveCounter_16/LO
 ZeroToFiveCounter_9/HI
 clkload0/X
 clkload1/Y
 clkload2/X
Found 0 partially unannotated drivers.

===========================================================================
max slew violation count 0
max fanout violation count 0
max cap violation count 0
============================================================================

===========================================================================
check_setup -verbose -unconstrained_endpoints -multiple_clock -no_clock -no_input_delay -loops -generated_clocks
===========================================================================
Warning: There is 1 input port missing set_input_delay.
  rst
Warning: There are 15 unconstrained endpoints.
  an[0]
  an[1]
  an[2]
  an[3]
  an[4]
  an[5]
  an[6]
  an[7]
  seg[0]
  seg[1]
  seg[2]
  seg[3]
  seg[4]
  seg[5]
  seg[6]
checks_report_end
power_report

===========================================================================
 report_power
============================================================================
======================= Typical Corner ===================================

Group                  Internal  Switching    Leakage      Total
                          Power      Power      Power      Power (Watts)
----------------------------------------------------------------
Sequential             1.29e-04   0.00e+00   3.75e-10   1.29e-04  44.3%
Combinational          3.22e-14   1.49e-13   8.09e-10   8.09e-10   0.0%
Clock                  9.77e-05   6.48e-05   8.78e-10   1.62e-04  55.7%
Macro                  0.00e+00   0.00e+00   0.00e+00   0.00e+00   0.0%
Pad                    0.00e+00   0.00e+00   0.00e+00   0.00e+00   0.0%
----------------------------------------------------------------
Total                  2.27e-04   6.48e-05   2.06e-09   2.92e-04 100.0%
                          77.8%      22.2%       0.0%

power_report_end
skew_report

===========================================================================
report_clock_skew
============================================================================
Clock core_clock
   0.28 source latency _342_/CLK ^
  -0.29 target latency _344_/CLK ^
   0.00 CRPR
--------------
  -0.01 setup skew

skew_report_end
summary_report

===========================================================================
report_tns
============================================================================
tns 0.00

===========================================================================
report_wns
============================================================================
wns 0.00

===========================================================================
report_worst_slack -max (Setup)
============================================================================
worst slack 6.86

===========================================================================
report_worst_slack -min (Hold)
============================================================================
worst slack 0.66
summary_report_end
area_report

===========================================================================
report_design_area
============================================================================
Design area 3652 u^2 5% utilization.
area_report_end
check_nonpropagated_clocks
check_nonpropagated_clocks_end
[WARNING] Did not save OpenROAD database!
Writing SDF to '/openlane/designs/ZeroToFiveCounter/runs/RUN_2025.05.23_20.44.41/results/signoff/ZeroToFiveCounter.sdf'…
Writing timing model to '/openlane/designs/ZeroToFiveCounter/runs/RUN_2025.05.23_20.44.41/results/signoff/ZeroToFiveCounter.lib'…
